ISO-10303-21;
HEADER;
FILE_DESCRIPTION(('ViewDefinition [CoordinationView_V2.0, SurfaceGeometryAddOnView]','Option [Elements to export: Visible elements (on all stories)]','Option [Partial Structure Display: Entire Model]','Option [IFC Domain: All]','Option [Structural Function: All Elements]','Option [Convert Grid elements: On]','Option [Convert IFC Annotations and Archicad 2D elements: Off]','Option [Convert 2D symbols of Doors and Windows: Off]','Option [Export geometries that Participates in Collision Detection only: On]','Option [Split complex elements: Off]','Option [Material Preservation: Explode all]','Option [IFC Model position: Survey Point and Project Origin]','Option [Curtain Wall export mode: Single Element]','Option [Railing export mode: Single Element]','Option [Stair export mode: Single Element]','Option [Properties To Export: All properties]','Option [Space containment: Off]','Option [Geometry to type objects: Off]','Option [Element Properties: Off]','Option [Building Material Properties: Off]','Option [Element Parameters: Off]','Option [Component Parameters: Off]','Option [IFC Base Quantities: Off]','Option [Door Window Parameters: On]','Option [IFC Space boundaries: Off]','Option [Archicad Zone Categories as IFC Space classification data: Off]','Option [Element Classifications: On]'),'2;1');
FILE_NAME('/Users/chevi/Documents/CLASES/UPeU/CLASE 03/ACTIVIDAD/ARC.ifc','2026-06-23T22:23:20',('Architect'),('Building Designer Office'),'DDS_IFC v3.0','Graphisoft - Archicad - 29.0.0','The authorising person');
FILE_SCHEMA(('IFC2X3'));
ENDSEC;
DATA;
#4=IFCUNITASSIGNMENT((#10,#11,#12,#13,#14,#15,#16,#17,#18,#19,#20,#21,#22,#23));
#3=IFCGEOMETRICREPRESENTATIONCONTEXT($,'Model',3,0.01,#6,#7);
#1=IFCPROJECT('344O7vICcwH8qAEnwJDjSU',#2,'Proyecto',$,$,$,$,(#3),#4);
#5=IFCRELAGGREGATES('0Du7$nzQXCktKlPUTLFSAT',#2,$,$,#1,(#24));
#6=IFCAXIS2PLACEMENT3D(#25,#26,#27);
#7=IFCDIRECTION((0.,1.));
#2=IFCOWNERHISTORY(#28,#29,$,.NOCHANGE.,$,$,$,1782282200);
#9=IFCGEOMETRICREPRESENTATIONSUBCONTEXT('Axis','Model',*,*,*,*,#3,$,.MODEL_VIEW.,$);
#10=IFCSIUNIT(*,.LENGTHUNIT.,.MILLI.,.METRE.);
#11=IFCSIUNIT(*,.AREAUNIT.,$,.SQUARE_METRE.);
#12=IFCSIUNIT(*,.VOLUMEUNIT.,$,.CUBIC_METRE.);
#16=IFCCONVERSIONBASEDUNIT(#54,.TIMEUNIT.,'Year',#62);
#8=IFCGEOMETRICREPRESENTATIONSUBCONTEXT('Body','Model',*,*,*,*,#3,$,.MODEL_VIEW.,$);
#14=IFCCONVERSIONBASEDUNIT(#36,.SOLIDANGLEUNIT.,'SQUAREDEGREE',#51);
#15=IFCMONETARYUNIT(.USD.);
#13=IFCCONVERSIONBASEDUNIT(#34,.PLANEANGLEUNIT.,'DEGREE',#38);
#19=IFCSIUNIT(*,.LUMINOUSINTENSITYUNIT.,$,.LUMEN.);
#20=IFCSIUNIT(*,.ENERGYUNIT.,.MEGA.,.JOULE.);
#17=IFCSIUNIT(*,.MASSUNIT.,.KILO.,.GRAM.);
#18=IFCSIUNIT(*,.THERMODYNAMICTEMPERATUREUNIT.,$,.DEGREE_CELSIUS.);
#27=IFCDIRECTION((1.,0.,0.));
#28=IFCPERSONANDORGANIZATION(#72,#75,$);
#26=IFCDIRECTION((0.,0.,1.));
#25=IFCCARTESIANPOINT((0.,0.,0.));
#22=IFCDERIVEDUNIT((#68,#69,#70),.SPECIFICHEATCAPACITYUNIT.,$);
#21=IFCDERIVEDUNIT((#63,#66,#67),.THERMALCONDUCTANCEUNIT.,$);
#23=IFCDERIVEDUNIT((#64,#65),.MASSDENSITYUNIT.,$);
#32=IFCSHAPEREPRESENTATION(#9,'Axis','Curve2D',(#81));
#24=IFCSITE('20FpTZCqJy2vhVJYtjuIce',#2,'Sitio',$,$,#71,$,$,.ELEMENT.,(40,24,59,760000),(-3,-42,-59,-760000),0.,$,$);
#31=IFCSHAPEREPRESENTATION(#9,'Axis','Curve2D',(#79));
#30=IFCSHAPEREPRESENTATION(#9,'Axis','Curve2D',(#76));
#29=IFCAPPLICATION(#74,'29.0.0','Archicad 29.0.0 (3000) SPA FULL','Archicad');
#34=IFCDIMENSIONALEXPONENTS(0,0,0,0,0,0,0);
#35=IFCSHAPEREPRESENTATION(#8,'Body','Brep',(#85));
#42=IFCSHAPEREPRESENTATION(#8,'Body','Brep',(#95));
#41=IFCSTYLEDREPRESENTATION(#8,$,$,(#93));
#38=IFCMEASUREWITHUNIT(IFCPLANEANGLEMEASURE(0.0174532925199433),#92);
#36=IFCDIMENSIONALEXPONENTS(0,0,0,0,0,0,0);
#39=IFCSTYLEDREPRESENTATION(#8,$,$,(#89));
#33=IFCSHAPEREPRESENTATION(#9,'Axis','Curve2D',(#83));
#46=IFCSHAPEREPRESENTATION(#8,'Body','Brep',(#104));
#45=IFCSTYLEDREPRESENTATION(#8,$,$,(#102));
#44=IFCSHAPEREPRESENTATION(#8,'Body','Brep',(#100));
#43=IFCSHAPEREPRESENTATION(#8,'Body','Brep',(#98));
#37=IFCSHAPEREPRESENTATION(#8,'Body','Brep',(#85));
#40=IFCSHAPEREPRESENTATION(#8,'Body','Brep',(#91));
#47=IFCSHAPEREPRESENTATION(#8,'Body','Brep',(#106));
#49=IFCSHAPEREPRESENTATION(#8,'Body','Brep',(#108));
#51=IFCMEASUREWITHUNIT(IFCPOSITIVELENGTHMEASURE(0.0003046174197867086),#113);
#50=IFCSHAPEREPRESENTATION(#8,'Body','Brep',(#111));
#48=IFCSHAPEREPRESENTATION(#8,'Body','Brep',(#110));
#52=IFCSHAPEREPRESENTATION(#8,'Body','Brep',(#127));
#53=IFCSHAPEREPRESENTATION(#8,'Body','SurfaceModel',(#114,#115,#116,#117,#118,#119,#120,#121,#122,#123,#124,#125));
#54=IFCDIMENSIONALEXPONENTS(0,0,1,0,0,0,0);
#55=IFCSHAPEREPRESENTATION(#8,'Body','SurfaceModel',(#114,#115,#116,#117,#118,#119,#120,#121,#122,#123,#124,#125));
#56=IFCSHAPEREPRESENTATION(#8,'Body','SurfaceModel',(#131,#132));
#58=IFCSHAPEREPRESENTATION(#8,'Body','SurfaceModel',(#134,#135));
#59=IFCSHAPEREPRESENTATION(#8,'Body','SurfaceModel',(#134,#135));
#60=IFCSHAPEREPRESENTATION(#8,'Body','SurfaceModel',(#140,#141));
#65=IFCDERIVEDUNITELEMENT(#149,-1);
#66=IFCDERIVEDUNITELEMENT(#148,-1);
#64=IFCDERIVEDUNITELEMENT(#147,1);
#62=IFCMEASUREWITHUNIT(IFCTIMEMEASURE(31557600.),#146);
#63=IFCDERIVEDUNITELEMENT(#145,1);
#57=IFCSHAPEREPRESENTATION(#8,'Body','SurfaceModel',(#131,#132));
#61=IFCSHAPEREPRESENTATION(#8,'Body','SurfaceModel',(#140,#141));
#67=IFCDERIVEDUNITELEMENT(#150,-1);
#68=IFCDERIVEDUNITELEMENT(#151,1);
#70=IFCDERIVEDUNITELEMENT(#153,-1);
#69=IFCDERIVEDUNITELEMENT(#152,-1);
#71=IFCLOCALPLACEMENT($,#155);
#74=IFCORGANIZATION('GS','Graphisoft',$,$,$);
#73=IFCRELAGGREGATES('2b_h_mYcGArd6glJG2Fmbt',#2,$,$,#24,(#154));
#77=IFCPRESENTATIONLAYERASSIGNMENT('Estructura - Carga',$,(#40,#42,#30,#43,#44,#31,#46,#47,#32,#48,#49,#33,#50,#52),$);
#76=IFCPOLYLINE((#157,#158));
#75=IFCORGANIZATION($,'Indefinido',$,$,$);
#92=IFCSIUNIT(*,.PLANEANGLEUNIT.,$,.RADIAN.);
#89=IFCSTYLEDITEM($,(#174),$);
#90=IFCMATERIALDEFINITIONREPRESENTATION($,$,(#39),#172);
#94=IFCMATERIALDEFINITIONREPRESENTATION($,$,(#41),#177);
#91=IFCFACETEDBREP(#173);
#88=IFCSHAPEASPECT((#37),'GEN\X\C9RICO - ESTRUCTURAL','',.U.,#87);
#86=IFCPRESENTATIONLAYERASSIGNMENT('Capa Archicad',$,(#35),$);
#87=IFCPRODUCTDEFINITIONSHAPE($,$,(#35));
#84=IFCPRODUCTDEFINITIONSHAPE($,$,(#33));
#83=IFCPOLYLINE((#166,#169));
#85=IFCFACETEDBREP(#167);
#72=IFCPERSON($,'Indefinido',$,$,$,$,$,$);
#82=IFCPRODUCTDEFINITIONSHAPE($,$,(#32));
#81=IFCPOLYLINE((#163,#164));
#80=IFCPRODUCTDEFINITIONSHAPE($,$,(#31));
#79=IFCPOLYLINE((#160,#161));
#78=IFCPRODUCTDEFINITIONSHAPE($,$,(#30));
#95=IFCFACETEDBREP(#178);
#96=IFCPRODUCTDEFINITIONSHAPE($,$,(#42));
#93=IFCSTYLEDITEM($,(#176),$);
#98=IFCFACETEDBREP(#181);
#107=IFCPRODUCTDEFINITIONSHAPE($,$,(#47));
#97=IFCPRODUCTDEFINITIONSHAPE($,$,(#40));
#105=IFCPRODUCTDEFINITIONSHAPE($,$,(#46));
#104=IFCFACETEDBREP(#189);
#103=IFCMATERIALDEFINITIONREPRESENTATION($,$,(#45),#188);
#102=IFCSTYLEDITEM($,(#187),$);
#101=IFCPRODUCTDEFINITIONSHAPE($,$,(#44));
#100=IFCFACETEDBREP(#184);
#99=IFCPRODUCTDEFINITIONSHAPE($,$,(#43));
#119=IFCSHELLBASEDSURFACEMODEL((#210));
#124=IFCFACETEDBREP(#222);
#116=IFCFACETEDBREP(#226);
#123=IFCFACETEDBREP(#220);
#122=IFCFACETEDBREP(#218);
#121=IFCFACETEDBREP(#216);
#117=IFCSHELLBASEDSURFACEMODEL((#214));
#118=IFCSHELLBASEDSURFACEMODEL((#208));
#109=IFCPRODUCTDEFINITIONSHAPE($,$,(#49));
#113=IFCSIUNIT(*,.SOLIDANGLEUNIT.,$,.STERADIAN.);
#115=IFCSHELLBASEDSURFACEMODEL((#206));
#114=IFCSHELLBASEDSURFACEMODEL((#204));
#112=IFCPRODUCTDEFINITIONSHAPE($,$,(#50));
#111=IFCFACETEDBREP(#201);
#110=IFCFACETEDBREP(#199);
#106=IFCFACETEDBREP(#197);
#108=IFCFACETEDBREP(#194);
#127=IFCFACETEDBREP(#228);
#125=IFCFACETEDBREP(#224);
#132=IFCSHELLBASEDSURFACEMODEL((#235));
#131=IFCSHELLBASEDSURFACEMODEL((#233));
#130=IFCPRODUCTDEFINITIONSHAPE($,$,(#53));
#129=IFCPRODUCTDEFINITIONSHAPE($,$,(#52));
#126=IFCPRESENTATIONLAYERASSIGNMENT('Interior - Mobiliario',$,(#53),$);
#128=IFCPRODUCTDEFINITIONSHAPE($,$,(#48));
#134=IFCSHELLBASEDSURFACEMODEL((#237));
#133=IFCSHAPEASPECT((#55),'Component','',.U.,#130);
#120=IFCSHELLBASEDSURFACEMODEL((#212));
#135=IFCSHELLBASEDSURFACEMODEL((#239));
#137=IFCPRODUCTDEFINITIONSHAPE($,$,(#58));
#140=IFCSHELLBASEDSURFACEMODEL((#243));
#139=IFCSHAPEASPECT((#59),'Component','',.U.,#137);
#141=IFCSHELLBASEDSURFACEMODEL((#245));
#142=IFCPRODUCTDEFINITIONSHAPE($,$,(#60));
#143=IFCSHAPEASPECT((#61),'Component','',.U.,#142);
#144=IFCSHAPEASPECT((#57),'Component','',.U.,#138);
#138=IFCPRODUCTDEFINITIONSHAPE($,$,(#56));
#152=IFCSIUNIT(*,.MASSUNIT.,.KILO.,.GRAM.);
#150=IFCSIUNIT(*,.THERMODYNAMICTEMPERATUREUNIT.,$,.KELVIN.);
#151=IFCSIUNIT(*,.ENERGYUNIT.,$,.JOULE.);
#149=IFCSIUNIT(*,.VOLUMEUNIT.,$,.CUBIC_METRE.);
#147=IFCSIUNIT(*,.MASSUNIT.,.KILO.,.GRAM.);
#148=IFCSIUNIT(*,.LENGTHUNIT.,$,.METRE.);
#146=IFCSIUNIT(*,.TIMEUNIT.,$,.SECOND.);
#136=IFCPRESENTATIONLAYERASSIGNMENT('MEP - HVAC',$,(#56,#58,#60),$);
#145=IFCSIUNIT(*,.POWERUNIT.,$,.WATT.);
#157=IFCCARTESIANPOINT((0.,0.));
#154=IFCBUILDING('00tMo7QcxqWdIGvc4sMN2A',#2,'Construcci\X\F3n',$,$,#156,$,$,.ELEMENT.,$,$,$);
#155=IFCAXIS2PLACEMENT3D(#248,#249,#250);
#153=IFCSIUNIT(*,.THERMODYNAMICTEMPERATUREUNIT.,$,.KELVIN.);
#156=IFCLOCALPLACEMENT(#71,#252);
#160=IFCCARTESIANPOINT((0.,0.));
#159=IFCWALL('1o$svzAQSyIPCrtTsqMNli',#2,'MS-001',$,$,#254,#78,'72FF6E7D-29A7-3C49-9335-DDDDB4597BEC');
#161=IFCCARTESIANPOINT((5000.,0.));
#166=IFCCARTESIANPOINT((0.,0.));
#158=IFCCARTESIANPOINT((5000.,0.));
#164=IFCCARTESIANPOINT((5000.,0.));
#162=IFCWALL('3m90dfGcKIHRrq3CIm4hY5',#2,'MS-002',$,$,#263,#80,'F02409E9-4265-1245-BD74-0CC4B012B885');
#163=IFCCARTESIANPOINT((0.,0.));
#169=IFCCARTESIANPOINT((5000.,0.));
#168=IFCSTYLEDITEM(#85,(#174),$);
#165=IFCWALL('3P7ANDAANKJegBNXMkgr0l',#2,'MS-003',$,$,#268,#82,'D91CA5CD-28A5-D44E-8A8B-5E15AEAB502F');
#167=IFCCLOSEDSHELL((#272,#273,#274,#275,#276,#277));
#171=IFCCOLUMN('02_8P_MYgYIRZ_cWKril6v',#2,'Pilar-001',$,'COLUMN',#280,#87,'02F8867E-5A2A-A249-B8FE-9A0535B2F1B9');
#172=IFCMATERIAL('GEN\X\C9RICO - ESTRUCTURAL');
#170=IFCWALL('1__lczms9SHemPtQWEMEYQ',#2,'MS-004',$,$,#279,#84,'7EFAF9BD-C362-5C46-8C19-DDA80E58E89A');
#173=IFCCLOSEDSHELL((#287,#288,#289,#290,#291,#292));
#174=IFCPRESENTATIONSTYLEASSIGNMENT((#297));
#176=IFCPRESENTATIONSTYLEASSIGNMENT((#296));
#175=IFCSTYLEDITEM(#91,(#176),$);
#177=IFCMATERIAL('GEN\X\C9RICO - REVESTIMIENTO INTERIOR');
#178=IFCCLOSEDSHELL((#298,#299,#300,#301,#302,#303));
#179=IFCSTYLEDITEM(#95,(#174),$);
#182=IFCSTYLEDITEM(#98,(#174),$);
#181=IFCCLOSEDSHELL((#306,#307,#308,#309,#310,#311));
#180=IFCBUILDINGELEMENTPART('3qVXAM2gyEPfoYyibzkuyB',#2,'GEN\X\C9RICO - ESTRUCTURAL',$,$,#304,#96,$);
#185=IFCSTYLEDITEM(#100,(#187),$);
#183=IFCBUILDINGELEMENTPART('3PxGnQqeSvkKKWBLGmeWmx',#2,'GEN\X\C9RICO - ESTRUCTURAL',$,$,#313,#99,$);
#184=IFCCLOSEDSHELL((#312,#314,#315,#316,#317,#318));
#187=IFCPRESENTATIONSTYLEASSIGNMENT((#319));
#186=IFCBUILDINGELEMENTPART('142msviWrp4NUFeGMRx8nD',#2,'GEN\X\C9RICO - REVESTIMIENTO EXTERIOR',$,$,#320,#101,$);
#190=IFCSTYLEDITEM(#104,(#174),$);
#188=IFCMATERIAL('GEN\X\C9RICO - REVESTIMIENTO EXTERIOR');
#189=IFCCLOSEDSHELL((#321,#322,#323,#324,#325,#326));
#192=IFCBUILDINGELEMENTPART('0RLb57ldMYB19fmQi9prla',#2,'GEN\X\C9RICO - REVESTIMIENTO EXTERIOR',$,$,#328,#107,$);
#193=IFCBUILDINGELEMENTPART('1EI8twVeZwP9kqGsbehPF3',#2,'GEN\X\C9RICO - REVESTIMIENTO INTERIOR',$,$,#329,#97,$);
#191=IFCBUILDINGELEMENTPART('357ugYJHqhIQoNUQIPyhAK',#2,'GEN\X\C9RICO - ESTRUCTURAL',$,$,#331,#105,$);
#195=IFCSTYLEDITEM(#108,(#187),$);
#198=IFCSTYLEDITEM(#106,(#187),$);
#196=IFCBUILDINGELEMENTPART('2C3rxLWxlPCkJOgds2E5TQ',#2,'GEN\X\C9RICO - REVESTIMIENTO EXTERIOR',$,$,#333,#109,$);
#194=IFCCLOSEDSHELL((#332,#344,#345,#346,#347,#348));
#202=IFCSTYLEDITEM(#111,(#174),$);
#199=IFCCLOSEDSHELL((#338,#339,#340,#341,#342,#343));
#201=IFCCLOSEDSHELL((#349,#350,#351,#352,#353,#354));
#200=IFCSTYLEDITEM(#110,(#174),$);
#197=IFCCLOSEDSHELL((#334,#335,#336,#337,#355,#357));
#205=IFCSTYLEDITEM(#114,(#358),$);
#203=IFCBUILDINGELEMENTPART('1$WFy0VHJpjpUy8U0b$HPI',#2,'GEN\X\C9RICO - ESTRUCTURAL',$,$,#356,#112,$);
#207=IFCSTYLEDITEM(#115,(#358),$);
#206=IFCOPENSHELL((#359,#360,#361,#362,#363,#364,#366,#367,#368,#369,#370,#372,#373,#374,#375,#376,#377,#378,#379,#380,#388,#389,#390,#391));
#209=IFCSTYLEDITEM(#118,(#392),$);
#204=IFCOPENSHELL((#365,#371,#414,#415,#417,#418,#419,#420,#421,#422,#423,#424,#425,#426,#427,#428,#429,#430,#431,#432,#433,#434,#435,#436));
#211=IFCSTYLEDITEM(#119,(#392),$);
#210=IFCOPENSHELL((#393,#394,#395,#396,#397,#398,#399,#400,#401,#402,#403,#404,#405,#406,#407,#408,#409,#410,#413,#416,#451,#452,#453,#454,#455,#456,#457,#458,#459,#460,#461,#462,#463,#464,#465,#475,#476,#477,#478,#479,#480,#481,#482,#483,#484,#485,#486,#487,#488,#489,#490,#491,#492,#493,#526,#527,#528,#529,#530,#531,#532,#533,#534,#535,#536));
#213=IFCSTYLEDITEM(#120,(#392),$);
#215=IFCSTYLEDITEM(#117,(#392),$);
#214=IFCOPENSHELL((#537,#538,#539,#540,#541,#542,#543,#544,#545,#546,#547,#548,#549,#550,#551,#555,#556,#557,#558,#559,#560,#561,#562,#568,#571,#572,#573,#595,#602,#603,#604,#605,#606));
#208=IFCOPENSHELL((#381,#382,#383,#384,#385,#386,#387,#411,#412,#437,#438,#439,#440,#441,#442,#443,#444,#445,#446,#448,#449,#466,#467,#468,#469,#470,#471,#472,#473,#474,#495,#496,#497,#498,#563,#564,#565,#566,#567,#576,#577,#578,#579,#580,#581,#582,#583,#584,#585,#586,#587,#588,#589,#590,#591,#592,#593,#594,#596,#597,#598,#599,#600,#601));
#217=IFCSTYLEDITEM(#121,(#392),$);
#221=IFCSTYLEDITEM(#123,(#721),$);
#219=IFCSTYLEDITEM(#122,(#721),$);
#212=IFCOPENSHELL((#447,#450,#494,#499,#500,#501,#502,#503,#504,#505,#506,#507,#508,#509,#510,#511,#512,#513,#514,#515,#516,#517,#518,#519,#520,#521,#522,#523,#524,#525,#552,#553,#554,#569,#570,#574,#575,#633,#641,#651,#652,#653,#654,#655,#656,#657,#658,#659,#660,#664,#666,#688,#689,#692,#710,#711,#712,#713,#714,#715,#716,#717,#718,#719,#720));
#218=IFCCLOSEDSHELL((#617,#618,#619,#620,#621,#622,#623,#624,#625,#626,#627,#628,#629,#630,#631,#632,#634,#635,#636,#637,#638,#639,#640,#642,#643,#644,#645,#646,#647,#648,#649,#650,#662,#663,#665,#667,#670,#671,#672,#673,#674,#675,#676,#677,#678,#679,#680,#681,#682,#683,#684,#685,#686,#687,#693,#694,#695,#696,#697,#698,#699,#700,#701,#702,#703,#704,#705,#706,#707,#708,#709));
#222=IFCCLOSEDSHELL((#729,#730,#731,#732,#733,#734,#735,#767,#769,#770,#771,#772,#773,#774,#775,#776,#777,#778,#779,#780,#781,#792,#793,#794,#795,#796,#797,#808,#809,#810,#811,#812,#813,#814,#815,#816,#817,#823,#826,#827,#828,#829,#830,#831,#832,#833,#834,#835,#836,#837,#838));
#220=IFCCLOSEDSHELL((#726,#727,#728,#736,#737,#738,#739,#740,#741,#742,#743,#744,#745,#746,#747,#748,#749,#750,#751,#752,#753,#754,#782,#783,#784,#785,#786,#787,#788,#789,#790,#791,#798,#799,#800,#801,#802,#803,#804,#805,#806,#807,#818,#819,#840,#841,#842,#843,#844));
#216=IFCCLOSEDSHELL((#607,#608,#609,#610,#611,#612,#613,#614,#615,#616,#661,#668,#669,#690,#691,#722,#723,#724,#725,#755,#756,#757,#758,#759,#760,#761,#762,#763,#764,#765,#766,#768,#820,#821,#822,#824,#825,#839,#862,#863,#864,#865,#866,#867,#868));
#225=IFCSTYLEDITEM(#125,(#869),$);
#223=IFCSTYLEDITEM(#124,(#869),$);
#228=IFCCLOSEDSHELL((#884,#885,#886,#887,#888,#889));
#227=IFCSTYLEDITEM(#116,(#392),$);
#224=IFCCLOSEDSHELL((#845,#846,#847,#848,#849,#850,#851,#852,#853,#854,#855,#856,#857,#858,#859,#860,#861,#870,#871,#872,#873,#874,#875,#876,#890,#891,#892,#893,#894,#895,#896,#897,#898,#899));
#230=IFCBUILDINGELEMENTPART('2Ld4$YBtdqMJ0HYpYNjCmV',#2,'GEN\X\C9RICO - ESTRUCTURAL',$,$,#913,#128,$);
#229=IFCSTYLEDITEM(#127,(#187),$);
#226=IFCCLOSEDSHELL((#877,#878,#879,#880,#881,#882,#883,#900,#901,#902,#903,#904,#905,#906,#907,#908,#909,#910,#911,#912,#914,#915,#916,#917,#918,#919));
#231=IFCBUILDINGELEMENTPART('3Zs2GD_vQsPc7zO9zdDxr$',#2,'GEN\X\C9RICO - REVESTIMIENTO EXTERIOR',$,$,#920,#129,$);
#234=IFCSTYLEDITEM(#131,(#931),$);
#232=IFCDISTRIBUTIONFLOWELEMENT('3EIXNd0c1KJuX41KTylw7k',#2,'FU - 001',$,'Distribution Flow Element',#930,#130,'CE4A15E7-0260-544F-8844-05477CBFA1EE');
#236=IFCSTYLEDITEM(#132,(#931),$);
#237=IFCOPENSHELL((#966,#967,#968,#969,#971,#973,#975,#976,#977,#978,#979,#980,#981,#982,#983,#1003,#1004,#1005,#1006,#1007,#1008,#1009,#1038,#1039));
#238=IFCSTYLEDITEM(#134,(#931),$);
#239=IFCOPENSHELL((#1211,#1212,#1213,#1214,#1215,#1216,#1217,#1218,#1219,#1220,#1221,#1222,#1223,#1224,#1225,#1226,#1227,#1238,#1257,#1259,#1261,#1262,#1269,#1270));
#240=IFCSTYLEDITEM(#135,(#931),$);
#235=IFCOPENSHELL((#932,#933,#943,#944,#945,#946,#947,#948,#962,#963,#964,#965,#970,#984,#985,#986,#987,#988,#989,#990,#991,#992,#993,#994,#995,#996,#997,#998,#999,#1000,#1001,#1010,#1040,#1058,#1060,#1061,#1062,#1063,#1064,#1065,#1066,#1067,#1068,#1069,#1070,#1071,#1072,#1073,#1074,#1075,#1076,#1077,#1078,#1079,#1080,#1081,#1082,#1083,#1084,#1085,#1086,#1087,#1088,#1089,#1090,#1091,#1150,#1152,#1154,#1155,#1156,#1157,#1158,#1159,#1160,#1161,#1162,#1163,#1164,#1165,#1166,#1167,#1168,#1169,#1170,#1171,#1172,#1173,#1174,#1175,#1176,#1177,#1178,#1179,#1180,#1181,#1182,#1183,#1184,#1185,#1186,#1187,#1188,#1189,#1190,#1191,#1192,#1193,#1194,#1195,#1196,#1197,#1198,#1199,#1200,#1201,#1202,#1203,#1204,#1205,#1206,#1207,#1208,#1209,#1210,#1229,#1230,#1231,#1232,#1233,#1235,#1239,#1240,#1241,#1242,#1243,#1244,#1245,#1246,#1268,#1271,#1272,#1273,#1274,#1275,#1276,#1277,#1278,#1279,#1280,#1281,#1282,#1283,#1284,#1285,#1286,#1287,#1288,#1289,#1290,#1291,#1292,#1293,#1294,#1295,#1296,#1297,#1298,#1299,#1300,#1301,#1302,#1303,#1304,#1305,#1306,#1307,#1308,#1309,#1310,#1311,#1312,#1313,#1314,#1315,#1316,#1317,#1318,#1319,#1332,#1333,#1334));
#242=IFCFLOWFITTING('23nPV9J3V5JPvSS8BzD$PA',#2,'PIPE BEND - 001',$,'Pipe Fitting',#1340,#138,'83C597C9-4C37-C54D-9E5C-7082FD37F64A');
#233=IFCOPENSHELL((#921,#922,#923,#924,#925,#926,#927,#928,#929,#935,#936,#938,#949,#950,#951,#952,#953,#954,#955,#956,#957,#958,#959,#960,#961,#972,#974,#1002,#1011,#1012,#1013,#1014,#1015,#1016,#1017,#1018,#1019,#1020,#1021,#1022,#1023,#1024,#1025,#1026,#1027,#1028,#1029,#1030,#1031,#1032,#1033,#1034,#1035,#1036,#1037,#1041,#1042,#1043,#1044,#1045,#1046,#1047,#1048,#1049,#1050,#1051,#1052,#1053,#1054,#1055,#1056,#1057,#1059,#1092,#1093,#1094,#1095,#1096,#1097,#1098,#1099,#1100,#1101,#1102,#1103,#1104,#1105,#1106,#1107,#1108,#1109,#1110,#1111,#1112,#1113,#1114,#1115,#1116,#1117,#1118,#1119,#1120,#1121,#1122,#1123,#1124,#1125,#1126,#1127,#1128,#1129,#1130,#1131,#1132,#1133,#1134,#1135,#1136,#1137,#1138,#1139,#1140,#1141,#1142,#1143,#1144,#1145,#1146,#1147,#1148,#1149,#1151,#1153,#1228,#1234,#1236,#1237,#1247,#1248,#1249,#1250,#1251,#1252,#1253,#1254,#1255,#1256,#1258,#1260,#1263,#1264,#1265,#1266,#1267,#1320,#1321,#1322,#1323,#1324,#1325,#1326,#1327,#1328,#1329,#1330,#1331,#1335,#1336,#1337,#1338,#1339,#1341,#1351,#1352,#1353,#1356,#1361,#1362,#1363,#1364,#1365,#1366,#1367,#1368,#1369,#1370,#1371,#1372,#1373,#1374,#1375,#1398));
#250=IFCDIRECTION((1.,0.,0.));
#249=IFCDIRECTION((0.,0.,1.));
#248=IFCCARTESIANPOINT((0.,0.,0.));
#246=IFCSTYLEDITEM(#141,(#931),$);
#241=IFCFLOWSEGMENT('0Tcm5v2dAnJ8_l$kB7brY1',#2,'PIPE - 001',$,'Pipe Segment',#1343,#137,'1D9B0179-0A72-B14C-8FAF-FEE2C7975881');
#243=IFCOPENSHELL((#1376,#1377,#1378,#1379,#1380,#1381,#1382,#1383,#1384,#1385,#1386,#1387,#1388,#1389,#1390,#1391,#1392,#1393,#1394,#1395,#1396,#1399,#1400,#1401));
#244=IFCSTYLEDITEM(#140,(#931),$);
#247=IFCFLOWSEGMENT('3rcchdxpgEJBIVm5JZ__Gx',#2,'PIPE - 001',$,'Pipe Segment',#1407,#142,'F59A6AE7-EF3A-8E4C-B49F-C054E3FBE43B');
#251=IFCRELAGGREGATES('118jwqMnuwK1xuf97w7fU5',#2,$,$,#154,(#1412));
#252=IFCAXIS2PLACEMENT3D(#1420,#1422,#1423);
#255=IFCRELAGGREGATES('1$yNEYe2AlQ1wn7OCpI$Lp',#2,$,$,#159,(#183,#186));
#245=IFCOPENSHELL((#1402,#1403,#1404,#1413,#1416,#1417,#1418,#1419,#1425,#1426,#1427,#1428,#1429,#1430,#1431,#1432,#1433,#1434,#1435,#1436,#1437,#1438,#1440,#1441));
#254=IFCLOCALPLACEMENT(#253,#1439);
#259=IFCRELDEFINESBYTYPE('1fUQbd9aH_r60Zxtfvmuw$',#2,$,$,(#159,#162,#165,#170),#1445);
#258=IFCRELDEFINESBYPROPERTIES('3RZcsVJ9PWb9LMpNl5OCPy',#2,$,$,(#159),#1444);
#256=IFCRELASSOCIATESCLASSIFICATION('0OGD27Y3LWax1UMRkbXHDQ',#2,'Clasificaci\X\F3n de Archicad v 2.0',$,(#159,#162,#165,#170),#1443);
#253=IFCLOCALPLACEMENT(#156,#1421);
#257=IFCRELDEFINESBYPROPERTIES('2FqXOuFmv4x0Z7GGDI_Gyn',#2,$,$,(#159),#1442);
#262=IFCRELCONTAINEDINSPATIALSTRUCTURE('04ldtj6cp2dME6CiP80Bzh',#2,$,$,(#171,#1446,#159,#162,#165,#170,#232,#242,#241,#247),#1412);
#261=IFCRELCONNECTSPATHELEMENTS('0ju5srGRkwDeETZ5kvvZry',#2,$,$,$,#170,#159,(),(),.ATSTART.,.ATEND.);
#260=IFCRELCONNECTSPATHELEMENTS('2HWLmtxe$MxwjUPmz2$3EG',#2,$,$,$,#162,#159,(),(),.ATEND.,.ATSTART.);
#263=IFCLOCALPLACEMENT(#253,#1447);
#265=IFCRELDEFINESBYPROPERTIES('12p4iBZiZOSJ4xqUUkg6O7',#2,$,$,(#162),#1448);
#269=IFCRELAGGREGATES('2fYfn2TKaVyedNoWLgAfSZ',#2,$,$,#165,(#230,#196));
#267=IFCRELCONNECTSPATHELEMENTS('3Zh1TVLIMAQGcgnFtCSsyc',#2,$,$,$,#165,#162,(),(),.ATEND.,.ATSTART.);
#266=IFCRELDEFINESBYPROPERTIES('1GSV$o7tPZpcgKFZsbuMKJ',#2,$,$,(#162),#1449);
#271=IFCRELDEFINESBYPROPERTIES('39L_WOGnEd4wFZSWmhkZHI',#2,$,$,(#165),#1451);
#268=IFCLOCALPLACEMENT(#253,#1450);
#272=IFCFACE((#1452));
#273=IFCFACE((#1453));
#276=IFCFACE((#1456));
#275=IFCFACE((#1455));
#274=IFCFACE((#1454));
#278=IFCRELCONNECTSPATHELEMENTS('2ei0cuzzVKxLyElAyJtPpT',#2,$,$,$,#170,#165,(),(),.ATEND.,.ATSTART.);
#270=IFCRELDEFINESBYPROPERTIES('1PZECIKPcEsPJaxSfxw5Nl',#2,$,$,(#165),#1458);
#277=IFCFACE((#1457));
#280=IFCLOCALPLACEMENT(#253,#1460);
#279=IFCLOCALPLACEMENT(#253,#1459);
#284=IFCRELDEFINESBYPROPERTIES('2USOBhvOi7_np03nXdpSpK',#2,$,$,(#171),#1462);
#283=IFCRELDEFINESBYPROPERTIES('3K14UkfTn_KELjj4yPkJ$y',#2,$,$,(#171),#1461);
#281=IFCRELASSOCIATESMATERIAL('2Rtl7mmZLG_cI1fA7M7zNG',#2,$,$,(#171,#180,#183,#191,#230,#203),#172);
#264=IFCRELAGGREGATES('1wdaM7GtN5sppMJbxgAQmh',#2,$,$,#162,(#191,#192));
#282=IFCRELASSOCIATESCLASSIFICATION('0MPkVtf$M3kRO_mmRlqdbu',#2,'Clasificaci\X\F3n de Archicad v 2.0',$,(#171),#1463);
#290=IFCFACE((#1468));
#289=IFCFACE((#1467));
#286=IFCRELDEFINESBYTYPE('1F4xsMhCDcUFqn7YFs6pLR',#2,$,$,(#171),#1465);
#288=IFCFACE((#1466));
#287=IFCFACE((#1464));
#293=IFCRELAGGREGATES('1iLLeK1JEBRppWQ107ngb_',#2,$,$,#170,(#203,#231));
#297=IFCSURFACESTYLE('Pintura- Gris Claro',.BOTH.,(#1474));
#295=IFCRELDEFINESBYPROPERTIES('38P9HrnotQrrqGOnQAetFo',#2,$,$,(#170),#1473);
#292=IFCFACE((#1471));
#294=IFCRELDEFINESBYPROPERTIES('2cDGPdoSJ_FZLQ8xMJJmkE',#2,$,$,(#170),#1472);
#285=IFCRELDEFINESBYPROPERTIES('3comjVbT0viDe7l0l3sSdO',#2,$,$,(#171),#1470);
#291=IFCFACE((#1469));
#305=IFCRELAGGREGATES('1J_ATgxobNIW2ZRi$KPcsH',#2,$,$,#1446,(#193,#180));
#304=IFCLOCALPLACEMENT(#1424,#1481);
#303=IFCFACE((#1480));
#302=IFCFACE((#1479));
#301=IFCFACE((#1478));
#300=IFCFACE((#1477));
#299=IFCFACE((#1476));
#296=IFCSURFACESTYLE('Pintura- Oroen Ocre',.BOTH.,(#1475));
#310=IFCFACE((#1487));
#309=IFCFACE((#1486));
#308=IFCFACE((#1485));
#307=IFCFACE((#1484));
#298=IFCFACE((#1483));
#306=IFCFACE((#1482));
#325=IFCFACE((#1503));
#319=IFCSURFACESTYLE('Pintura- Arena Beige',.BOTH.,(#1500));
#324=IFCFACE((#1501));
#330=IFCRELASSOCIATESMATERIAL('25FXYoE32y0A5xDNLWmn8B',#2,$,$,(#193),#177);
#329=IFCLOCALPLACEMENT(#1424,#1505);
#328=IFCLOCALPLACEMENT(#263,#1504);
#323=IFCFACE((#1499));
#322=IFCFACE((#1498));
#333=IFCLOCALPLACEMENT(#268,#1508);
#332=IFCFACE((#1507));
#331=IFCLOCALPLACEMENT(#263,#1506);
#321=IFCFACE((#1497));
#320=IFCLOCALPLACEMENT(#254,#1496);
#318=IFCFACE((#1495));
#317=IFCFACE((#1494));
#316=IFCFACE((#1493));
#343=IFCFACE((#1518));
#342=IFCFACE((#1517));
#341=IFCFACE((#1516));
#340=IFCFACE((#1515));
#339=IFCFACE((#1514));
#338=IFCFACE((#1513));
#337=IFCFACE((#1512));
#336=IFCFACE((#1511));
#335=IFCFACE((#1510));
#346=IFCFACE((#1521));
#345=IFCFACE((#1520));
#344=IFCFACE((#1519));
#327=IFCRELASSOCIATESMATERIAL('2OClu2aEboqqJyinbTQeSm',#2,$,$,(#186,#192,#196,#231),#188);
#315=IFCFACE((#1492));
#314=IFCFACE((#1491));
#313=IFCLOCALPLACEMENT(#254,#1490);
#312=IFCFACE((#1489));
#311=IFCFACE((#1488));
#326=IFCFACE((#1502));
#348=IFCFACE((#1523));
#334=IFCFACE((#1509));
#352=IFCFACE((#1527));
#351=IFCFACE((#1526));
#357=IFCFACE((#1532));
#356=IFCLOCALPLACEMENT(#279,#1531);
#355=IFCFACE((#1530));
#354=IFCFACE((#1529));
#347=IFCFACE((#1522));
#350=IFCFACE((#1525));
#349=IFCFACE((#1524));
#372=IFCFACE((#1546));
#371=IFCFACE((#1545));
#373=IFCFACE((#1547));
#367=IFCFACE((#1544));
#369=IFCFACE((#1543));
#368=IFCFACE((#1542));
#366=IFCFACE((#1541));
#365=IFCFACE((#1540));
#359=IFCFACE((#1539));
#364=IFCFACE((#1538));
#363=IFCFACE((#1537));
#353=IFCFACE((#1528));
#362=IFCFACE((#1536));
#361=IFCFACE((#1535));
#360=IFCFACE((#1534));
#358=IFCPRESENTATIONSTYLEASSIGNMENT((#1533));
#374=IFCFACE((#1549));
#375=IFCFACE((#1550));
#377=IFCFACE((#1552));
#385=IFCFACE((#1560));
#384=IFCFACE((#1559));
#383=IFCFACE((#1558));
#382=IFCFACE((#1557));
#381=IFCFACE((#1556));
#380=IFCFACE((#1555));
#379=IFCFACE((#1554));
#378=IFCFACE((#1553));
#370=IFCFACE((#1548));
#376=IFCFACE((#1551));
#402=IFCFACE((#1575));
#401=IFCFACE((#1574));
#404=IFCFACE((#1578));
#397=IFCFACE((#1577));
#400=IFCFACE((#1573));
#399=IFCFACE((#1572));
#398=IFCFACE((#1571));
#396=IFCFACE((#1570));
#394=IFCFACE((#1568));
#393=IFCFACE((#1569));
#392=IFCPRESENTATIONSTYLEASSIGNMENT((#1567));
#391=IFCFACE((#1566));
#390=IFCFACE((#1565));
#389=IFCFACE((#1564));
#388=IFCFACE((#1563));
#387=IFCFACE((#1562));
#386=IFCFACE((#1561));
#405=IFCFACE((#1580));
#403=IFCFACE((#1576));
#408=IFCFACE((#1583));
#407=IFCFACE((#1582));
#406=IFCFACE((#1581));
#395=IFCFACE((#1579));
#409=IFCFACE((#1584));
#412=IFCFACE((#1586));
#413=IFCFACE((#1587));
#414=IFCFACE((#1588));
#415=IFCFACE((#1589));
#416=IFCFACE((#1590));
#411=IFCFACE((#1591));
#410=IFCFACE((#1585));
#422=IFCFACE((#1596));
#421=IFCFACE((#1595));
#420=IFCFACE((#1594));
#419=IFCFACE((#1593));
#418=IFCFACE((#1592));
#428=IFCFACE((#1603));
#417=IFCFACE((#1597));
#427=IFCFACE((#1602));
#426=IFCFACE((#1601));
#425=IFCFACE((#1600));
#424=IFCFACE((#1599));
#423=IFCFACE((#1598));
#443=IFCFACE((#1618));
#442=IFCFACE((#1617));
#446=IFCFACE((#1621));
#445=IFCFACE((#1620));
#433=IFCFACE((#1608));
#441=IFCFACE((#1616));
#440=IFCFACE((#1615));
#439=IFCFACE((#1614));
#438=IFCFACE((#1613));
#437=IFCFACE((#1612));
#436=IFCFACE((#1611));
#435=IFCFACE((#1610));
#434=IFCFACE((#1609));
#432=IFCFACE((#1607));
#431=IFCFACE((#1606));
#430=IFCFACE((#1605));
#429=IFCFACE((#1604));
#459=IFCFACE((#1633));
#458=IFCFACE((#1632));
#457=IFCFACE((#1631));
#454=IFCFACE((#1629));
#447=IFCFACE((#1622));
#444=IFCFACE((#1619));
#453=IFCFACE((#1628));
#452=IFCFACE((#1627));
#451=IFCFACE((#1626));
#450=IFCFACE((#1625));
#463=IFCFACE((#1639));
#465=IFCFACE((#1638));
#464=IFCFACE((#1637));
#462=IFCFACE((#1636));
#461=IFCFACE((#1635));
#455=IFCFACE((#1630));
#460=IFCFACE((#1634));
#449=IFCFACE((#1624));
#448=IFCFACE((#1623));
#466=IFCFACE((#1640));
#456=IFCFACE((#1641));
#469=IFCFACE((#1643));
#467=IFCFACE((#1642));
#470=IFCFACE((#1644));
#468=IFCFACE((#1645));
#474=IFCFACE((#1647));
#473=IFCFACE((#1646));
#476=IFCFACE((#1651));
#472=IFCFACE((#1650));
#480=IFCFACE((#1655));
#479=IFCFACE((#1654));
#478=IFCFACE((#1653));
#477=IFCFACE((#1652));
#481=IFCFACE((#1656));
#482=IFCFACE((#1657));
#483=IFCFACE((#1658));
#489=IFCFACE((#1671));
#496=IFCFACE((#1670));
#495=IFCFACE((#1669));
#494=IFCFACE((#1668));
#493=IFCFACE((#1667));
#492=IFCFACE((#1666));
#491=IFCFACE((#1665));
#490=IFCFACE((#1664));
#471=IFCFACE((#1648));
#488=IFCFACE((#1663));
#487=IFCFACE((#1662));
#486=IFCFACE((#1661));
#485=IFCFACE((#1660));
#475=IFCFACE((#1649));
#484=IFCFACE((#1659));
#499=IFCFACE((#1674));
#500=IFCFACE((#1675));
#498=IFCFACE((#1673));
#508=IFCFACE((#1682));
#513=IFCFACE((#1687));
#512=IFCFACE((#1686));
#511=IFCFACE((#1685));
#510=IFCFACE((#1684));
#509=IFCFACE((#1683));
#505=IFCFACE((#1680));
#504=IFCFACE((#1679));
#503=IFCFACE((#1678));
#497=IFCFACE((#1672));
#502=IFCFACE((#1677));
#501=IFCFACE((#1676));
#514=IFCFACE((#1688));
#515=IFCFACE((#1689));
#506=IFCFACE((#1681));
#522=IFCFACE((#1696));
#521=IFCFACE((#1695));
#520=IFCFACE((#1694));
#519=IFCFACE((#1693));
#517=IFCFACE((#1692));
#516=IFCFACE((#1691));
#507=IFCFACE((#1690));
#530=IFCFACE((#1704));
#529=IFCFACE((#1703));
#528=IFCFACE((#1702));
#527=IFCFACE((#1701));
#526=IFCFACE((#1700));
#523=IFCFACE((#1705));
#525=IFCFACE((#1699));
#524=IFCFACE((#1698));
#518=IFCFACE((#1697));
#531=IFCFACE((#1706));
#532=IFCFACE((#1707));
#533=IFCFACE((#1708));
#534=IFCFACE((#1709));
#535=IFCFACE((#1710));
#538=IFCFACE((#1712));
#539=IFCFACE((#1713));
#540=IFCFACE((#1714));
#541=IFCFACE((#1715));
#549=IFCFACE((#1723));
#548=IFCFACE((#1722));
#547=IFCFACE((#1721));
#546=IFCFACE((#1720));
#545=IFCFACE((#1719));
#544=IFCFACE((#1718));
#543=IFCFACE((#1717));
#542=IFCFACE((#1716));
#550=IFCFACE((#1724));
#536=IFCFACE((#1711));
#537=IFCFACE((#1726));
#553=IFCFACE((#1727));
#554=IFCFACE((#1728));
#561=IFCFACE((#1735));
#559=IFCFACE((#1734));
#551=IFCFACE((#1725));
#558=IFCFACE((#1733));
#557=IFCFACE((#1732));
#552=IFCFACE((#1731));
#556=IFCFACE((#1730));
#555=IFCFACE((#1729));
#563=IFCFACE((#1738));
#564=IFCFACE((#1739));
#565=IFCFACE((#1740));
#562=IFCFACE((#1737));
#567=IFCFACE((#1741));
#560=IFCFACE((#1736));
#569=IFCFACE((#1742));
#566=IFCFACE((#1747));
#576=IFCFACE((#1750));
#575=IFCFACE((#1749));
#568=IFCFACE((#1748));
#573=IFCFACE((#1746));
#572=IFCFACE((#1745));
#571=IFCFACE((#1744));
#570=IFCFACE((#1743));
#579=IFCFACE((#1752));
#578=IFCFACE((#1751));
#580=IFCFACE((#1753));
#581=IFCFACE((#1754));
#574=IFCFACE((#1756));
#582=IFCFACE((#1757));
#586=IFCFACE((#1759));
#583=IFCFACE((#1758));
#577=IFCFACE((#1755));
#587=IFCFACE((#1760));
#588=IFCFACE((#1761));
#585=IFCFACE((#1763));
#589=IFCFACE((#1762));
#590=IFCFACE((#1764));
#598=IFCFACE((#1773));
#584=IFCFACE((#1772));
#596=IFCFACE((#1770));
#595=IFCFACE((#1769));
#594=IFCFACE((#1768));
#593=IFCFACE((#1767));
#603=IFCFACE((#1778));
#602=IFCFACE((#1777));
#601=IFCFACE((#1776));
#600=IFCFACE((#1775));
#599=IFCFACE((#1774));
#592=IFCFACE((#1766));
#591=IFCFACE((#1765));
#604=IFCFACE((#1779));
#597=IFCFACE((#1771));
#605=IFCFACE((#1780));
#608=IFCFACE((#1782,#1783));
#607=IFCFACE((#1781));
#609=IFCFACE((#1784));
#611=IFCFACE((#1786));
#612=IFCFACE((#1787));
#613=IFCFACE((#1788));
#614=IFCFACE((#1789));
#615=IFCFACE((#1790));
#616=IFCFACE((#1791));
#617=IFCFACE((#1792,#1793));
#621=IFCFACE((#1797));
#620=IFCFACE((#1796));
#619=IFCFACE((#1795));
#618=IFCFACE((#1794));
#625=IFCFACE((#1801));
#624=IFCFACE((#1800));
#623=IFCFACE((#1799));
#622=IFCFACE((#1798));
#626=IFCFACE((#1802));
#606=IFCFACE((#1803));
#627=IFCFACE((#1805));
#628=IFCFACE((#1806));
#610=IFCFACE((#1785,#1804));
#634=IFCFACE((#1811));
#633=IFCFACE((#1810));
#632=IFCFACE((#1809));
#630=IFCFACE((#1808));
#629=IFCFACE((#1807));
#635=IFCFACE((#1813));
#631=IFCFACE((#1812));
#636=IFCFACE((#1814));
#637=IFCFACE((#1815));
#639=IFCFACE((#1817));
#640=IFCFACE((#1818));
#638=IFCFACE((#1816));
#641=IFCFACE((#1819));
#652=IFCFACE((#1828));
#651=IFCFACE((#1827));
#650=IFCFACE((#1826));
#647=IFCFACE((#1825));
#646=IFCFACE((#1824));
#645=IFCFACE((#1823));
#644=IFCFACE((#1822));
#643=IFCFACE((#1821));
#642=IFCFACE((#1820));
#649=IFCFACE((#1829));
#655=IFCFACE((#1831));
#654=IFCFACE((#1830));
#659=IFCFACE((#1835));
#653=IFCFACE((#1834));
#657=IFCFACE((#1833));
#656=IFCFACE((#1832));
#660=IFCFACE((#1836));
#648=IFCFACE((#1838));
#661=IFCFACE((#1839));
#658=IFCFACE((#1837));
#662=IFCFACE((#1840));
#669=IFCFACE((#1847));
#668=IFCFACE((#1846));
#667=IFCFACE((#1845));
#666=IFCFACE((#1844));
#665=IFCFACE((#1843));
#675=IFCFACE((#1854));
#676=IFCFACE((#1853));
#674=IFCFACE((#1852));
#686=IFCFACE((#1864));
#685=IFCFACE((#1863));
#684=IFCFACE((#1862));
#683=IFCFACE((#1861));
#682=IFCFACE((#1860));
#680=IFCFACE((#1858));
#679=IFCFACE((#1857));
#677=IFCFACE((#1856));
#678=IFCFACE((#1855));
#673=IFCFACE((#1851));
#672=IFCFACE((#1850));
#671=IFCFACE((#1849));
#670=IFCFACE((#1848));
#664=IFCFACE((#1842));
#663=IFCFACE((#1841));
#681=IFCFACE((#1859));
#689=IFCFACE((#1869));
#692=IFCFACE((#1868));
#691=IFCFACE((#1867));
#690=IFCFACE((#1866));
#688=IFCFACE((#1865));
#693=IFCFACE((#1870));
#687=IFCFACE((#1874));
#696=IFCFACE((#1873));
#695=IFCFACE((#1871,#1872));
#699=IFCFACE((#1890));
#711=IFCFACE((#1889));
#709=IFCFACE((#1887));
#708=IFCFACE((#1886));
#707=IFCFACE((#1885));
#706=IFCFACE((#1884));
#705=IFCFACE((#1883));
#704=IFCFACE((#1882));
#703=IFCFACE((#1881));
#702=IFCFACE((#1880));
#701=IFCFACE((#1879));
#700=IFCFACE((#1878));
#694=IFCFACE((#1877));
#698=IFCFACE((#1876));
#697=IFCFACE((#1875));
#712=IFCFACE((#1891));
#714=IFCFACE((#1893));
#715=IFCFACE((#1894));
#716=IFCFACE((#1895));
#717=IFCFACE((#1896));
#718=IFCFACE((#1897));
#710=IFCFACE((#1888));
#719=IFCFACE((#1898));
#720=IFCFACE((#1899));
#723=IFCFACE((#1902));
#722=IFCFACE((#1901));
#721=IFCPRESENTATIONSTYLEASSIGNMENT((#1900));
#728=IFCFACE((#1907));
#727=IFCFACE((#1906));
#726=IFCFACE((#1905));
#725=IFCFACE((#1904));
#729=IFCFACE((#1908));
#724=IFCFACE((#1903));
#732=IFCFACE((#1911));
#731=IFCFACE((#1910));
#730=IFCFACE((#1909));
#733=IFCFACE((#1912));
#734=IFCFACE((#1913));
#713=IFCFACE((#1892));
#736=IFCFACE((#1915));
#737=IFCFACE((#1916));
#735=IFCFACE((#1914));
#738=IFCFACE((#1917));
#739=IFCFACE((#1918));
#740=IFCFACE((#1919));
#741=IFCFACE((#1920));
#742=IFCFACE((#1921));
#743=IFCFACE((#1922));
#744=IFCFACE((#1923));
#760=IFCFACE((#1938));
#759=IFCFACE((#1937));
#758=IFCFACE((#1936));
#757=IFCFACE((#1935));
#756=IFCFACE((#1934));
#755=IFCFACE((#1933));
#754=IFCFACE((#1932));
#753=IFCFACE((#1931));
#752=IFCFACE((#1930));
#751=IFCFACE((#1929));
#749=IFCFACE((#1928));
#748=IFCFACE((#1927));
#747=IFCFACE((#1926));
#746=IFCFACE((#1925));
#745=IFCFACE((#1924));
#761=IFCFACE((#1939));
#763=IFCFACE((#1942));
#764=IFCFACE((#1943));
#765=IFCFACE((#1944));
#766=IFCFACE((#1945));
#750=IFCFACE((#1941));
#768=IFCFACE((#1947));
#762=IFCFACE((#1940));
#767=IFCFACE((#1946));
#771=IFCFACE((#1948));
#769=IFCFACE((#1949));
#770=IFCFACE((#1950));
#772=IFCFACE((#1951));
#773=IFCFACE((#1952));
#774=IFCFACE((#1953));
#777=IFCFACE((#1955));
#775=IFCFACE((#1954));
#791=IFCFACE((#1970));
#790=IFCFACE((#1969));
#789=IFCFACE((#1968));
#788=IFCFACE((#1967));
#787=IFCFACE((#1966));
#786=IFCFACE((#1965));
#784=IFCFACE((#1964));
#783=IFCFACE((#1962));
#781=IFCFACE((#1961));
#782=IFCFACE((#1960));
#780=IFCFACE((#1959));
#779=IFCFACE((#1958));
#776=IFCFACE((#1957));
#778=IFCFACE((#1956));
#792=IFCFACE((#1971));
#793=IFCFACE((#1972));
#794=IFCFACE((#1973));
#795=IFCFACE((#1974));
#796=IFCFACE((#1975));
#810=IFCFACE((#1989));
#805=IFCFACE((#1984));
#813=IFCFACE((#1992));
#815=IFCFACE((#1994));
#812=IFCFACE((#1991));
#814=IFCFACE((#1993));
#818=IFCFACE((#1997));
#817=IFCFACE((#1996));
#811=IFCFACE((#1990));
#809=IFCFACE((#1988));
#808=IFCFACE((#1987));
#807=IFCFACE((#1986));
#806=IFCFACE((#1985));
#804=IFCFACE((#1983));
#785=IFCFACE((#1963));
#803=IFCFACE((#1982));
#802=IFCFACE((#1981));
#801=IFCFACE((#1980));
#800=IFCFACE((#1979));
#799=IFCFACE((#1978));
#798=IFCFACE((#1977));
#797=IFCFACE((#1976));
#816=IFCFACE((#1995));
#830=IFCFACE((#2009));
#829=IFCFACE((#2008));
#826=IFCFACE((#2007));
#828=IFCFACE((#2006));
#827=IFCFACE((#2005));
#825=IFCFACE((#2004));
#819=IFCFACE((#1998));
#824=IFCFACE((#2003));
#823=IFCFACE((#2002));
#822=IFCFACE((#2001));
#821=IFCFACE((#2000));
#820=IFCFACE((#1999));
#832=IFCFACE((#2011));
#833=IFCFACE((#2012));
#835=IFCFACE((#2013));
#836=IFCFACE((#2014));
#837=IFCFACE((#2015));
#838=IFCFACE((#2016));
#848=IFCFACE((#2027));
#846=IFCFACE((#2026));
#847=IFCFACE((#2025));
#844=IFCFACE((#2024));
#845=IFCFACE((#2023));
#841=IFCFACE((#2022));
#843=IFCFACE((#2021));
#842=IFCFACE((#2020));
#834=IFCFACE((#2019));
#840=IFCFACE((#2018));
#839=IFCFACE((#2017));
#831=IFCFACE((#2010));
#849=IFCFACE((#2028));
#852=IFCFACE((#2031));
#850=IFCFACE((#2029));
#851=IFCFACE((#2030));
#867=IFCFACE((#2045));
#854=IFCFACE((#2033));
#866=IFCFACE((#2044));
#865=IFCFACE((#2043));
#860=IFCFACE((#2039));
#863=IFCFACE((#2042));
#862=IFCFACE((#2041));
#861=IFCFACE((#2040));
#859=IFCFACE((#2038));
#858=IFCFACE((#2037));
#857=IFCFACE((#2036));
#869=IFCPRESENTATIONSTYLEASSIGNMENT((#2047));
#856=IFCFACE((#2035));
#855=IFCFACE((#2034));
#853=IFCFACE((#2032));
#864=IFCFACE((#2056));
#877=IFCFACE((#2055));
#876=IFCFACE((#2054));
#875=IFCFACE((#2053));
#874=IFCFACE((#2052));
#873=IFCFACE((#2051));
#872=IFCFACE((#2050));
#871=IFCFACE((#2049));
#868=IFCFACE((#2046));
#870=IFCFACE((#2048));
#879=IFCFACE((#2058));
#886=IFCFACE((#2065));
#885=IFCFACE((#2064));
#882=IFCFACE((#2063));
#883=IFCFACE((#2061));
#881=IFCFACE((#2060));
#878=IFCFACE((#2057));
#880=IFCFACE((#2059));
#884=IFCFACE((#2062));
#887=IFCFACE((#2066));
#888=IFCFACE((#2067));
#889=IFCFACE((#2068));
#890=IFCFACE((#2069));
#891=IFCFACE((#2070));
#892=IFCFACE((#2071));
#896=IFCFACE((#2074));
#895=IFCFACE((#2073));
#894=IFCFACE((#2072));
#897=IFCFACE((#2075));
#898=IFCFACE((#2076));
#899=IFCFACE((#2077));
#893=IFCFACE((#2081));
#902=IFCFACE((#2080));
#901=IFCFACE((#2079));
#900=IFCFACE((#2078));
#904=IFCFACE((#2082));
#909=IFCFACE((#2087));
#908=IFCFACE((#2086));
#903=IFCFACE((#2085));
#906=IFCFACE((#2084));
#913=IFCLOCALPLACEMENT(#268,#2092);
#912=IFCFACE((#2091));
#911=IFCFACE((#2090));
#905=IFCFACE((#2083));
#910=IFCFACE((#2088));
#915=IFCFACE((#2093));
#916=IFCFACE((#2094));
#917=IFCFACE((#2095));
#921=IFCFACE((#2099));
#920=IFCLOCALPLACEMENT(#279,#2098);
#919=IFCFACE((#2097));
#918=IFCFACE((#2096));
#924=IFCFACE((#2102));
#907=IFCFACE((#2089));
#922=IFCFACE((#2101));
#914=IFCFACE((#2100));
#926=IFCFACE((#2103));
#928=IFCFACE((#2105));
#927=IFCFACE((#2104));
#929=IFCFACE((#2106));
#923=IFCFACE((#2108));
#935=IFCFACE((#2113));
#933=IFCFACE((#2112));
#932=IFCFACE((#2111));
#931=IFCPRESENTATIONSTYLEASSIGNMENT((#2110));
#930=IFCLOCALPLACEMENT(#253,#2109);
#925=IFCFACE((#2107));
#936=IFCFACE((#2117));
#938=IFCFACE((#2116));
#937=IFCRELDEFINESBYPROPERTIES('21DF5bh0ulnE0V1YLUzZVu',#2,$,$,(#232),#2115);
#934=IFCRELASSOCIATESCLASSIFICATION('1LOLYVj$adHpGO8nFZ1pIg',#2,'Clasificaci\X\F3n de Archicad v 2.0',$,(#232),#2114);
#940=IFCRELDEFINESBYPROPERTIES('2iUzk8e_c3yBDVUcerbWhM',#2,$,$,(#232),#2118);
#939=IFCRELDEFINESBYPROPERTIES('0i4vwwCBwDTFx9kkynW9HX',#2,$,$,(#232),#2119);
#941=IFCRELDEFINESBYPROPERTIES('1XGClVMZSzGBXY48IGVPGN',#2,$,$,(#232),#2120);
#942=IFCRELDEFINESBYTYPE('3hobZGxZMdWPusSgM8hQre',#2,$,$,(#232),#2121);
#943=IFCFACE((#2122));
#944=IFCFACE((#2123));
#945=IFCFACE((#2124));
#946=IFCFACE((#2125));
#947=IFCFACE((#2126));
#949=IFCFACE((#2128));
#951=IFCFACE((#2129));
#952=IFCFACE((#2130));
#953=IFCFACE((#2131));
#954=IFCFACE((#2132));
#961=IFCFACE((#2139));
#960=IFCFACE((#2138));
#959=IFCFACE((#2137));
#958=IFCFACE((#2136));
#957=IFCFACE((#2135));
#956=IFCFACE((#2134));
#948=IFCFACE((#2127));
#950=IFCFACE((#2133));
#969=IFCFACE((#2146));
#968=IFCFACE((#2145));
#967=IFCFACE((#2144));
#964=IFCFACE((#2143));
#955=IFCFACE((#2142));
#963=IFCFACE((#2141));
#962=IFCFACE((#2140));
#965=IFCFACE((#2148));
#970=IFCFACE((#2147));
#972=IFCFACE((#2150));
#971=IFCFACE((#2149));
#974=IFCFACE((#2151));
#973=IFCFACE((#2153));
#966=IFCFACE((#2152));
#984=IFCFACE((#2161));
#982=IFCFACE((#2160));
#985=IFCFACE((#2162));
#981=IFCFACE((#2159));
#980=IFCFACE((#2158));
#979=IFCFACE((#2157));
#978=IFCFACE((#2156));
#977=IFCFACE((#2155));
#975=IFCFACE((#2154));
#986=IFCFACE((#2164));
#983=IFCFACE((#2163));
#988=IFCFACE((#2165));
#989=IFCFACE((#2166));
#976=IFCFACE((#2167));
#990=IFCFACE((#2168));
#991=IFCFACE((#2169));
#992=IFCFACE((#2170));
#993=IFCFACE((#2172));
#994=IFCFACE((#2173));
#987=IFCFACE((#2171));
#1000=IFCFACE((#2179));
#999=IFCFACE((#2178));
#998=IFCFACE((#2177));
#997=IFCFACE((#2176));
#996=IFCFACE((#2175));
#995=IFCFACE((#2174));
#1001=IFCFACE((#2180));
#1002=IFCFACE((#2181));
#1006=IFCFACE((#2185));
#1005=IFCFACE((#2184));
#1004=IFCFACE((#2183));
#1003=IFCFACE((#2182));
#1007=IFCFACE((#2186));
#1010=IFCFACE((#2189));
#1009=IFCFACE((#2188));
#1008=IFCFACE((#2187));
#1011=IFCFACE((#2190));
#1013=IFCFACE((#2191));
#1027=IFCFACE((#2206));
#1026=IFCFACE((#2205));
#1025=IFCFACE((#2204));
#1024=IFCFACE((#2203));
#1021=IFCFACE((#2200));
#1023=IFCFACE((#2202));
#1022=IFCFACE((#2201));
#1020=IFCFACE((#2199));
#1019=IFCFACE((#2198));
#1018=IFCFACE((#2197));
#1017=IFCFACE((#2196));
#1012=IFCFACE((#2195));
#1016=IFCFACE((#2194));
#1015=IFCFACE((#2193));
#1014=IFCFACE((#2192));
#1028=IFCFACE((#2207));
#1031=IFCFACE((#2210));
#1029=IFCFACE((#2208));
#1032=IFCFACE((#2211));
#1033=IFCFACE((#2212));
#1035=IFCFACE((#2213));
#1036=IFCFACE((#2214));
#1037=IFCFACE((#2215));
#1038=IFCFACE((#2216));
#1039=IFCFACE((#2217));
#1041=IFCFACE((#2219));
#1040=IFCFACE((#2218));
#1030=IFCFACE((#2209));
#1042=IFCFACE((#2220));
#1044=IFCFACE((#2221));
#1045=IFCFACE((#2222));
#1046=IFCFACE((#2223));
#1047=IFCFACE((#2224));
#1048=IFCFACE((#2225));
#1049=IFCFACE((#2226));
#1050=IFCFACE((#2227));
#1043=IFCFACE((#2228));
#1051=IFCFACE((#2229));
#1057=IFCFACE((#2234));
#1056=IFCFACE((#2233));
#1053=IFCFACE((#2232));
#1054=IFCFACE((#2231));
#1034=IFCFACE((#2230));
#1058=IFCFACE((#2235));
#1059=IFCFACE((#2236));
#1060=IFCFACE((#2237));
#1055=IFCFACE((#2239));
#1064=IFCFACE((#2243));
#1063=IFCFACE((#2242));
#1062=IFCFACE((#2241));
#1061=IFCFACE((#2240));
#1065=IFCFACE((#2244));
#1071=IFCFACE((#2248));
#1052=IFCFACE((#2238));
#1068=IFCFACE((#2247));
#1067=IFCFACE((#2246));
#1066=IFCFACE((#2245));
#1077=IFCFACE((#2254));
#1076=IFCFACE((#2253));
#1075=IFCFACE((#2252));
#1074=IFCFACE((#2251));
#1072=IFCFACE((#2250));
#1070=IFCFACE((#2249));
#1069=IFCFACE((#2255));
#1073=IFCFACE((#2256));
#1079=IFCFACE((#2257));
#1080=IFCFACE((#2258));
#1081=IFCFACE((#2259));
#1086=IFCFACE((#2263));
#1084=IFCFACE((#2262));
#1083=IFCFACE((#2261));
#1082=IFCFACE((#2260));
#1078=IFCFACE((#2264));
#1088=IFCFACE((#2265));
#1091=IFCFACE((#2268));
#1085=IFCFACE((#2267));
#1089=IFCFACE((#2266));
#1092=IFCFACE((#2269));
#1097=IFCFACE((#2276));
#1095=IFCFACE((#2273));
#1094=IFCFACE((#2272));
#1093=IFCFACE((#2271));
#1090=IFCFACE((#2270));
#1087=IFCFACE((#2275));
#1098=IFCFACE((#2277));
#1096=IFCFACE((#2274));
#1108=IFCFACE((#2286));
#1107=IFCFACE((#2285));
#1106=IFCFACE((#2284));
#1105=IFCFACE((#2283));
#1104=IFCFACE((#2282));
#1103=IFCFACE((#2281));
#1102=IFCFACE((#2280));
#1101=IFCFACE((#2279));
#1100=IFCFACE((#2278));
#1110=IFCFACE((#2288));
#1111=IFCFACE((#2289));
#1109=IFCFACE((#2287));
#1113=IFCFACE((#2291));
#1112=IFCFACE((#2290));
#1114=IFCFACE((#2292));
#1119=IFCFACE((#2297));
#1117=IFCFACE((#2296));
#1116=IFCFACE((#2295));
#1115=IFCFACE((#2294));
#1099=IFCFACE((#2293));
#1128=IFCFACE((#2306));
#1127=IFCFACE((#2305));
#1126=IFCFACE((#2304));
#1125=IFCFACE((#2303));
#1124=IFCFACE((#2302));
#1123=IFCFACE((#2301));
#1122=IFCFACE((#2300));
#1121=IFCFACE((#2299));
#1120=IFCFACE((#2298));
#1118=IFCFACE((#2307));
#1130=IFCFACE((#2309));
#1129=IFCFACE((#2308));
#1141=IFCFACE((#2320));
#1140=IFCFACE((#2319));
#1137=IFCFACE((#2318));
#1139=IFCFACE((#2317));
#1138=IFCFACE((#2316));
#1136=IFCFACE((#2315));
#1135=IFCFACE((#2314));
#1134=IFCFACE((#2313));
#1133=IFCFACE((#2312));
#1132=IFCFACE((#2311));
#1131=IFCFACE((#2310));
#1155=IFCFACE((#2332));
#1154=IFCFACE((#2331));
#1153=IFCFACE((#2330));
#1152=IFCFACE((#2329));
#1150=IFCFACE((#2328));
#1149=IFCFACE((#2327));
#1148=IFCFACE((#2326));
#1147=IFCFACE((#2325));
#1146=IFCFACE((#2324));
#1145=IFCFACE((#2323));
#1144=IFCFACE((#2322));
#1143=IFCFACE((#2321));
#1169=IFCFACE((#2347));
#1171=IFCFACE((#2350));
#1142=IFCFACE((#2333));
#1168=IFCFACE((#2346));
#1167=IFCFACE((#2345));
#1166=IFCFACE((#2344));
#1165=IFCFACE((#2343));
#1164=IFCFACE((#2342));
#1163=IFCFACE((#2341));
#1162=IFCFACE((#2340));
#1161=IFCFACE((#2339));
#1160=IFCFACE((#2338));
#1159=IFCFACE((#2337));
#1158=IFCFACE((#2336));
#1157=IFCFACE((#2335));
#1156=IFCFACE((#2334));
#1174=IFCFACE((#2353));
#1151=IFCFACE((#2348));
#1173=IFCFACE((#2352));
#1172=IFCFACE((#2351));
#1170=IFCFACE((#2349));
#1178=IFCFACE((#2357));
#1177=IFCFACE((#2356));
#1176=IFCFACE((#2355));
#1175=IFCFACE((#2354));
#1180=IFCFACE((#2359));
#1181=IFCFACE((#2360));
#1182=IFCFACE((#2361));
#1191=IFCFACE((#2369));
#1189=IFCFACE((#2368));
#1188=IFCFACE((#2367));
#1187=IFCFACE((#2366));
#1186=IFCFACE((#2365));
#1185=IFCFACE((#2364));
#1184=IFCFACE((#2363));
#1183=IFCFACE((#2362));
#1179=IFCFACE((#2358));
#1190=IFCFACE((#2371));
#1195=IFCFACE((#2374));
#1196=IFCFACE((#2375));
#1193=IFCFACE((#2372));
#1192=IFCFACE((#2370));
#1199=IFCFACE((#2378));
#1198=IFCFACE((#2377));
#1194=IFCFACE((#2373));
#1197=IFCFACE((#2376));
#1202=IFCFACE((#2381));
#1201=IFCFACE((#2380));
#1200=IFCFACE((#2379));
#1203=IFCFACE((#2382));
#1206=IFCFACE((#2384));
#1205=IFCFACE((#2383));
#1207=IFCFACE((#2385));
#1208=IFCFACE((#2386));
#1209=IFCFACE((#2387));
#1211=IFCFACE((#2389));
#1225=IFCFACE((#2403));
#1223=IFCFACE((#2402));
#1210=IFCFACE((#2397));
#1222=IFCFACE((#2401));
#1221=IFCFACE((#2400));
#1220=IFCFACE((#2398));
#1219=IFCFACE((#2399));
#1218=IFCFACE((#2396));
#1217=IFCFACE((#2395));
#1216=IFCFACE((#2394));
#1215=IFCFACE((#2393));
#1214=IFCFACE((#2392));
#1213=IFCFACE((#2391));
#1204=IFCFACE((#2388));
#1212=IFCFACE((#2390));
#1227=IFCFACE((#2405));
#1226=IFCFACE((#2406));
#1228=IFCFACE((#2407));
#1224=IFCFACE((#2404));
#1231=IFCFACE((#2408));
#1232=IFCFACE((#2409));
#1233=IFCFACE((#2411));
#1234=IFCFACE((#2412));
#1229=IFCFACE((#2413));
#1230=IFCFACE((#2410));
#1242=IFCFACE((#2420));
#1241=IFCFACE((#2419));
#1240=IFCFACE((#2418));
#1238=IFCFACE((#2417));
#1237=IFCFACE((#2416));
#1236=IFCFACE((#2415));
#1235=IFCFACE((#2414));
#1244=IFCFACE((#2422));
#1243=IFCFACE((#2421));
#1239=IFCFACE((#2429));
#1249=IFCFACE((#2427));
#1248=IFCFACE((#2426));
#1247=IFCFACE((#2425));
#1245=IFCFACE((#2423));
#1246=IFCFACE((#2424));
#1250=IFCFACE((#2428));
#1252=IFCFACE((#2430));
#1258=IFCFACE((#2436));
#1259=IFCFACE((#2437));
#1257=IFCFACE((#2435));
#1256=IFCFACE((#2434));
#1255=IFCFACE((#2433));
#1251=IFCFACE((#2432));
#1254=IFCFACE((#2431));
#1253=IFCFACE((#2439));
#1261=IFCFACE((#2440));
#1260=IFCFACE((#2438));
#1264=IFCFACE((#2442));
#1265=IFCFACE((#2443));
#1266=IFCFACE((#2444));
#1271=IFCFACE((#2449));
#1273=IFCFACE((#2452));
#1272=IFCFACE((#2451));
#1269=IFCFACE((#2450));
#1270=IFCFACE((#2448));
#1262=IFCFACE((#2447));
#1268=IFCFACE((#2446));
#1267=IFCFACE((#2445));
#1263=IFCFACE((#2441));
#1274=IFCFACE((#2453));
#1276=IFCFACE((#2455));
#1277=IFCFACE((#2456));
#1289=IFCFACE((#2468));
#1275=IFCFACE((#2454));
#1287=IFCFACE((#2466));
#1286=IFCFACE((#2465));
#1285=IFCFACE((#2464));
#1284=IFCFACE((#2463));
#1283=IFCFACE((#2462));
#1282=IFCFACE((#2461));
#1281=IFCFACE((#2460));
#1280=IFCFACE((#2459));
#1279=IFCFACE((#2458));
#1278=IFCFACE((#2457));
#1290=IFCFACE((#2469));
#1291=IFCFACE((#2470));
#1297=IFCFACE((#2476));
#1296=IFCFACE((#2475));
#1295=IFCFACE((#2474));
#1294=IFCFACE((#2473));
#1293=IFCFACE((#2472));
#1292=IFCFACE((#2471));
#1288=IFCFACE((#2467));
#1299=IFCFACE((#2483));
#1304=IFCFACE((#2482));
#1303=IFCFACE((#2481));
#1302=IFCFACE((#2480));
#1301=IFCFACE((#2479));
#1300=IFCFACE((#2478));
#1298=IFCFACE((#2477));
#1307=IFCFACE((#2485));
#1308=IFCFACE((#2486));
#1309=IFCFACE((#2487));
#1324=IFCFACE((#2502));
#1323=IFCFACE((#2501));
#1322=IFCFACE((#2500));
#1319=IFCFACE((#2499));
#1320=IFCFACE((#2498));
#1305=IFCFACE((#2497));
#1318=IFCFACE((#2496));
#1317=IFCFACE((#2495));
#1316=IFCFACE((#2494));
#1315=IFCFACE((#2493));
#1314=IFCFACE((#2492));
#1313=IFCFACE((#2491));
#1312=IFCFACE((#2490));
#1311=IFCFACE((#2489));
#1310=IFCFACE((#2488));
#1321=IFCFACE((#2504));
#1326=IFCFACE((#2505));
#1327=IFCFACE((#2506));
#1328=IFCFACE((#2507));
#1329=IFCFACE((#2508));
#1330=IFCFACE((#2509));
#1332=IFCFACE((#2511));
#1306=IFCFACE((#2484));
#1325=IFCFACE((#2503));
#1333=IFCFACE((#2512));
#1339=IFCFACE((#2518));
#1338=IFCFACE((#2517));
#1337=IFCFACE((#2516));
#1336=IFCFACE((#2515));
#1335=IFCFACE((#2514));
#1334=IFCFACE((#2513));
#1331=IFCFACE((#2510));
#1343=IFCLOCALPLACEMENT(#253,#2523);
#1340=IFCLOCALPLACEMENT(#253,#2519);
#1341=IFCFACE((#2520));
#1346=IFCRELDEFINESBYPROPERTIES('3XXhAHilcURii3NdZFYJc1',#2,$,$,(#241),#2527);
#1345=IFCRELDEFINESBYPROPERTIES('1YW7LlFNApTuH_699goPeG',#2,$,$,(#241),#2526);
#1349=IFCRELDEFINESBYPROPERTIES('1MqSBEmAn64cTyumWuPVZv',#2,$,$,(#241),#2530);
#1348=IFCRELASSOCIATESCLASSIFICATION('23BM0PugNLWZdppRXQTLCY',#2,'Clasificaci\X\F3n de Archicad v 2.0',$,(#242),#2529);
#1342=IFCRELASSIGNSTOGROUP('0NidreGknBfAKDL$Qhwa8B',#2,'Relaci\X\F3n',$,(#241,#247,#242),$,#2528);
#1344=IFCRELASSOCIATESCLASSIFICATION('2ZmuY6bUgUw2QjwV5Cz5ON',#2,'Clasificaci\X\F3n de Archicad v 2.0',$,(#241,#247),#2532);
#1350=IFCRELDEFINESBYPROPERTIES('3y$cU4s1lAWUuyOs7Xlb76',#2,$,$,(#242),#2531);
#1352=IFCFACE((#2533));
#1353=IFCFACE((#2534));
#1351=IFCFACE((#2535));
#1358=IFCRELDEFINESBYTYPE('1LPRPhAuvc$gm$2J6l_UTQ',#2,$,$,(#242),#2539);
#1357=IFCRELDEFINESBYPROPERTIES('2N5BRm2xjvWz9EezxZaYoC',#2,$,$,(#242),#2538);
#1356=IFCFACE((#2537));
#1355=IFCRELDEFINESBYPROPERTIES('3ihiuySyJkSAPZzXlStnJ5',#2,$,$,(#242),#2536);
#1354=IFCRELDEFINESBYPROPERTIES('2qjJ0wIcEx6TSM1g9GwcRw',#2,$,$,(#242),#2544);
#1362=IFCFACE((#2543));
#1361=IFCFACE((#2542));
#1360=IFCRELCONNECTSPORTTOELEMENT('1grOkoBSlp8PsLMeFIsMTT',#2,$,$,#2541,#242);
#1359=IFCRELCONNECTSPORTTOELEMENT('2uL9P_Vn9afUqxMR57QtGm',#2,$,$,#2540,#242);
#1364=IFCFACE((#2546));
#1365=IFCFACE((#2547));
#1347=IFCRELDEFINESBYPROPERTIES('20DGW7J9ilTys1Is02u6Yg',#2,$,$,(#241),#2545);
#1366=IFCFACE((#2548));
#1376=IFCFACE((#2557));
#1375=IFCFACE((#2556));
#1363=IFCFACE((#2555));
#1372=IFCFACE((#2554));
#1371=IFCFACE((#2553));
#1370=IFCFACE((#2552));
#1369=IFCFACE((#2551));
#1368=IFCFACE((#2550));
#1367=IFCFACE((#2549));
#1378=IFCFACE((#2560));
#1377=IFCFACE((#2559));
#1374=IFCFACE((#2558));
#1379=IFCFACE((#2561));
#1373=IFCFACE((#2563));
#1381=IFCFACE((#2564));
#1380=IFCFACE((#2562));
#1382=IFCFACE((#2565));
#1383=IFCFACE((#2566));
#1384=IFCFACE((#2567));
#1385=IFCFACE((#2568));
#1391=IFCFACE((#2572));
#1390=IFCFACE((#2571));
#1388=IFCFACE((#2570));
#1387=IFCFACE((#2569));
#1386=IFCFACE((#2573));
#1389=IFCFACE((#2578));
#1396=IFCFACE((#2577));
#1395=IFCFACE((#2576));
#1394=IFCFACE((#2575));
#1393=IFCFACE((#2574));
#1392=IFCFACE((#2579));
#1398=IFCFACE((#2580));
#1399=IFCFACE((#2581));
#1397=IFCRELDEFINESBYTYPE('0cc0I$HhTHbODxxLvFPCdk',#2,$,$,(#241,#247),#2582);
#1405=IFCRELCONNECTSPORTTOELEMENT('0qX92gP5AdKXuLA5dblPdg',#2,$,$,#2586,#241);
#1404=IFCFACE((#2585));
#1403=IFCFACE((#2584));
#1401=IFCFACE((#2583));
#1400=IFCFACE((#2587));
#1406=IFCRELCONNECTSPORTTOELEMENT('0DVTniDum0rpcHb3bbuSPi',#2,$,$,#2593,#241);
#1402=IFCFACE((#2592));
#1408=IFCRELDEFINESBYPROPERTIES('11HLuhKhlNbGdazMr3XF$B',#2,$,$,(#247),#2591);
#1407=IFCLOCALPLACEMENT(#253,#2588);
#1411=IFCRELDEFINESBYPROPERTIES('11U6kaZco0zhPmwlZLmbHc',#2,$,$,(#247),#2594);
#1410=IFCRELDEFINESBYPROPERTIES('1MOEz5hfhHJxZxml6SchKV',#2,$,$,(#247),#2595);
#1409=IFCRELDEFINESBYPROPERTIES('1DPwNadaPMzzIfztrqy8xW',#2,$,$,(#247),#2596);
#1416=IFCFACE((#2599));
#1412=IFCBUILDINGSTOREY('1oZ0wPs_PE8ANCPg3bIs4j',#2,'Planta Baja',$,$,#253,$,$,.ELEMENT.,0.);
#1429=IFCFACE((#2612));
#1421=IFCAXIS2PLACEMENT3D(#2604,#2609,#2610);
#1428=IFCFACE((#2608));
#1427=IFCFACE((#2607));
#1426=IFCFACE((#2606));
#1425=IFCFACE((#2611));
#1433=IFCFACE((#2616));
#1432=IFCFACE((#2615));
#1430=IFCFACE((#2613));
#1414=IFCRELCONNECTSPORTTOELEMENT('3QkF0AWwFfUvRalfKxeb9r',#2,$,$,#2598,#247);
#1424=IFCLOCALPLACEMENT(#253,#2605);
#1423=IFCDIRECTION((1.,0.,0.));
#1422=IFCDIRECTION((0.,0.,1.));
#1420=IFCCARTESIANPOINT((0.,0.,0.));
#1418=IFCFACE((#2603));
#1419=IFCFACE((#2602));
#1415=IFCRELCONNECTSPORTTOELEMENT('0Z9I233xKJMnvXfeApiGff',#2,$,$,#2601,#247);
#1417=IFCFACE((#2600));
#1413=IFCFACE((#2597));
#1434=IFCFACE((#2617));
#1436=IFCFACE((#2618));
#1443=IFCCLASSIFICATIONREFERENCE($,'Muro',$,#2626);
#1435=IFCFACE((#2625));
#1440=IFCFACE((#2624));
#1439=IFCAXIS2PLACEMENT3D(#2621,#2622,#2623);
#1438=IFCFACE((#2620));
#1431=IFCFACE((#2614));
#1437=IFCFACE((#2619));
#1441=IFCFACE((#2630));
#1442=IFCPROPERTYSET('1QV7TaILPMSclJkRr2VNXM',#2,'Pset_DesignOptions',$,(#2627,#2628));
#1458=IFCPROPERTYSET('3flQNp0s72nHWjT4MvLqrD',#2,'Pset_DesignOptions',$,(#2650,#2651));
#1457=IFCFACEOUTERBOUND(#2649,.T.);
#1456=IFCFACEOUTERBOUND(#2648,.T.);
#1455=IFCFACEOUTERBOUND(#2647,.T.);
#1454=IFCFACEOUTERBOUND(#2646,.T.);
#1453=IFCFACEOUTERBOUND(#2645,.T.);
#1452=IFCFACEOUTERBOUND(#2644,.T.);
#1450=IFCAXIS2PLACEMENT3D(#2640,#2641,#2642);
#1444=IFCPROPERTYSET('1uIjZ7AvwkJc2qvU7lyAV2',#2,'AC_Pset_RenovationAndPhasing',$,(#2629));
#1448=IFCPROPERTYSET('0fHu0SYqRluYeV01NClEqe',#2,'Pset_DesignOptions',$,(#2638,#2639));
#1447=IFCAXIS2PLACEMENT3D(#2635,#2636,#2637);
#1445=IFCWALLTYPE('1LzBXVQ3GxS2yCnvf3NCNX',#2,'Muro/Estructura Gen\X\E9rica 300',$,$,$,$,'55F4B85F-6834-3B70-2F0C-C79A435CC5E1',$,.NOTDEFINED.);
#1446=IFCSLAB('2EU9qjAr$xJ8l5ANWuwjw9',#2,'FOR - 001',$,$,#1424,$,'8E789D2D-2B5F-FB4C-8BC5-297838EADE89',.NOTDEFINED.);
#1459=IFCAXIS2PLACEMENT3D(#2652,#2653,#2654);
#1449=IFCPROPERTYSET('3oUv8rnyB$gp5LY2WQ3E_j',#2,'AC_Pset_RenovationAndPhasing',$,(#2643));
#1460=IFCAXIS2PLACEMENT3D(#2655,#2656,#2657);
#1451=IFCPROPERTYSET('0nxMQqpb2kT4J9EDykKwPW',#2,'AC_Pset_RenovationAndPhasing',$,(#2659));
#1461=IFCPROPERTYSET('0ZN2qV8o_193wBfavjgtSZ',#2,'Pset_ColumnCommon',$,(#2658,#2662));
#1464=IFCFACEOUTERBOUND(#2663,.T.);
#1462=IFCPROPERTYSET('20MId3ilez09oVJtaTGfDR',#2,'Pset_DesignOptions',$,(#2660,#2661));
#1466=IFCFACEOUTERBOUND(#2664,.T.);
#1467=IFCFACEOUTERBOUND(#2665,.T.);
#1463=IFCCLASSIFICATIONREFERENCE($,'Pilar',$,#2626);
#1469=IFCFACEOUTERBOUND(#2667,.T.);
#1468=IFCFACEOUTERBOUND(#2666,.T.);
#1471=IFCFACEOUTERBOUND(#2669,.T.);
#1470=IFCPROPERTYSET('34z6WUKd6Dgnp0KzsAh8HF',#2,'AC_Pset_RenovationAndPhasing',$,(#2668));
#1472=IFCPROPERTYSET('1fgTuAjqr2SdqXuW8zuYP1',#2,'Pset_DesignOptions',$,(#2670,#2671));
#1474=IFCSURFACESTYLERENDERING(#2672,0.,IFCNORMALISEDRATIOMEASURE(0.41),$,$,$,IFCNORMALISEDRATIOMEASURE(0.1),$,.NOTDEFINED.);
#1473=IFCPROPERTYSET('1D899VvmifaOIMRS7C3oo4',#2,'AC_Pset_RenovationAndPhasing',$,(#2673));
#1476=IFCFACEOUTERBOUND(#2675,.T.);
#1477=IFCFACEOUTERBOUND(#2676,.T.);
#1475=IFCSURFACESTYLERENDERING(#2674,0.,IFCNORMALISEDRATIOMEASURE(0.41),$,$,$,IFCNORMALISEDRATIOMEASURE(0.1),$,.NOTDEFINED.);
#1480=IFCFACEOUTERBOUND(#2679,.T.);
#1479=IFCFACEOUTERBOUND(#2678,.T.);
#1478=IFCFACEOUTERBOUND(#2677,.T.);
#1485=IFCFACEOUTERBOUND(#2686,.T.);
#1483=IFCFACEOUTERBOUND(#2684,.T.);
#1465=IFCCOLUMNTYPE('0Le99jvzm8fQZypQiEgBmb',#2,'GEN\X\C9RICO - ESTRUCTURAL 500 x 500',$,$,$,$,'15A0926D-E7DC-08A5-A8FC-CDAB0EA8BC25',$,.COLUMN.);
#1482=IFCFACEOUTERBOUND(#2683,.T.);
#1481=IFCAXIS2PLACEMENT3D(#2680,#2681,#2682);
#1486=IFCFACEOUTERBOUND(#2687,.T.);
#1487=IFCFACEOUTERBOUND(#2688,.T.);
#1494=IFCFACEOUTERBOUND(#2696,.T.);
#1493=IFCFACEOUTERBOUND(#2695,.T.);
#1484=IFCFACEOUTERBOUND(#2685,.T.);
#1492=IFCFACEOUTERBOUND(#2694,.T.);
#1491=IFCFACEOUTERBOUND(#2693,.T.);
#1490=IFCAXIS2PLACEMENT3D(#2690,#2691,#2692);
#1489=IFCFACEOUTERBOUND(#2689,.T.);
#1495=IFCFACEOUTERBOUND(#2697,.T.);
#1488=IFCFACEOUTERBOUND(#2699,.T.);
#1496=IFCAXIS2PLACEMENT3D(#2698,#2700,#2701);
#1499=IFCFACEOUTERBOUND(#2702,.T.);
#1497=IFCFACEOUTERBOUND(#2704,.T.);
#1501=IFCFACEOUTERBOUND(#2705,.T.);
#1500=IFCSURFACESTYLERENDERING(#2703,0.,IFCNORMALISEDRATIOMEASURE(0.41),$,$,$,IFCNORMALISEDRATIOMEASURE(0.1),$,.NOTDEFINED.);
#1503=IFCFACEOUTERBOUND(#2707,.T.);
#1502=IFCFACEOUTERBOUND(#2706,.T.);
#1505=IFCAXIS2PLACEMENT3D(#2708,#2709,#2710);
#1506=IFCAXIS2PLACEMENT3D(#2711,#2712,#2713);
#1498=IFCFACEOUTERBOUND(#2714,.T.);
#1513=IFCFACEOUTERBOUND(#2722,.T.);
#1512=IFCFACEOUTERBOUND(#2721,.T.);
#1511=IFCFACEOUTERBOUND(#2720,.T.);
#1510=IFCFACEOUTERBOUND(#2719,.T.);
#1509=IFCFACEOUTERBOUND(#2718,.T.);
#1504=IFCAXIS2PLACEMENT3D(#2715,#2716,#2717);
#1514=IFCFACEOUTERBOUND(#2723,.T.);
#1525=IFCFACEOUTERBOUND(#2739,.T.);
#1528=IFCFACEOUTERBOUND(#2737,.T.);
#1527=IFCFACEOUTERBOUND(#2736,.T.);
#1526=IFCFACEOUTERBOUND(#2735,.T.);
#1507=IFCFACEOUTERBOUND(#2734,.T.);
#1524=IFCFACEOUTERBOUND(#2733,.T.);
#1523=IFCFACEOUTERBOUND(#2732,.T.);
#1522=IFCFACEOUTERBOUND(#2731,.T.);
#1521=IFCFACEOUTERBOUND(#2730,.T.);
#1520=IFCFACEOUTERBOUND(#2729,.T.);
#1519=IFCFACEOUTERBOUND(#2728,.T.);
#1518=IFCFACEOUTERBOUND(#2727,.T.);
#1517=IFCFACEOUTERBOUND(#2726,.T.);
#1516=IFCFACEOUTERBOUND(#2725,.T.);
#1515=IFCFACEOUTERBOUND(#2724,.T.);
#1529=IFCFACEOUTERBOUND(#2738,.T.);
#1539=IFCFACEOUTERBOUND(#2753,.T.);
#1538=IFCFACEOUTERBOUND(#2752,.T.);
#1537=IFCFACEOUTERBOUND(#2751,.T.);
#1536=IFCFACEOUTERBOUND(#2750,.T.);
#1530=IFCFACEOUTERBOUND(#2740,.T.);
#1535=IFCFACEOUTERBOUND(#2749,.T.);
#1534=IFCFACEOUTERBOUND(#2748,.T.);
#1508=IFCAXIS2PLACEMENT3D(#2745,#2746,#2747);
#1532=IFCFACEOUTERBOUND(#2744,.T.);
#1531=IFCAXIS2PLACEMENT3D(#2741,#2742,#2743);
#1533=IFCSURFACESTYLE('Metal - Acero Inoxidable',.BOTH.,(#2754));
#1542=IFCFACEOUTERBOUND(#2755,.T.);
#1541=IFCFACEOUTERBOUND(#2756,.T.);
#1540=IFCFACEOUTERBOUND(#2757,.T.);
#1544=IFCFACEOUTERBOUND(#2758,.T.);
#1552=IFCFACEOUTERBOUND(#2767,.T.);
#1551=IFCFACEOUTERBOUND(#2765,.T.);
#1543=IFCFACEOUTERBOUND(#2766,.T.);
#1550=IFCFACEOUTERBOUND(#2764,.T.);
#1549=IFCFACEOUTERBOUND(#2763,.T.);
#1548=IFCFACEOUTERBOUND(#2762,.T.);
#1547=IFCFACEOUTERBOUND(#2761,.T.);
#1546=IFCFACEOUTERBOUND(#2760,.T.);
#1545=IFCFACEOUTERBOUND(#2759,.T.);
#1562=IFCFACEOUTERBOUND(#2782,.T.);
#1567=IFCSURFACESTYLE('Cer\X\E1mico - Porcelana',.BOTH.,(#2781));
#1566=IFCFACEOUTERBOUND(#2780,.T.);
#1565=IFCFACEOUTERBOUND(#2779,.T.);
#1564=IFCFACEOUTERBOUND(#2778,.T.);
#1563=IFCFACEOUTERBOUND(#2777,.T.);
#1561=IFCFACEOUTERBOUND(#2776,.T.);
#1560=IFCFACEOUTERBOUND(#2775,.T.);
#1559=IFCFACEOUTERBOUND(#2774,.T.);
#1558=IFCFACEOUTERBOUND(#2773,.T.);
#1557=IFCFACEOUTERBOUND(#2772,.T.);
#1556=IFCFACEOUTERBOUND(#2771,.T.);
#1555=IFCFACEOUTERBOUND(#2770,.T.);
#1554=IFCFACEOUTERBOUND(#2769,.T.);
#1553=IFCFACEOUTERBOUND(#2768,.T.);
#1568=IFCFACEOUTERBOUND(#2783,.T.);
#1571=IFCFACEOUTERBOUND(#2786,.T.);
#1577=IFCFACEOUTERBOUND(#2791,.T.);
#1570=IFCFACEOUTERBOUND(#2785,.T.);
#1576=IFCFACEOUTERBOUND(#2790,.T.);
#1574=IFCFACEOUTERBOUND(#2789,.T.);
#1569=IFCFACEOUTERBOUND(#2784,.T.);
#1573=IFCFACEOUTERBOUND(#2788,.T.);
#1572=IFCFACEOUTERBOUND(#2787,.T.);
#1578=IFCFACEOUTERBOUND(#2792,.T.);
#1579=IFCFACEOUTERBOUND(#2793,.T.);
#1591=IFCFACEOUTERBOUND(#2805,.T.);
#1590=IFCFACEOUTERBOUND(#2804,.T.);
#1589=IFCFACEOUTERBOUND(#2803,.T.);
#1587=IFCFACEOUTERBOUND(#2801,.T.);
#1586=IFCFACEOUTERBOUND(#2800,.T.);
#1585=IFCFACEOUTERBOUND(#2799,.T.);
#1584=IFCFACEOUTERBOUND(#2798,.T.);
#1583=IFCFACEOUTERBOUND(#2797,.T.);
#1582=IFCFACEOUTERBOUND(#2796,.T.);
#1596=IFCFACEOUTERBOUND(#2810,.T.);
#1595=IFCFACEOUTERBOUND(#2809,.T.);
#1594=IFCFACEOUTERBOUND(#2808,.T.);
#1593=IFCFACEOUTERBOUND(#2807,.T.);
#1588=IFCFACEOUTERBOUND(#2802,.T.);
#1581=IFCFACEOUTERBOUND(#2795,.T.);
#1580=IFCFACEOUTERBOUND(#2794,.T.);
#1599=IFCFACEOUTERBOUND(#2813,.T.);
#1598=IFCFACEOUTERBOUND(#2812,.T.);
#1597=IFCFACEOUTERBOUND(#2811,.T.);
#1575=IFCFACEOUTERBOUND(#2814,.T.);
#1601=IFCFACEOUTERBOUND(#2815,.T.);
#1592=IFCFACEOUTERBOUND(#2806,.T.);
#1600=IFCFACEOUTERBOUND(#2817,.T.);
#1603=IFCFACEOUTERBOUND(#2818,.T.);
#1604=IFCFACEOUTERBOUND(#2819,.T.);
#1606=IFCFACEOUTERBOUND(#2821,.T.);
#1605=IFCFACEOUTERBOUND(#2820,.T.);
#1613=IFCFACEOUTERBOUND(#2828,.T.);
#1612=IFCFACEOUTERBOUND(#2827,.T.);
#1611=IFCFACEOUTERBOUND(#2826,.T.);
#1610=IFCFACEOUTERBOUND(#2825,.T.);
#1609=IFCFACEOUTERBOUND(#2824,.T.);
#1602=IFCFACEOUTERBOUND(#2816,.T.);
#1608=IFCFACEOUTERBOUND(#2823,.T.);
#1607=IFCFACEOUTERBOUND(#2822,.T.);
#1614=IFCFACEOUTERBOUND(#2829,.T.);
#1616=IFCFACEOUTERBOUND(#2830,.T.);
#1618=IFCFACEOUTERBOUND(#2831,.T.);
#1619=IFCFACEOUTERBOUND(#2832,.T.);
#1615=IFCFACEOUTERBOUND(#2840,.T.);
#1626=IFCFACEOUTERBOUND(#2839,.T.);
#1625=IFCFACEOUTERBOUND(#2838,.T.);
#1624=IFCFACEOUTERBOUND(#2837,.T.);
#1623=IFCFACEOUTERBOUND(#2836,.T.);
#1617=IFCFACEOUTERBOUND(#2835,.T.);
#1621=IFCFACEOUTERBOUND(#2834,.T.);
#1620=IFCFACEOUTERBOUND(#2833,.T.);
#1627=IFCFACEOUTERBOUND(#2841,.T.);
#1634=IFCFACEOUTERBOUND(#2848,.T.);
#1633=IFCFACEOUTERBOUND(#2847,.T.);
#1632=IFCFACEOUTERBOUND(#2846,.T.);
#1631=IFCFACEOUTERBOUND(#2845,.T.);
#1630=IFCFACEOUTERBOUND(#2844,.T.);
#1629=IFCFACEOUTERBOUND(#2843,.T.);
#1628=IFCFACEOUTERBOUND(#2842,.T.);
#1643=IFCFACEOUTERBOUND(#2856,.T.);
#1641=IFCFACEOUTERBOUND(#2855,.T.);
#1640=IFCFACEOUTERBOUND(#2854,.T.);
#1639=IFCFACEOUTERBOUND(#2853,.T.);
#1638=IFCFACEOUTERBOUND(#2852,.T.);
#1637=IFCFACEOUTERBOUND(#2851,.T.);
#1636=IFCFACEOUTERBOUND(#2850,.T.);
#1635=IFCFACEOUTERBOUND(#2849,.T.);
#1658=IFCFACEOUTERBOUND(#2871,.T.);
#1656=IFCFACEOUTERBOUND(#2870,.T.);
#1655=IFCFACEOUTERBOUND(#2869,.T.);
#1652=IFCFACEOUTERBOUND(#2866,.T.);
#1654=IFCFACEOUTERBOUND(#2868,.T.);
#1653=IFCFACEOUTERBOUND(#2867,.T.);
#1651=IFCFACEOUTERBOUND(#2865,.T.);
#1650=IFCFACEOUTERBOUND(#2864,.T.);
#1649=IFCFACEOUTERBOUND(#2863,.T.);
#1648=IFCFACEOUTERBOUND(#2862,.T.);
#1647=IFCFACEOUTERBOUND(#2861,.T.);
#1646=IFCFACEOUTERBOUND(#2860,.T.);
#1645=IFCFACEOUTERBOUND(#2859,.T.);
#1642=IFCFACEOUTERBOUND(#2857,.T.);
#1644=IFCFACEOUTERBOUND(#2858,.T.);
#1659=IFCFACEOUTERBOUND(#2872,.T.);
#1660=IFCFACEOUTERBOUND(#2875,.T.);
#1661=IFCFACEOUTERBOUND(#2876,.T.);
#1662=IFCFACEOUTERBOUND(#2877,.T.);
#1657=IFCFACEOUTERBOUND(#2874,.T.);
#1663=IFCFACEOUTERBOUND(#2878,.T.);
#1664=IFCFACEOUTERBOUND(#2879,.T.);
#1667=IFCFACEOUTERBOUND(#2882,.T.);
#1666=IFCFACEOUTERBOUND(#2881,.T.);
#1665=IFCFACEOUTERBOUND(#2880,.T.);
#1668=IFCFACEOUTERBOUND(#2883,.T.);
#1669=IFCFACEOUTERBOUND(#2884,.T.);
#1670=IFCFACEOUTERBOUND(#2885,.T.);
#1679=IFCFACEOUTERBOUND(#2894,.T.);
#1678=IFCFACEOUTERBOUND(#2893,.T.);
#1622=IFCFACEOUTERBOUND(#2873,.T.);
#1677=IFCFACEOUTERBOUND(#2892,.T.);
#1676=IFCFACEOUTERBOUND(#2891,.T.);
#1675=IFCFACEOUTERBOUND(#2890,.T.);
#1674=IFCFACEOUTERBOUND(#2889,.T.);
#1673=IFCFACEOUTERBOUND(#2888,.T.);
#1672=IFCFACEOUTERBOUND(#2887,.T.);
#1671=IFCFACEOUTERBOUND(#2886,.T.);
#1680=IFCFACEOUTERBOUND(#2895,.T.);
#1681=IFCFACEOUTERBOUND(#2896,.T.);
#1682=IFCFACEOUTERBOUND(#2897,.T.);
#1684=IFCFACEOUTERBOUND(#2899,.T.);
#1685=IFCFACEOUTERBOUND(#2900,.T.);
#1686=IFCFACEOUTERBOUND(#2901,.T.);
#1699=IFCFACEOUTERBOUND(#2913,.T.);
#1698=IFCFACEOUTERBOUND(#2912,.T.);
#1697=IFCFACEOUTERBOUND(#2911,.T.);
#1683=IFCFACEOUTERBOUND(#2898,.T.);
#1695=IFCFACEOUTERBOUND(#2910,.T.);
#1694=IFCFACEOUTERBOUND(#2909,.T.);
#1693=IFCFACEOUTERBOUND(#2908,.T.);
#1692=IFCFACEOUTERBOUND(#2907,.T.);
#1691=IFCFACEOUTERBOUND(#2906,.T.);
#1690=IFCFACEOUTERBOUND(#2905,.T.);
#1689=IFCFACEOUTERBOUND(#2904,.T.);
#1688=IFCFACEOUTERBOUND(#2903,.T.);
#1687=IFCFACEOUTERBOUND(#2902,.T.);
#1700=IFCFACEOUTERBOUND(#2915,.T.);
#1696=IFCFACEOUTERBOUND(#2914,.T.);
#1702=IFCFACEOUTERBOUND(#2917,.T.);
#1703=IFCFACEOUTERBOUND(#2918,.T.);
#1711=IFCFACEOUTERBOUND(#2925,.T.);
#1710=IFCFACEOUTERBOUND(#2924,.T.);
#1709=IFCFACEOUTERBOUND(#2923,.T.);
#1701=IFCFACEOUTERBOUND(#2916,.T.);
#1708=IFCFACEOUTERBOUND(#2922,.T.);
#1707=IFCFACEOUTERBOUND(#2921,.T.);
#1706=IFCFACEOUTERBOUND(#2920,.T.);
#1705=IFCFACEOUTERBOUND(#2919,.T.);
#1704=IFCFACEOUTERBOUND(#2926,.T.);
#1713=IFCFACEOUTERBOUND(#2927,.T.);
#1714=IFCFACEOUTERBOUND(#2928,.T.);
#1712=IFCFACEOUTERBOUND(#2929,.T.);
#1715=IFCFACEOUTERBOUND(#2930,.T.);
#1716=IFCFACEOUTERBOUND(#2932,.T.);
#1718=IFCFACEOUTERBOUND(#2933,.T.);
#1724=IFCFACEOUTERBOUND(#2939,.T.);
#1723=IFCFACEOUTERBOUND(#2938,.T.);
#1722=IFCFACEOUTERBOUND(#2937,.T.);
#1721=IFCFACEOUTERBOUND(#2936,.T.);
#1720=IFCFACEOUTERBOUND(#2935,.T.);
#1719=IFCFACEOUTERBOUND(#2934,.T.);
#1717=IFCFACEOUTERBOUND(#2931,.T.);
#1725=IFCFACEOUTERBOUND(#2940,.T.);
#1727=IFCFACEOUTERBOUND(#2941,.T.);
#1733=IFCFACEOUTERBOUND(#2947,.T.);
#1734=IFCFACEOUTERBOUND(#2948,.T.);
#1732=IFCFACEOUTERBOUND(#2946,.T.);
#1731=IFCFACEOUTERBOUND(#2945,.T.);
#1730=IFCFACEOUTERBOUND(#2944,.T.);
#1729=IFCFACEOUTERBOUND(#2943,.T.);
#1728=IFCFACEOUTERBOUND(#2942,.T.);
#1726=IFCFACEOUTERBOUND(#2949,.T.);
#1736=IFCFACEOUTERBOUND(#2950,.T.);
#1737=IFCFACEOUTERBOUND(#2951,.T.);
#1739=IFCFACEOUTERBOUND(#2952,.T.);
#1740=IFCFACEOUTERBOUND(#2953,.T.);
#1741=IFCFACEOUTERBOUND(#2954,.T.);
#1751=IFCFACEOUTERBOUND(#2966,.T.);
#1755=IFCFACEOUTERBOUND(#2970,.T.);
#1754=IFCFACEOUTERBOUND(#2969,.T.);
#1753=IFCFACEOUTERBOUND(#2968,.T.);
#1752=IFCFACEOUTERBOUND(#2967,.T.);
#1735=IFCFACEOUTERBOUND(#2962,.T.);
#1750=IFCFACEOUTERBOUND(#2965,.T.);
#1749=IFCFACEOUTERBOUND(#2964,.T.);
#1742=IFCFACEOUTERBOUND(#2963,.T.);
#1748=IFCFACEOUTERBOUND(#2961,.T.);
#1747=IFCFACEOUTERBOUND(#2960,.T.);
#1746=IFCFACEOUTERBOUND(#2959,.T.);
#1745=IFCFACEOUTERBOUND(#2958,.T.);
#1744=IFCFACEOUTERBOUND(#2957,.T.);
#1743=IFCFACEOUTERBOUND(#2956,.T.);
#1738=IFCFACEOUTERBOUND(#2955,.T.);
#1758=IFCFACEOUTERBOUND(#2973,.T.);
#1759=IFCFACEOUTERBOUND(#2974,.T.);
#1764=IFCFACEOUTERBOUND(#2979,.T.);
#1763=IFCFACEOUTERBOUND(#2978,.T.);
#1762=IFCFACEOUTERBOUND(#2977,.T.);
#1765=IFCFACEOUTERBOUND(#2980,.T.);
#1757=IFCFACEOUTERBOUND(#2972,.T.);
#1756=IFCFACEOUTERBOUND(#2971,.T.);
#1761=IFCFACEOUTERBOUND(#2976,.T.);
#1760=IFCFACEOUTERBOUND(#2975,.T.);
#1774=IFCFACEOUTERBOUND(#2988,.T.);
#1773=IFCFACEOUTERBOUND(#2987,.T.);
#1772=IFCFACEOUTERBOUND(#2986,.T.);
#1769=IFCFACEOUTERBOUND(#2984,.T.);
#1768=IFCFACEOUTERBOUND(#2983,.T.);
#1767=IFCFACEOUTERBOUND(#2982,.T.);
#1766=IFCFACEOUTERBOUND(#2981,.T.);
#1775=IFCFACEOUTERBOUND(#2989,.T.);
#1776=IFCFACEOUTERBOUND(#2990,.T.);
#1770=IFCFACEOUTERBOUND(#2985,.T.);
#1777=IFCFACEOUTERBOUND(#2991,.T.);
#1778=IFCFACEOUTERBOUND(#2992,.T.);
#1782=IFCFACEOUTERBOUND(#3000,.T.);
#1786=IFCFACEOUTERBOUND(#2999,.T.);
#1785=IFCFACEOUTERBOUND(#2998,.T.);
#1784=IFCFACEOUTERBOUND(#2997,.T.);
#1783=IFCFACEBOUND(#2996,.T.);
#1781=IFCFACEOUTERBOUND(#2995,.T.);
#1780=IFCFACEOUTERBOUND(#2994,.T.);
#1779=IFCFACEOUTERBOUND(#2993,.T.);
#1771=IFCFACEOUTERBOUND(#3002,.T.);
#1787=IFCFACEOUTERBOUND(#3001,.T.);
#1789=IFCFACEOUTERBOUND(#3003,.T.);
#1790=IFCFACEOUTERBOUND(#3004,.T.);
#1797=IFCFACEOUTERBOUND(#3011,.T.);
#1796=IFCFACEOUTERBOUND(#3010,.T.);
#1795=IFCFACEOUTERBOUND(#3009,.T.);
#1794=IFCFACEOUTERBOUND(#3008,.T.);
#1793=IFCFACEBOUND(#3007,.T.);
#1792=IFCFACEOUTERBOUND(#3006,.T.);
#1791=IFCFACEOUTERBOUND(#3005,.T.);
#1798=IFCFACEOUTERBOUND(#3012,.T.);
#1802=IFCFACEOUTERBOUND(#3016,.T.);
#1801=IFCFACEOUTERBOUND(#3015,.T.);
#1800=IFCFACEOUTERBOUND(#3014,.T.);
#1799=IFCFACEOUTERBOUND(#3013,.T.);
#1788=IFCFACEOUTERBOUND(#3017,.T.);
#1804=IFCFACEBOUND(#3018,.T.);
#1803=IFCFACEOUTERBOUND(#3019,.T.);
#1806=IFCFACEOUTERBOUND(#3020,.T.);
#1812=IFCFACEOUTERBOUND(#3026,.T.);
#1815=IFCFACEOUTERBOUND(#3029,.T.);
#1814=IFCFACEOUTERBOUND(#3028,.T.);
#1805=IFCFACEOUTERBOUND(#3027,.T.);
#1811=IFCFACEOUTERBOUND(#3025,.T.);
#1810=IFCFACEOUTERBOUND(#3024,.T.);
#1809=IFCFACEOUTERBOUND(#3023,.T.);
#1808=IFCFACEOUTERBOUND(#3022,.T.);
#1807=IFCFACEOUTERBOUND(#3021,.T.);
#1822=IFCFACEOUTERBOUND(#3035,.T.);
#1821=IFCFACEOUTERBOUND(#3034,.T.);
#1819=IFCFACEOUTERBOUND(#3033,.T.);
#1818=IFCFACEOUTERBOUND(#3032,.T.);
#1817=IFCFACEOUTERBOUND(#3031,.T.);
#1816=IFCFACEOUTERBOUND(#3030,.T.);
#1823=IFCFACEOUTERBOUND(#3036,.T.);
#1824=IFCFACEOUTERBOUND(#3037,.T.);
#1838=IFCFACEOUTERBOUND(#3051,.T.);
#1837=IFCFACEOUTERBOUND(#3050,.T.);
#1841=IFCFACEOUTERBOUND(#3055,.T.);
#1840=IFCFACEOUTERBOUND(#3054,.T.);
#1842=IFCFACEOUTERBOUND(#3056,.T.);
#1836=IFCFACEOUTERBOUND(#3053,.T.);
#1835=IFCFACEOUTERBOUND(#3049,.T.);
#1820=IFCFACEOUTERBOUND(#3047,.T.);
#1813=IFCFACEOUTERBOUND(#3048,.T.);
#1833=IFCFACEOUTERBOUND(#3046,.T.);
#1832=IFCFACEOUTERBOUND(#3045,.T.);
#1831=IFCFACEOUTERBOUND(#3044,.T.);
#1850=IFCFACEOUTERBOUND(#3064,.T.);
#1849=IFCFACEOUTERBOUND(#3063,.T.);
#1853=IFCFACEOUTERBOUND(#3068,.T.);
#1848=IFCFACEOUTERBOUND(#3066,.T.);
#1844=IFCFACEOUTERBOUND(#3062,.T.);
#1847=IFCFACEOUTERBOUND(#3061,.T.);
#1843=IFCFACEOUTERBOUND(#3060,.T.);
#1846=IFCFACEOUTERBOUND(#3059,.T.);
#1845=IFCFACEOUTERBOUND(#3058,.T.);
#1839=IFCFACEOUTERBOUND(#3052,.T.);
#1834=IFCFACEOUTERBOUND(#3057,.T.);
#1830=IFCFACEOUTERBOUND(#3043,.T.);
#1829=IFCFACEOUTERBOUND(#3042,.T.);
#1828=IFCFACEOUTERBOUND(#3041,.T.);
#1827=IFCFACEOUTERBOUND(#3040,.T.);
#1826=IFCFACEOUTERBOUND(#3039,.T.);
#1863=IFCFACEOUTERBOUND(#3078,.T.);
#1868=IFCFACEOUTERBOUND(#3083,.T.);
#1867=IFCFACEOUTERBOUND(#3082,.T.);
#1866=IFCFACEOUTERBOUND(#3081,.T.);
#1865=IFCFACEOUTERBOUND(#3080,.T.);
#1852=IFCFACEOUTERBOUND(#3067,.T.);
#1862=IFCFACEOUTERBOUND(#3077,.T.);
#1874=IFCFACEOUTERBOUND(#3089,.T.);
#1873=IFCFACEOUTERBOUND(#3088,.T.);
#1872=IFCFACEBOUND(#3087,.T.);
#1871=IFCFACEOUTERBOUND(#3086,.T.);
#1870=IFCFACEOUTERBOUND(#3085,.T.);
#1864=IFCFACEOUTERBOUND(#3079,.T.);
#1861=IFCFACEOUTERBOUND(#3076,.T.);
#1854=IFCFACEOUTERBOUND(#3069,.T.);
#1880=IFCFACEOUTERBOUND(#3095,.T.);
#1879=IFCFACEOUTERBOUND(#3094,.T.);
#1878=IFCFACEOUTERBOUND(#3093,.T.);
#1877=IFCFACEOUTERBOUND(#3092,.T.);
#1876=IFCFACEOUTERBOUND(#3091,.T.);
#1875=IFCFACEOUTERBOUND(#3090,.T.);
#1860=IFCFACEOUTERBOUND(#3075,.T.);
#1859=IFCFACEOUTERBOUND(#3074,.T.);
#1858=IFCFACEOUTERBOUND(#3073,.T.);
#1857=IFCFACEOUTERBOUND(#3072,.T.);
#1856=IFCFACEOUTERBOUND(#3071,.T.);
#1855=IFCFACEOUTERBOUND(#3070,.T.);
#1851=IFCFACEOUTERBOUND(#3065,.T.);
#1825=IFCFACEOUTERBOUND(#3038,.T.);
#1889=IFCFACEOUTERBOUND(#3103,.T.);
#1888=IFCFACEOUTERBOUND(#3102,.T.);
#1886=IFCFACEOUTERBOUND(#3104,.T.);
#1887=IFCFACEOUTERBOUND(#3101,.T.);
#1885=IFCFACEOUTERBOUND(#3100,.T.);
#1884=IFCFACEOUTERBOUND(#3099,.T.);
#1883=IFCFACEOUTERBOUND(#3098,.T.);
#1882=IFCFACEOUTERBOUND(#3097,.T.);
#1881=IFCFACEOUTERBOUND(#3096,.T.);
#1890=IFCFACEOUTERBOUND(#3105,.T.);
#1891=IFCFACEOUTERBOUND(#3106,.T.);
#1892=IFCFACEOUTERBOUND(#3107,.T.);
#1900=IFCSURFACESTYLE('Pl\X\E1stico - Laminado',.BOTH.,(#3115));
#1869=IFCFACEOUTERBOUND(#3084,.T.);
#1899=IFCFACEOUTERBOUND(#3114,.T.);
#1898=IFCFACEOUTERBOUND(#3113,.T.);
#1897=IFCFACEOUTERBOUND(#3112,.T.);
#1896=IFCFACEOUTERBOUND(#3111,.T.);
#1895=IFCFACEOUTERBOUND(#3110,.T.);
#1894=IFCFACEOUTERBOUND(#3109,.T.);
#1893=IFCFACEOUTERBOUND(#3108,.T.);
#1901=IFCFACEOUTERBOUND(#3116,.T.);
#1902=IFCFACEOUTERBOUND(#3117,.T.);
#1903=IFCFACEOUTERBOUND(#3118,.T.);
#1904=IFCFACEOUTERBOUND(#3119,.T.);
#1907=IFCFACEOUTERBOUND(#3120,.T.);
#1911=IFCFACEOUTERBOUND(#3124,.T.);
#1910=IFCFACEOUTERBOUND(#3123,.T.);
#1909=IFCFACEOUTERBOUND(#3122,.T.);
#1908=IFCFACEOUTERBOUND(#3121,.T.);
#1913=IFCFACEOUTERBOUND(#3126,.T.);
#1912=IFCFACEOUTERBOUND(#3125,.T.);
#1914=IFCFACEOUTERBOUND(#3127,.T.);
#1915=IFCFACEOUTERBOUND(#3128,.T.);
#1905=IFCFACEOUTERBOUND(#3130,.T.);
#1916=IFCFACEOUTERBOUND(#3131,.T.);
#1926=IFCFACEOUTERBOUND(#3140,.T.);
#1927=IFCFACEOUTERBOUND(#3141,.T.);
#1925=IFCFACEOUTERBOUND(#3139,.T.);
#1924=IFCFACEOUTERBOUND(#3138,.T.);
#1922=IFCFACEOUTERBOUND(#3137,.T.);
#1921=IFCFACEOUTERBOUND(#3136,.T.);
#1920=IFCFACEOUTERBOUND(#3135,.T.);
#1919=IFCFACEOUTERBOUND(#3134,.T.);
#1918=IFCFACEOUTERBOUND(#3133,.T.);
#1917=IFCFACEOUTERBOUND(#3132,.T.);
#1906=IFCFACEOUTERBOUND(#3129,.T.);
#1928=IFCFACEOUTERBOUND(#3142,.T.);
#1929=IFCFACEOUTERBOUND(#3143,.T.);
#1930=IFCFACEOUTERBOUND(#3144,.T.);
#1931=IFCFACEOUTERBOUND(#3145,.T.);
#1940=IFCFACEOUTERBOUND(#3155,.T.);
#1939=IFCFACEOUTERBOUND(#3154,.T.);
#1938=IFCFACEOUTERBOUND(#3152,.T.);
#1946=IFCFACEOUTERBOUND(#3161,.T.);
#1945=IFCFACEOUTERBOUND(#3160,.T.);
#1944=IFCFACEOUTERBOUND(#3159,.T.);
#1943=IFCFACEOUTERBOUND(#3158,.T.);
#1942=IFCFACEOUTERBOUND(#3157,.T.);
#1941=IFCFACEOUTERBOUND(#3156,.T.);
#1937=IFCFACEOUTERBOUND(#3151,.T.);
#1936=IFCFACEOUTERBOUND(#3150,.T.);
#1935=IFCFACEOUTERBOUND(#3149,.T.);
#1934=IFCFACEOUTERBOUND(#3148,.T.);
#1933=IFCFACEOUTERBOUND(#3147,.T.);
#1932=IFCFACEOUTERBOUND(#3146,.T.);
#1962=IFCFACEOUTERBOUND(#3175,.T.);
#1961=IFCFACEOUTERBOUND(#3174,.T.);
#1960=IFCFACEOUTERBOUND(#3173,.T.);
#1953=IFCFACEOUTERBOUND(#3172,.T.);
#1958=IFCFACEOUTERBOUND(#3171,.T.);
#1923=IFCFACEOUTERBOUND(#3153,.T.);
#1956=IFCFACEOUTERBOUND(#3170,.T.);
#1955=IFCFACEOUTERBOUND(#3169,.T.);
#1954=IFCFACEOUTERBOUND(#3168,.T.);
#1952=IFCFACEOUTERBOUND(#3167,.T.);
#1951=IFCFACEOUTERBOUND(#3166,.T.);
#1950=IFCFACEOUTERBOUND(#3165,.T.);
#1949=IFCFACEOUTERBOUND(#3164,.T.);
#1948=IFCFACEOUTERBOUND(#3163,.T.);
#1947=IFCFACEOUTERBOUND(#3162,.T.);
#1959=IFCFACEOUTERBOUND(#3176,.T.);
#1964=IFCFACEOUTERBOUND(#3177,.T.);
#1957=IFCFACEOUTERBOUND(#3180,.T.);
#1966=IFCFACEOUTERBOUND(#3179,.T.);
#1965=IFCFACEOUTERBOUND(#3178,.T.);
#1967=IFCFACEOUTERBOUND(#3181,.T.);
#1968=IFCFACEOUTERBOUND(#3182,.T.);
#1963=IFCFACEOUTERBOUND(#3183,.T.);
#1971=IFCFACEOUTERBOUND(#3186,.T.);
#1970=IFCFACEOUTERBOUND(#3185,.T.);
#1981=IFCFACEOUTERBOUND(#3195,.T.);
#1980=IFCFACEOUTERBOUND(#3194,.T.);
#1979=IFCFACEOUTERBOUND(#3193,.T.);
#1977=IFCFACEOUTERBOUND(#3192,.T.);
#1976=IFCFACEOUTERBOUND(#3191,.T.);
#1975=IFCFACEOUTERBOUND(#3190,.T.);
#1974=IFCFACEOUTERBOUND(#3189,.T.);
#1973=IFCFACEOUTERBOUND(#3188,.T.);
#1986=IFCFACEOUTERBOUND(#3201,.T.);
#1985=IFCFACEOUTERBOUND(#3200,.T.);
#1984=IFCFACEOUTERBOUND(#3199,.T.);
#1983=IFCFACEOUTERBOUND(#3198,.T.);
#1978=IFCFACEOUTERBOUND(#3197,.T.);
#1972=IFCFACEOUTERBOUND(#3187,.T.);
#1969=IFCFACEOUTERBOUND(#3184,.T.);
#1987=IFCFACEOUTERBOUND(#3202,.T.);
#1982=IFCFACEOUTERBOUND(#3196,.T.);
#1988=IFCFACEOUTERBOUND(#3203,.T.);
#1990=IFCFACEOUTERBOUND(#3208,.T.);
#1994=IFCFACEOUTERBOUND(#3207,.T.);
#1993=IFCFACEOUTERBOUND(#3206,.T.);
#1992=IFCFACEOUTERBOUND(#3205,.T.);
#1991=IFCFACEOUTERBOUND(#3204,.T.);
#1995=IFCFACEOUTERBOUND(#3214,.T.);
#2001=IFCFACEOUTERBOUND(#3215,.T.);
#2000=IFCFACEOUTERBOUND(#3213,.T.);
#1999=IFCFACEOUTERBOUND(#3212,.T.);
#1998=IFCFACEOUTERBOUND(#3211,.T.);
#1997=IFCFACEOUTERBOUND(#3210,.T.);
#1989=IFCFACEOUTERBOUND(#3209,.T.);
#2002=IFCFACEOUTERBOUND(#3216,.T.);
#2003=IFCFACEOUTERBOUND(#3217,.T.);
#2004=IFCFACEOUTERBOUND(#3218,.T.);
#2009=IFCFACEOUTERBOUND(#3225,.T.);
#2011=IFCFACEOUTERBOUND(#3224,.T.);
#2010=IFCFACEOUTERBOUND(#3223,.T.);
#2008=IFCFACEOUTERBOUND(#3222,.T.);
#2007=IFCFACEOUTERBOUND(#3221,.T.);
#2006=IFCFACEOUTERBOUND(#3220,.T.);
#2005=IFCFACEOUTERBOUND(#3219,.T.);
#2012=IFCFACEOUTERBOUND(#3226,.T.);
#2019=IFCFACEOUTERBOUND(#3233,.T.);
#2018=IFCFACEOUTERBOUND(#3232,.T.);
#2017=IFCFACEOUTERBOUND(#3231,.T.);
#2016=IFCFACEOUTERBOUND(#3230,.T.);
#2015=IFCFACEOUTERBOUND(#3229,.T.);
#2014=IFCFACEOUTERBOUND(#3228,.T.);
#2013=IFCFACEOUTERBOUND(#3234,.T.);
#2035=IFCFACEOUTERBOUND(#3248,.T.);
#2034=IFCFACEOUTERBOUND(#3247,.T.);
#2033=IFCFACEOUTERBOUND(#3246,.T.);
#2032=IFCFACEOUTERBOUND(#3245,.T.);
#2030=IFCFACEOUTERBOUND(#3244,.T.);
#1996=IFCFACEOUTERBOUND(#3227,.T.);
#2028=IFCFACEOUTERBOUND(#3243,.T.);
#2027=IFCFACEOUTERBOUND(#3242,.T.);
#2026=IFCFACEOUTERBOUND(#3241,.T.);
#2025=IFCFACEOUTERBOUND(#3240,.T.);
#2020=IFCFACEOUTERBOUND(#3239,.T.);
#2024=IFCFACEOUTERBOUND(#3238,.T.);
#2023=IFCFACEOUTERBOUND(#3237,.T.);
#2022=IFCFACEOUTERBOUND(#3236,.T.);
#2021=IFCFACEOUTERBOUND(#3235,.T.);
#2040=IFCFACEOUTERBOUND(#3255,.T.);
#2039=IFCFACEOUTERBOUND(#3254,.T.);
#2043=IFCFACEOUTERBOUND(#3258,.T.);
#2031=IFCFACEOUTERBOUND(#3250,.T.);
#2042=IFCFACEOUTERBOUND(#3257,.T.);
#2041=IFCFACEOUTERBOUND(#3256,.T.);
#2038=IFCFACEOUTERBOUND(#3253,.T.);
#2037=IFCFACEOUTERBOUND(#3252,.T.);
#2036=IFCFACEOUTERBOUND(#3249,.T.);
#2045=IFCFACEOUTERBOUND(#3259,.T.);
#2046=IFCFACEOUTERBOUND(#3260,.T.);
#2051=IFCFACEOUTERBOUND(#3266,.T.);
#2029=IFCFACEOUTERBOUND(#3251,.T.);
#2050=IFCFACEOUTERBOUND(#3265,.T.);
#2049=IFCFACEOUTERBOUND(#3264,.T.);
#2047=IFCSURFACESTYLE('Pintura- Titanio Blanco',.BOTH.,(#3263));
#2057=IFCFACEOUTERBOUND(#3272,.T.);
#2056=IFCFACEOUTERBOUND(#3271,.T.);
#2055=IFCFACEOUTERBOUND(#3270,.T.);
#2054=IFCFACEOUTERBOUND(#3269,.T.);
#2053=IFCFACEOUTERBOUND(#3268,.T.);
#2052=IFCFACEOUTERBOUND(#3267,.T.);
#2048=IFCFACEOUTERBOUND(#3262,.T.);
#2044=IFCFACEOUTERBOUND(#3261,.T.);
#2058=IFCFACEOUTERBOUND(#3273,.T.);
#2059=IFCFACEOUTERBOUND(#3274,.T.);
#2060=IFCFACEOUTERBOUND(#3275,.T.);
#2069=IFCFACEOUTERBOUND(#3284,.T.);
#2068=IFCFACEOUTERBOUND(#3283,.T.);
#2067=IFCFACEOUTERBOUND(#3282,.T.);
#2066=IFCFACEOUTERBOUND(#3281,.T.);
#2065=IFCFACEOUTERBOUND(#3280,.T.);
#2064=IFCFACEOUTERBOUND(#3279,.T.);
#2063=IFCFACEOUTERBOUND(#3278,.T.);
#2062=IFCFACEOUTERBOUND(#3277,.T.);
#2061=IFCFACEOUTERBOUND(#3276,.T.);
#2077=IFCFACEOUTERBOUND(#3292,.T.);
#2076=IFCFACEOUTERBOUND(#3291,.T.);
#2075=IFCFACEOUTERBOUND(#3290,.T.);
#2074=IFCFACEOUTERBOUND(#3289,.T.);
#2073=IFCFACEOUTERBOUND(#3288,.T.);
#2072=IFCFACEOUTERBOUND(#3287,.T.);
#2071=IFCFACEOUTERBOUND(#3286,.T.);
#2070=IFCFACEOUTERBOUND(#3285,.T.);
#2078=IFCFACEOUTERBOUND(#3293,.T.);
#2086=IFCFACEOUTERBOUND(#3300,.T.);
#2085=IFCFACEOUTERBOUND(#3299,.T.);
#2084=IFCFACEOUTERBOUND(#3298,.T.);
#2083=IFCFACEOUTERBOUND(#3297,.T.);
#2082=IFCFACEOUTERBOUND(#3296,.T.);
#2081=IFCFACEOUTERBOUND(#3295,.T.);
#2080=IFCFACEOUTERBOUND(#3294,.T.);
#2101=IFCFACEOUTERBOUND(#3319,.T.);
#2100=IFCFACEOUTERBOUND(#3318,.T.);
#2099=IFCFACEOUTERBOUND(#3317,.T.);
#2098=IFCAXIS2PLACEMENT3D(#3314,#3315,#3316);
#2097=IFCFACEOUTERBOUND(#3313,.T.);
#2096=IFCFACEOUTERBOUND(#3312,.T.);
#2095=IFCFACEOUTERBOUND(#3311,.T.);
#2094=IFCFACEOUTERBOUND(#3310,.T.);
#2093=IFCFACEOUTERBOUND(#3309,.T.);
#2092=IFCAXIS2PLACEMENT3D(#3306,#3307,#3308);
#2090=IFCFACEOUTERBOUND(#3304,.T.);
#2079=IFCFACEOUTERBOUND(#3305,.T.);
#2089=IFCFACEOUTERBOUND(#3303,.T.);
#2088=IFCFACEOUTERBOUND(#3302,.T.);
#2087=IFCFACEOUTERBOUND(#3301,.T.);
#2107=IFCFACEOUTERBOUND(#3325,.T.);
#2103=IFCFACEOUTERBOUND(#3326,.T.);
#2106=IFCFACEOUTERBOUND(#3324,.T.);
#2105=IFCFACEOUTERBOUND(#3323,.T.);
#2104=IFCFACEOUTERBOUND(#3322,.T.);
#2091=IFCFACEOUTERBOUND(#3321,.T.);
#2102=IFCFACEOUTERBOUND(#3320,.T.);
#2108=IFCFACEOUTERBOUND(#3332,.T.);
#2111=IFCFACEOUTERBOUND(#3331,.T.);
#2110=IFCSURFACESTYLE('Pintura- Verde Bosque',.BOTH.,(#3330));
#2109=IFCAXIS2PLACEMENT3D(#3327,#3328,#3329);
#2114=IFCCLASSIFICATIONREFERENCE($,'Elemento de Flujo de Distribuci\X\F3n',$,#2626);
#2113=IFCFACEOUTERBOUND(#3333,.T.);
#2117=IFCFACEOUTERBOUND(#3336,.T.);
#2118=IFCPROPERTYSET('0c_wQ_rMwtcpH0zlz5YjRP',#2,'Pset_DesignOptions',$,(#3337,#3338));
#2115=IFCPROPERTYSET('1St$A16vMVNuHiFiLxtmEj',#2,'Pset_ManufacturerOccurrence',$,(#3334));
#2116=IFCFACEOUTERBOUND(#3335,.T.);
#2112=IFCFACEOUTERBOUND(#3339,.T.);
#2122=IFCFACEOUTERBOUND(#3342,.T.);
#2119=IFCPROPERTYSET('37FOv0vj7QfQsPO2QJFo2j',#2,'Pset_ManufacturerTypeInformation',$,(#3340,#3341));
#2123=IFCFACEOUTERBOUND(#3343,.T.);
#2124=IFCFACEOUTERBOUND(#3344,.T.);
#2120=IFCPROPERTYSET('3JnC9$jTpePa1oGJpjhwrF',#2,'AC_Pset_RenovationAndPhasing',$,(#3346));
#2126=IFCFACEOUTERBOUND(#3347,.T.);
#2125=IFCFACEOUTERBOUND(#3345,.T.);
#2133=IFCFACEOUTERBOUND(#3354,.T.);
#2132=IFCFACEOUTERBOUND(#3353,.T.);
#2131=IFCFACEOUTERBOUND(#3352,.T.);
#2130=IFCFACEOUTERBOUND(#3351,.T.);
#2129=IFCFACEOUTERBOUND(#3350,.T.);
#2128=IFCFACEOUTERBOUND(#3349,.T.);
#2127=IFCFACEOUTERBOUND(#3348,.T.);
#2135=IFCFACEOUTERBOUND(#3355,.T.);
#2145=IFCFACEOUTERBOUND(#3365,.T.);
#2144=IFCFACEOUTERBOUND(#3364,.T.);
#2151=IFCFACEOUTERBOUND(#3372,.T.);
#2150=IFCFACEOUTERBOUND(#3371,.T.);
#2149=IFCFACEOUTERBOUND(#3370,.T.);
#2148=IFCFACEOUTERBOUND(#3369,.T.);
#2147=IFCFACEOUTERBOUND(#3368,.T.);
#2143=IFCFACEOUTERBOUND(#3367,.T.);
#2134=IFCFACEOUTERBOUND(#3363,.T.);
#2142=IFCFACEOUTERBOUND(#3362,.T.);
#2141=IFCFACEOUTERBOUND(#3361,.T.);
#2140=IFCFACEOUTERBOUND(#3360,.T.);
#2139=IFCFACEOUTERBOUND(#3359,.T.);
#2138=IFCFACEOUTERBOUND(#3358,.T.);
#2137=IFCFACEOUTERBOUND(#3357,.T.);
#2136=IFCFACEOUTERBOUND(#3356,.T.);
#2153=IFCFACEOUTERBOUND(#3373,.T.);
#2121=IFCVALVETYPE('33NRvVYerw5bgItifWbnm0',#2,'WC',$,$,$,$,'C35DBE5F-8A8D-7A16-5A92-DECA60971C00','Distribution Flow Element',.USERDEFINED.);
#2154=IFCFACEOUTERBOUND(#3374,.T.);
#2155=IFCFACEOUTERBOUND(#3375,.T.);
#2146=IFCFACEOUTERBOUND(#3366,.T.);
#2156=IFCFACEOUTERBOUND(#3377,.T.);
#2157=IFCFACEOUTERBOUND(#3378,.T.);
#2152=IFCFACEOUTERBOUND(#3376,.T.);
#2158=IFCFACEOUTERBOUND(#3379,.T.);
#2159=IFCFACEOUTERBOUND(#3385,.T.);
#2164=IFCFACEOUTERBOUND(#3384,.T.);
#2163=IFCFACEOUTERBOUND(#3383,.T.);
#2162=IFCFACEOUTERBOUND(#3382,.T.);
#2161=IFCFACEOUTERBOUND(#3381,.T.);
#2160=IFCFACEOUTERBOUND(#3380,.T.);
#2167=IFCFACEOUTERBOUND(#3387,.T.);
#2177=IFCFACEOUTERBOUND(#3397,.T.);
#2176=IFCFACEOUTERBOUND(#3396,.T.);
#2175=IFCFACEOUTERBOUND(#3395,.T.);
#2174=IFCFACEOUTERBOUND(#3394,.T.);
#2173=IFCFACEOUTERBOUND(#3393,.T.);
#2172=IFCFACEOUTERBOUND(#3392,.T.);
#2171=IFCFACEOUTERBOUND(#3391,.T.);
#2170=IFCFACEOUTERBOUND(#3390,.T.);
#2169=IFCFACEOUTERBOUND(#3389,.T.);
#2166=IFCFACEOUTERBOUND(#3386,.T.);
#2168=IFCFACEOUTERBOUND(#3388,.T.);
#2165=IFCFACEOUTERBOUND(#3399,.T.);
#2180=IFCFACEOUTERBOUND(#3400,.T.);
#2179=IFCFACEOUTERBOUND(#3398,.T.);
#2178=IFCFACEOUTERBOUND(#3405,.T.);
#2184=IFCFACEOUTERBOUND(#3404,.T.);
#2183=IFCFACEOUTERBOUND(#3403,.T.);
#2182=IFCFACEOUTERBOUND(#3402,.T.);
#2181=IFCFACEOUTERBOUND(#3401,.T.);
#2192=IFCFACEOUTERBOUND(#3411,.T.);
#2191=IFCFACEOUTERBOUND(#3410,.T.);
#2190=IFCFACEOUTERBOUND(#3409,.T.);
#2189=IFCFACEOUTERBOUND(#3408,.T.);
#2188=IFCFACEOUTERBOUND(#3407,.T.);
#2187=IFCFACEOUTERBOUND(#3406,.T.);
#2194=IFCFACEOUTERBOUND(#3413,.T.);
#2185=IFCFACEOUTERBOUND(#3412,.T.);
#2195=IFCFACEOUTERBOUND(#3414,.T.);
#2186=IFCFACEOUTERBOUND(#3415,.T.);
#2193=IFCFACEOUTERBOUND(#3416,.T.);
#2201=IFCFACEOUTERBOUND(#3422,.T.);
#2200=IFCFACEOUTERBOUND(#3421,.T.);
#2199=IFCFACEOUTERBOUND(#3420,.T.);
#2198=IFCFACEOUTERBOUND(#3419,.T.);
#2197=IFCFACEOUTERBOUND(#3418,.T.);
#2196=IFCFACEOUTERBOUND(#3417,.T.);
#2202=IFCFACEOUTERBOUND(#3423,.T.);
#2203=IFCFACEOUTERBOUND(#3424,.T.);
#2204=IFCFACEOUTERBOUND(#3425,.T.);
#2205=IFCFACEOUTERBOUND(#3426,.T.);
#2206=IFCFACEOUTERBOUND(#3427,.T.);
#2207=IFCFACEOUTERBOUND(#3428,.T.);
#2208=IFCFACEOUTERBOUND(#3429,.T.);
#2211=IFCFACEOUTERBOUND(#3430,.T.);
#2212=IFCFACEOUTERBOUND(#3431,.T.);
#2213=IFCFACEOUTERBOUND(#3432,.T.);
#2216=IFCFACEOUTERBOUND(#3435,.T.);
#2210=IFCFACEOUTERBOUND(#3434,.T.);
#2209=IFCFACEOUTERBOUND(#3433,.T.);
#2215=IFCFACEOUTERBOUND(#3436,.T.);
#2218=IFCFACEOUTERBOUND(#3438,.T.);
#2217=IFCFACEOUTERBOUND(#3437,.T.);
#2219=IFCFACEOUTERBOUND(#3439,.T.);
#2226=IFCFACEOUTERBOUND(#3445,.T.);
#2225=IFCFACEOUTERBOUND(#3444,.T.);
#2214=IFCFACEOUTERBOUND(#3443,.T.);
#2223=IFCFACEOUTERBOUND(#3442,.T.);
#2222=IFCFACEOUTERBOUND(#3441,.T.);
#2220=IFCFACEOUTERBOUND(#3440,.T.);
#2221=IFCFACEOUTERBOUND(#3446,.T.);
#2228=IFCFACEOUTERBOUND(#3449,.T.);
#2227=IFCFACEOUTERBOUND(#3448,.T.);
#2224=IFCFACEOUTERBOUND(#3447,.T.);
#2230=IFCFACEOUTERBOUND(#3450,.T.);
#2231=IFCFACEOUTERBOUND(#3451,.T.);
#2232=IFCFACEOUTERBOUND(#3453,.T.);
#2229=IFCFACEOUTERBOUND(#3452,.T.);
#2233=IFCFACEOUTERBOUND(#3454,.T.);
#2235=IFCFACEOUTERBOUND(#3456,.T.);
#2240=IFCFACEOUTERBOUND(#3461,.T.);
#2239=IFCFACEOUTERBOUND(#3460,.T.);
#2238=IFCFACEOUTERBOUND(#3459,.T.);
#2237=IFCFACEOUTERBOUND(#3458,.T.);
#2236=IFCFACEOUTERBOUND(#3457,.T.);
#2242=IFCFACEOUTERBOUND(#3463,.T.);
#2241=IFCFACEOUTERBOUND(#3462,.T.);
#2234=IFCFACEOUTERBOUND(#3455,.T.);
#2244=IFCFACEOUTERBOUND(#3465,.T.);
#2243=IFCFACEOUTERBOUND(#3464,.T.);
#2245=IFCFACEOUTERBOUND(#3466,.T.);
#2246=IFCFACEOUTERBOUND(#3467,.T.);
#2248=IFCFACEOUTERBOUND(#3468,.T.);
#2249=IFCFACEOUTERBOUND(#3469,.T.);
#2255=IFCFACEOUTERBOUND(#3476,.T.);
#2253=IFCFACEOUTERBOUND(#3474,.T.);
#2254=IFCFACEOUTERBOUND(#3475,.T.);
#2252=IFCFACEOUTERBOUND(#3473,.T.);
#2251=IFCFACEOUTERBOUND(#3472,.T.);
#2247=IFCFACEOUTERBOUND(#3471,.T.);
#2250=IFCFACEOUTERBOUND(#3470,.T.);
#2257=IFCFACEOUTERBOUND(#3477,.T.);
#2263=IFCFACEOUTERBOUND(#3482,.T.);
#2262=IFCFACEOUTERBOUND(#3481,.T.);
#2261=IFCFACEOUTERBOUND(#3480,.T.);
#2259=IFCFACEOUTERBOUND(#3479,.T.);
#2258=IFCFACEOUTERBOUND(#3478,.T.);
#2256=IFCFACEOUTERBOUND(#3484,.T.);
#2265=IFCFACEOUTERBOUND(#3485,.T.);
#2266=IFCFACEOUTERBOUND(#3486,.T.);
#2267=IFCFACEOUTERBOUND(#3487,.T.);
#2268=IFCFACEOUTERBOUND(#3488,.T.);
#2273=IFCFACEOUTERBOUND(#3493,.T.);
#2272=IFCFACEOUTERBOUND(#3492,.T.);
#2271=IFCFACEOUTERBOUND(#3491,.T.);
#2270=IFCFACEOUTERBOUND(#3490,.T.);
#2264=IFCFACEOUTERBOUND(#3483,.T.);
#2269=IFCFACEOUTERBOUND(#3489,.T.);
#2279=IFCFACEOUTERBOUND(#3499,.T.);
#2278=IFCFACEOUTERBOUND(#3498,.T.);
#2276=IFCFACEOUTERBOUND(#3497,.T.);
#2275=IFCFACEOUTERBOUND(#3496,.T.);
#2291=IFCFACEOUTERBOUND(#3512,.T.);
#2293=IFCFACEOUTERBOUND(#3514,.T.);
#2288=IFCFACEOUTERBOUND(#3509,.T.);
#2290=IFCFACEOUTERBOUND(#3511,.T.);
#2289=IFCFACEOUTERBOUND(#3510,.T.);
#2284=IFCFACEOUTERBOUND(#3508,.T.);
#2287=IFCFACEOUTERBOUND(#3507,.T.);
#2286=IFCFACEOUTERBOUND(#3506,.T.);
#2285=IFCFACEOUTERBOUND(#3505,.T.);
#2283=IFCFACEOUTERBOUND(#3504,.T.);
#2282=IFCFACEOUTERBOUND(#3503,.T.);
#2281=IFCFACEOUTERBOUND(#3502,.T.);
#2280=IFCFACEOUTERBOUND(#3501,.T.);
#2277=IFCFACEOUTERBOUND(#3500,.T.);
#2274=IFCFACEOUTERBOUND(#3495,.T.);
#2260=IFCFACEOUTERBOUND(#3494,.T.);
#2295=IFCFACEOUTERBOUND(#3516,.T.);
#2307=IFCFACEOUTERBOUND(#3528,.T.);
#2306=IFCFACEOUTERBOUND(#3527,.T.);
#2292=IFCFACEOUTERBOUND(#3513,.T.);
#2294=IFCFACEOUTERBOUND(#3515,.T.);
#2304=IFCFACEOUTERBOUND(#3525,.T.);
#2309=IFCFACEOUTERBOUND(#3530,.T.);
#2305=IFCFACEOUTERBOUND(#3526,.T.);
#2303=IFCFACEOUTERBOUND(#3524,.T.);
#2302=IFCFACEOUTERBOUND(#3523,.T.);
#2301=IFCFACEOUTERBOUND(#3522,.T.);
#2300=IFCFACEOUTERBOUND(#3521,.T.);
#2299=IFCFACEOUTERBOUND(#3520,.T.);
#2298=IFCFACEOUTERBOUND(#3519,.T.);
#2297=IFCFACEOUTERBOUND(#3518,.T.);
#2296=IFCFACEOUTERBOUND(#3517,.T.);
#2310=IFCFACEOUTERBOUND(#3531,.T.);
#2308=IFCFACEOUTERBOUND(#3529,.T.);
#2319=IFCFACEOUTERBOUND(#3538,.T.);
#2325=IFCFACEOUTERBOUND(#3546,.T.);
#2311=IFCFACEOUTERBOUND(#3541,.T.);
#2324=IFCFACEOUTERBOUND(#3545,.T.);
#2323=IFCFACEOUTERBOUND(#3544,.T.);
#2322=IFCFACEOUTERBOUND(#3543,.T.);
#2321=IFCFACEOUTERBOUND(#3542,.T.);
#2317=IFCFACEOUTERBOUND(#3540,.T.);
#2320=IFCFACEOUTERBOUND(#3539,.T.);
#2318=IFCFACEOUTERBOUND(#3537,.T.);
#2316=IFCFACEOUTERBOUND(#3536,.T.);
#2315=IFCFACEOUTERBOUND(#3535,.T.);
#2314=IFCFACEOUTERBOUND(#3534,.T.);
#2313=IFCFACEOUTERBOUND(#3533,.T.);
#2312=IFCFACEOUTERBOUND(#3532,.T.);
#2335=IFCFACEOUTERBOUND(#3554,.T.);
#2334=IFCFACEOUTERBOUND(#3553,.T.);
#2333=IFCFACEOUTERBOUND(#3552,.T.);
#2331=IFCFACEOUTERBOUND(#3551,.T.);
#2329=IFCFACEOUTERBOUND(#3550,.T.);
#2328=IFCFACEOUTERBOUND(#3549,.T.);
#2327=IFCFACEOUTERBOUND(#3548,.T.);
#2326=IFCFACEOUTERBOUND(#3547,.T.);
#2336=IFCFACEOUTERBOUND(#3555,.T.);
#2330=IFCFACEOUTERBOUND(#3556,.T.);
#2337=IFCFACEOUTERBOUND(#3557,.T.);
#2338=IFCFACEOUTERBOUND(#3558,.T.);
#2346=IFCFACEOUTERBOUND(#3567,.T.);
#2345=IFCFACEOUTERBOUND(#3566,.T.);
#2344=IFCFACEOUTERBOUND(#3565,.T.);
#2343=IFCFACEOUTERBOUND(#3564,.T.);
#2342=IFCFACEOUTERBOUND(#3563,.T.);
#2341=IFCFACEOUTERBOUND(#3562,.T.);
#2340=IFCFACEOUTERBOUND(#3561,.T.);
#2339=IFCFACEOUTERBOUND(#3560,.T.);
#2347=IFCFACEOUTERBOUND(#3568,.T.);
#2348=IFCFACEOUTERBOUND(#3569,.T.);
#2358=IFCFACEOUTERBOUND(#3578,.T.);
#2357=IFCFACEOUTERBOUND(#3577,.T.);
#2356=IFCFACEOUTERBOUND(#3576,.T.);
#2354=IFCFACEOUTERBOUND(#3575,.T.);
#2332=IFCFACEOUTERBOUND(#3559,.T.);
#2353=IFCFACEOUTERBOUND(#3574,.T.);
#2352=IFCFACEOUTERBOUND(#3573,.T.);
#2351=IFCFACEOUTERBOUND(#3572,.T.);
#2350=IFCFACEOUTERBOUND(#3571,.T.);
#2349=IFCFACEOUTERBOUND(#3570,.T.);
#2362=IFCFACEOUTERBOUND(#3582,.T.);
#2361=IFCFACEOUTERBOUND(#3581,.T.);
#2360=IFCFACEOUTERBOUND(#3580,.T.);
#2359=IFCFACEOUTERBOUND(#3579,.T.);
#2363=IFCFACEOUTERBOUND(#3583,.T.);
#2365=IFCFACEOUTERBOUND(#3585,.T.);
#2364=IFCFACEOUTERBOUND(#3584,.T.);
#2366=IFCFACEOUTERBOUND(#3586,.T.);
#2373=IFCFACEOUTERBOUND(#3594,.T.);
#2372=IFCFACEOUTERBOUND(#3593,.T.);
#2371=IFCFACEOUTERBOUND(#3592,.T.);
#2370=IFCFACEOUTERBOUND(#3591,.T.);
#2369=IFCFACEOUTERBOUND(#3590,.T.);
#2368=IFCFACEOUTERBOUND(#3589,.T.);
#2367=IFCFACEOUTERBOUND(#3588,.T.);
#2355=IFCFACEOUTERBOUND(#3587,.T.);
#2374=IFCFACEOUTERBOUND(#3595,.T.);
#2375=IFCFACEOUTERBOUND(#3596,.T.);
#2376=IFCFACEOUTERBOUND(#3597,.T.);
#2377=IFCFACEOUTERBOUND(#3598,.T.);
#2379=IFCFACEOUTERBOUND(#3601,.T.);
#2381=IFCFACEOUTERBOUND(#3600,.T.);
#2380=IFCFACEOUTERBOUND(#3599,.T.);
#2378=IFCFACEOUTERBOUND(#3602,.T.);
#2382=IFCFACEOUTERBOUND(#3603,.T.);
#2383=IFCFACEOUTERBOUND(#3604,.T.);
#2384=IFCFACEOUTERBOUND(#3605,.T.);
#2391=IFCFACEOUTERBOUND(#3612,.T.);
#2390=IFCFACEOUTERBOUND(#3611,.T.);
#2389=IFCFACEOUTERBOUND(#3610,.T.);
#2388=IFCFACEOUTERBOUND(#3609,.T.);
#2387=IFCFACEOUTERBOUND(#3608,.T.);
#2386=IFCFACEOUTERBOUND(#3607,.T.);
#2385=IFCFACEOUTERBOUND(#3606,.T.);
#2392=IFCFACEOUTERBOUND(#3613,.T.);
#2393=IFCFACEOUTERBOUND(#3614,.T.);
#2394=IFCFACEOUTERBOUND(#3616,.T.);
#2396=IFCFACEOUTERBOUND(#3617,.T.);
#2405=IFCFACEOUTERBOUND(#3626,.T.);
#2404=IFCFACEOUTERBOUND(#3625,.T.);
#2403=IFCFACEOUTERBOUND(#3624,.T.);
#2402=IFCFACEOUTERBOUND(#3623,.T.);
#2401=IFCFACEOUTERBOUND(#3622,.T.);
#2400=IFCFACEOUTERBOUND(#3621,.T.);
#2399=IFCFACEOUTERBOUND(#3620,.T.);
#2398=IFCFACEOUTERBOUND(#3619,.T.);
#2395=IFCFACEOUTERBOUND(#3615,.T.);
#2397=IFCFACEOUTERBOUND(#3618,.T.);
#2407=IFCFACEOUTERBOUND(#3627,.T.);
#2408=IFCFACEOUTERBOUND(#3628,.T.);
#2415=IFCFACEOUTERBOUND(#3635,.T.);
#2409=IFCFACEOUTERBOUND(#3632,.T.);
#2414=IFCFACEOUTERBOUND(#3634,.T.);
#2413=IFCFACEOUTERBOUND(#3633,.T.);
#2411=IFCFACEOUTERBOUND(#3631,.T.);
#2410=IFCFACEOUTERBOUND(#3630,.T.);
#2406=IFCFACEOUTERBOUND(#3629,.T.);
#2417=IFCFACEOUTERBOUND(#3637,.T.);
#2416=IFCFACEOUTERBOUND(#3636,.T.);
#2418=IFCFACEOUTERBOUND(#3638,.T.);
#2419=IFCFACEOUTERBOUND(#3639,.T.);
#2412=IFCFACEOUTERBOUND(#3640,.T.);
#2421=IFCFACEOUTERBOUND(#3642,.T.);
#2432=IFCFACEOUTERBOUND(#3654,.T.);
#2431=IFCFACEOUTERBOUND(#3653,.T.);
#2433=IFCFACEOUTERBOUND(#3652,.T.);
#2420=IFCFACEOUTERBOUND(#3641,.T.);
#2430=IFCFACEOUTERBOUND(#3651,.T.);
#2429=IFCFACEOUTERBOUND(#3650,.T.);
#2428=IFCFACEOUTERBOUND(#3649,.T.);
#2427=IFCFACEOUTERBOUND(#3648,.T.);
#2426=IFCFACEOUTERBOUND(#3647,.T.);
#2425=IFCFACEOUTERBOUND(#3646,.T.);
#2424=IFCFACEOUTERBOUND(#3645,.T.);
#2434=IFCFACEOUTERBOUND(#3661,.T.);
#2440=IFCFACEOUTERBOUND(#3660,.T.);
#2439=IFCFACEOUTERBOUND(#3659,.T.);
#2438=IFCFACEOUTERBOUND(#3658,.T.);
#2437=IFCFACEOUTERBOUND(#3657,.T.);
#2435=IFCFACEOUTERBOUND(#3656,.T.);
#2423=IFCFACEOUTERBOUND(#3644,.T.);
#2422=IFCFACEOUTERBOUND(#3643,.T.);
#2449=IFCFACEOUTERBOUND(#3669,.T.);
#2436=IFCFACEOUTERBOUND(#3655,.T.);
#2448=IFCFACEOUTERBOUND(#3668,.T.);
#2447=IFCFACEOUTERBOUND(#3667,.T.);
#2446=IFCFACEOUTERBOUND(#3666,.T.);
#2445=IFCFACEOUTERBOUND(#3665,.T.);
#2444=IFCFACEOUTERBOUND(#3664,.T.);
#2443=IFCFACEOUTERBOUND(#3663,.T.);
#2442=IFCFACEOUTERBOUND(#3662,.T.);
#2450=IFCFACEOUTERBOUND(#3670,.T.);
#2451=IFCFACEOUTERBOUND(#3671,.T.);
#2452=IFCFACEOUTERBOUND(#3672,.T.);
#2461=IFCFACEOUTERBOUND(#3680,.T.);
#2459=IFCFACEOUTERBOUND(#3679,.T.);
#2458=IFCFACEOUTERBOUND(#3678,.T.);
#2457=IFCFACEOUTERBOUND(#3677,.T.);
#2441=IFCFACEOUTERBOUND(#3676,.T.);
#2456=IFCFACEOUTERBOUND(#3675,.T.);
#2454=IFCFACEOUTERBOUND(#3674,.T.);
#2453=IFCFACEOUTERBOUND(#3673,.T.);
#2472=IFCFACEOUTERBOUND(#3692,.T.);
#2468=IFCFACEOUTERBOUND(#3688,.T.);
#2471=IFCFACEOUTERBOUND(#3691,.T.);
#2470=IFCFACEOUTERBOUND(#3690,.T.);
#2469=IFCFACEOUTERBOUND(#3689,.T.);
#2467=IFCFACEOUTERBOUND(#3687,.T.);
#2466=IFCFACEOUTERBOUND(#3686,.T.);
#2460=IFCFACEOUTERBOUND(#3685,.T.);
#2465=IFCFACEOUTERBOUND(#3684,.T.);
#2464=IFCFACEOUTERBOUND(#3683,.T.);
#2463=IFCFACEOUTERBOUND(#3682,.T.);
#2462=IFCFACEOUTERBOUND(#3681,.T.);
#2483=IFCFACEOUTERBOUND(#3703,.T.);
#2482=IFCFACEOUTERBOUND(#3702,.T.);
#2481=IFCFACEOUTERBOUND(#3701,.T.);
#2479=IFCFACEOUTERBOUND(#3700,.T.);
#2478=IFCFACEOUTERBOUND(#3699,.T.);
#2476=IFCFACEOUTERBOUND(#3698,.T.);
#2455=IFCFACEOUTERBOUND(#3697,.T.);
#2477=IFCFACEOUTERBOUND(#3696,.T.);
#2492=IFCFACEOUTERBOUND(#3713,.T.);
#2491=IFCFACEOUTERBOUND(#3712,.T.);
#2490=IFCFACEOUTERBOUND(#3711,.T.);
#2489=IFCFACEOUTERBOUND(#3710,.T.);
#2488=IFCFACEOUTERBOUND(#3709,.T.);
#2487=IFCFACEOUTERBOUND(#3708,.T.);
#2486=IFCFACEOUTERBOUND(#3707,.T.);
#2485=IFCFACEOUTERBOUND(#3706,.T.);
#2480=IFCFACEOUTERBOUND(#3705,.T.);
#2475=IFCFACEOUTERBOUND(#3695,.T.);
#2474=IFCFACEOUTERBOUND(#3694,.T.);
#2473=IFCFACEOUTERBOUND(#3693,.T.);
#2493=IFCFACEOUTERBOUND(#3714,.T.);
#2507=IFCFACEOUTERBOUND(#3727,.T.);
#2506=IFCFACEOUTERBOUND(#3726,.T.);
#2505=IFCFACEOUTERBOUND(#3725,.T.);
#2504=IFCFACEOUTERBOUND(#3724,.T.);
#2503=IFCFACEOUTERBOUND(#3723,.T.);
#2496=IFCFACEOUTERBOUND(#3722,.T.);
#2501=IFCFACEOUTERBOUND(#3721,.T.);
#2500=IFCFACEOUTERBOUND(#3720,.T.);
#2499=IFCFACEOUTERBOUND(#3719,.T.);
#2498=IFCFACEOUTERBOUND(#3718,.T.);
#2497=IFCFACEOUTERBOUND(#3717,.T.);
#2495=IFCFACEOUTERBOUND(#3716,.T.);
#2484=IFCFACEOUTERBOUND(#3704,.T.);
#2494=IFCFACEOUTERBOUND(#3715,.T.);
#2508=IFCFACEOUTERBOUND(#3728,.T.);
#2509=IFCFACEOUTERBOUND(#3729,.T.);
#2510=IFCFACEOUTERBOUND(#3730,.T.);
#2511=IFCFACEOUTERBOUND(#3731,.T.);
#2519=IFCAXIS2PLACEMENT3D(#3739,#3740,#3741);
#2518=IFCFACEOUTERBOUND(#3737,.T.);
#2502=IFCFACEOUTERBOUND(#3738,.T.);
#2517=IFCFACEOUTERBOUND(#3736,.T.);
#2516=IFCFACEOUTERBOUND(#3735,.T.);
#2515=IFCFACEOUTERBOUND(#3734,.T.);
#2513=IFCFACEOUTERBOUND(#3733,.T.);
#2512=IFCFACEOUTERBOUND(#3732,.T.);
#2521=IFCLOCALPLACEMENT(#1340,#3742);
#2520=IFCFACEOUTERBOUND(#3744,.T.);
#2522=IFCLOCALPLACEMENT(#1340,#3743);
#2524=IFCLOCALPLACEMENT(#1343,#3748);
#2523=IFCAXIS2PLACEMENT3D(#3745,#3746,#3747);
#2514=IFCFACEOUTERBOUND(#3749,.T.);
#2525=IFCLOCALPLACEMENT(#1343,#3751);
#2526=IFCPROPERTYSET('0Kbr29bSjVHQdt9v0vHtcI',#2,'Pset_ManufacturerOccurrence',$,(#3750));
#2531=IFCPROPERTYSET('33jnm82m2y83A3RPc0Xrev',#2,'Pset_ManufacturerOccurrence',$,(#3754));
#2528=IFCSYSTEM('2CPuq2eO90zOObWhTOTnh2',#2,'Agua Fr\X\EDa',$,$);
#2533=IFCFACEOUTERBOUND(#3756,.T.);
#2527=IFCPROPERTYSET('3bZFldgXQyC3mXBuAGXQru',#2,'Pset_ManufacturerTypeInformation',$,(#3752,#3753));
#2529=IFCCLASSIFICATIONREFERENCE($,'Uni\X\F3n de Tubo',$,#2626);
#2534=IFCFACEOUTERBOUND(#3757,.T.);
#2535=IFCFACEOUTERBOUND(#3758,.T.);
#2532=IFCCLASSIFICATIONREFERENCE($,'Segmento de Tubo',$,#2626);
#2530=IFCPROPERTYSET('0bcDfzF9NIRtXn$9qaYuUT',#2,'AC_Pset_RenovationAndPhasing',$,(#3755));
#2538=IFCPROPERTYSET('35l3HQKxKMuvmoQFMpAUsj',#2,'AC_Pset_RenovationAndPhasing',$,(#3760));
#2537=IFCFACEOUTERBOUND(#3759,.T.);
#2536=IFCPROPERTYSET('2GykJOx7HjsTArKcsCM_AB',#2,'Pset_DesignOptions',$,(#3761,#3762));
#2539=IFCPIPEFITTINGTYPE('1rerhz7yZEip_szeq9xF6y',#2,'IfcFlowFitting',$,$,$,$,'75A35AFD-1FC8-CEB3-3FB6-F68D09ECF1BC',$,.NOTDEFINED.);
#2542=IFCFACEOUTERBOUND(#3764,.T.);
#2541=IFCDISTRIBUTIONPORT('0Dn05rjiEEJfjHCOeiNXn8',#2,'Unnamed port',$,$,#2522,$,.SOURCEANDSINK.);
#2544=IFCPROPERTYSET('2ACB5NWhpK06RGmPuXDcUs',#2,'Pset_ManufacturerTypeInformation',$,(#3768,#3769));
#2545=IFCPROPERTYSET('1xZb3$z1kIroeylc9Xf$Vh',#2,'Pset_DesignOptions',$,(#3771,#3772));
#2543=IFCFACEOUTERBOUND(#3770,.T.);
#2553=IFCFACEOUTERBOUND(#3780,.T.);
#2552=IFCFACEOUTERBOUND(#3779,.T.);
#2547=IFCFACEOUTERBOUND(#3778,.T.);
#2551=IFCFACEOUTERBOUND(#3777,.T.);
#2550=IFCFACEOUTERBOUND(#3776,.T.);
#2549=IFCFACEOUTERBOUND(#3775,.T.);
#2548=IFCFACEOUTERBOUND(#3774,.T.);
#2546=IFCFACEOUTERBOUND(#3773,.T.);
#2557=IFCFACEOUTERBOUND(#3788,.T.);
#2540=IFCDISTRIBUTIONPORT('0_eLNO3ChzI97ixgN7jcWm',#2,'Unnamed port',$,$,#2521,$,.SOURCEANDSINK.);
#2556=IFCFACEOUTERBOUND(#3783,.T.);
#2554=IFCFACEOUTERBOUND(#3782,.T.);
#2555=IFCFACEOUTERBOUND(#3781,.T.);
#2559=IFCFACEOUTERBOUND(#3789,.T.);
#2560=IFCFACEOUTERBOUND(#3790,.T.);
#2562=IFCFACEOUTERBOUND(#3792,.T.);
#2558=IFCFACEOUTERBOUND(#3791,.T.);
#2563=IFCFACEOUTERBOUND(#3793,.T.);
#2561=IFCFACEOUTERBOUND(#3794,.T.);
#2565=IFCFACEOUTERBOUND(#3795,.T.);
#2564=IFCFACEOUTERBOUND(#3796,.T.);
#2567=IFCFACEOUTERBOUND(#3797,.T.);
#2574=IFCFACEOUTERBOUND(#3804,.T.);
#2573=IFCFACEOUTERBOUND(#3803,.T.);
#2566=IFCFACEOUTERBOUND(#3802,.T.);
#2571=IFCFACEOUTERBOUND(#3801,.T.);
#2570=IFCFACEOUTERBOUND(#3800,.T.);
#2569=IFCFACEOUTERBOUND(#3799,.T.);
#2568=IFCFACEOUTERBOUND(#3798,.T.);
#2572=IFCFACEOUTERBOUND(#3806,.T.);
#2577=IFCFACEOUTERBOUND(#3807,.T.);
#2583=IFCFACEOUTERBOUND(#3813,.T.);
#2575=IFCFACEOUTERBOUND(#3812,.T.);
#2581=IFCFACEOUTERBOUND(#3811,.T.);
#2580=IFCFACEOUTERBOUND(#3810,.T.);
#2579=IFCFACEOUTERBOUND(#3809,.T.);
#2578=IFCFACEOUTERBOUND(#3808,.T.);
#2576=IFCFACEOUTERBOUND(#3805,.T.);
#2585=IFCFACEOUTERBOUND(#3814,.T.);
#2582=IFCPIPESEGMENTTYPE('0563tdkWAR7uO1JnKPboDp',#2,'IfcFlowSegment',$,$,$,$,'05183DE7-BA02-9B1F-8601-4F1519972373',$,.NOTDEFINED.);
#2584=IFCFACEOUTERBOUND(#3815,.T.);
#2586=IFCDISTRIBUTIONPORT('0BqbscffCgJANPysiZSNUK',#2,'Unnamed port',$,$,#2524,$,.SOURCEANDSINK.);
#2587=IFCFACEOUTERBOUND(#3823,.T.);
#2588=IFCAXIS2PLACEMENT3D(#3820,#3821,#3822);
#2589=IFCLOCALPLACEMENT(#1407,#3819);
#2590=IFCLOCALPLACEMENT(#1407,#3824);
#2592=IFCFACEOUTERBOUND(#3825,.T.);
#2593=IFCDISTRIBUTIONPORT('01FYpJ636EG8flnfP5uJAE',#2,'Unnamed port',$,$,#2525,$,.SOURCEANDSINK.);
#2594=IFCPROPERTYSET('2IY1qyTQok3LtJkag1jPfU',#2,'AC_Pset_RenovationAndPhasing',$,(#3829));
#2595=IFCPROPERTYSET('2AD3sckH4fgpx7bWvD2nTx',#2,'Pset_DesignOptions',$,(#3830,#3831));
#2597=IFCFACEOUTERBOUND(#3832,.T.);
#2604=IFCCARTESIANPOINT((0.,0.,0.));
#2603=IFCFACEOUTERBOUND(#3843,.T.);
#2602=IFCFACEOUTERBOUND(#3842,.T.);
#2598=IFCDISTRIBUTIONPORT('1K9CWb5JZVJOS1homkryt8',#2,'Unnamed port',$,$,#2589,$,.SOURCEANDSINK.);
#2591=IFCPROPERTYSET('0norFqtArdRYuQvz0kHQE3',#2,'Pset_ManufacturerOccurrence',$,(#3837));
#2599=IFCFACEOUTERBOUND(#3836,.T.);
#2596=IFCPROPERTYSET('0Pkr95NJgEhduwgRj_nC5J',#2,'Pset_ManufacturerTypeInformation',$,(#3834,#3835));
#2601=IFCDISTRIBUTIONPORT('2EkvQo__$gIRFYt414Xe$l',#2,'Unnamed port',$,$,#2590,$,.SOURCEANDSINK.);
#2611=IFCFACEOUTERBOUND(#3850,.T.);
#2610=IFCDIRECTION((1.,0.,0.));
#2609=IFCDIRECTION((0.,0.,1.));
#2608=IFCFACEOUTERBOUND(#3849,.T.);
#2617=IFCFACEOUTERBOUND(#3857,.T.);
#2616=IFCFACEOUTERBOUND(#3856,.T.);
#2615=IFCFACEOUTERBOUND(#3855,.T.);
#2614=IFCFACEOUTERBOUND(#3854,.T.);
#2613=IFCFACEOUTERBOUND(#3853,.T.);
#2600=IFCFACEOUTERBOUND(#3852,.T.);
#2607=IFCFACEOUTERBOUND(#3848,.T.);
#2605=IFCAXIS2PLACEMENT3D(#3845,#3846,#3847);
#2624=IFCFACEOUTERBOUND(#3863,.T.);
#2625=IFCFACEOUTERBOUND(#3862,.T.);
#2623=IFCDIRECTION((0.,1.,0.));
#2612=IFCFACEOUTERBOUND(#3851,.T.);
#2621=IFCCARTESIANPOINT((10710.89434360967,-32.6380756117215,0.));
#2622=IFCDIRECTION((0.,0.,1.));
#2606=IFCFACEOUTERBOUND(#3861,.T.);
#2620=IFCFACEOUTERBOUND(#3860,.T.);
#2619=IFCFACEOUTERBOUND(#3859,.T.);
#2618=IFCFACEOUTERBOUND(#3858,.T.);
#2626=IFCCLASSIFICATION('www.graphisoft.com','v 2.0',#3864,'Clasificaci\X\F3n de Archicad');
#2628=IFCPROPERTYSINGLEVALUE('Design Option',$,IFCLABEL('Modelo Principal'),$);
#2627=IFCPROPERTYSINGLEVALUE('Design Option Set',$,IFCLABEL('Modelo Principal'),$);
#2629=IFCPROPERTYSINGLEVALUE('Renovation Status',$,IFCLABEL('New'),$);
#2630=IFCFACEOUTERBOUND(#3865,.T.);
#2635=IFCCARTESIANPOINT((10710.89434360967,4967.361924388279,0.));
#2636=IFCDIRECTION((0.,0.,1.));
#2634=IFCRELDEFINESBYTYPE('0$_NfKrBZhq3fwlEQuXXpK',#2,$,$,(#1446),#3868);
#2633=IFCRELDEFINESBYPROPERTIES('3tx$rtExOsF76eO5Upwp9M',#2,$,$,(#1446),#3867);
#2632=IFCRELDEFINESBYPROPERTIES('0XMjEhkRrBWdjSXlPhGCa5',#2,$,$,(#1446),#3866);
#2637=IFCDIRECTION((1.,0.,0.));
#2639=IFCPROPERTYSINGLEVALUE('Design Option',$,IFCLABEL('Modelo Principal'),$);
#2638=IFCPROPERTYSINGLEVALUE('Design Option Set',$,IFCLABEL('Modelo Principal'),$);
#2631=IFCRELASSOCIATESCLASSIFICATION('03Gy8TXdeFfQCZSg9YRoia',#2,'Clasificaci\X\F3n de Archicad v 2.0',$,(#1446),#3869);
#2642=IFCDIRECTION((0.,-1.,0.));
#2641=IFCDIRECTION((0.,0.,1.));
#2640=IFCCARTESIANPOINT((15710.89434360967,4967.361924388279,0.));
#2644=IFCPOLYLOOP((#3870,#3871,#3872,#3873));
#2656=IFCDIRECTION((0.,0.,1.));
#2654=IFCDIRECTION((-1.,0.,0.));
#2645=IFCPOLYLOOP((#3877,#3874,#3871,#3870));
#2653=IFCDIRECTION((0.,0.,1.));
#2652=IFCCARTESIANPOINT((15710.89434360967,-32.63807561172172,0.));
#2651=IFCPROPERTYSINGLEVALUE('Design Option',$,IFCLABEL('Modelo Principal'),$);
#2650=IFCPROPERTYSINGLEVALUE('Design Option Set',$,IFCLABEL('Modelo Principal'),$);
#2643=IFCPROPERTYSINGLEVALUE('Renovation Status',$,IFCLABEL('New'),$);
#2649=IFCPOLYLOOP((#3876,#3875,#3874,#3877));
#2648=IFCPOLYLOOP((#3877,#3870,#3873,#3876));
#2647=IFCPOLYLOOP((#3873,#3872,#3875,#3876));
#2655=IFCCARTESIANPOINT((250.0000000000001,250.0000000000001,0.));
#2662=IFCPROPERTYSINGLEVALUE('Reference',$,IFCIDENTIFIER('GEN\X\C9RICO - ESTRUCTURAL 500 x 500'),$);
#2661=IFCPROPERTYSINGLEVALUE('Design Option',$,IFCLABEL('Modelo Principal'),$);
#2660=IFCPROPERTYSINGLEVALUE('Design Option Set',$,IFCLABEL('Modelo Principal'),$);
#2659=IFCPROPERTYSINGLEVALUE('Renovation Status',$,IFCLABEL('New'),$);
#2658=IFCPROPERTYSINGLEVALUE('Slope',$,IFCPLANEANGLEMEASURE(90.),$);
#2657=IFCDIRECTION((1.,0.,0.));
#2646=IFCPOLYLOOP((#3872,#3871,#3874,#3875));
#2664=IFCPOLYLOOP((#3880,#3879,#3878,#3883));
#2674=IFCCOLOURRGB($,0.8,0.5490196078431373,0.196078431372549);
#2673=IFCPROPERTYSINGLEVALUE('Renovation Status',$,IFCLABEL('New'),$);
#2671=IFCPROPERTYSINGLEVALUE('Design Option',$,IFCLABEL('Modelo Principal'),$);
#2670=IFCPROPERTYSINGLEVALUE('Design Option Set',$,IFCLABEL('Modelo Principal'),$);
#2668=IFCPROPERTYSINGLEVALUE('Renovation Status',$,IFCLABEL('New'),$);
#2669=IFCPOLYLOOP((#3880,#3883,#3885,#3881));
#2667=IFCPOLYLOOP((#3883,#3878,#3884,#3885));
#2666=IFCPOLYLOOP((#3882,#3881,#3885,#3884));
#2663=IFCPOLYLOOP((#3878,#3879,#3882,#3884));
#2665=IFCPOLYLOOP((#3879,#3880,#3881,#3882));
#2675=IFCPOLYLOOP((#3886,#3887,#3888,#3889));
#2672=IFCCOLOURRGB($,0.6588235294117647,0.6588235294117647,0.6588235294117647);
#2679=IFCPOLYLOOP((#3888,#3887,#3893,#3890));
#2677=IFCPOLYLOOP((#3892,#3891,#3890,#3893));
#2676=IFCPOLYLOOP((#3889,#3888,#3890,#3891));
#2680=IFCCARTESIANPOINT((0.,0.,0.));
#2682=IFCDIRECTION((1.,0.,0.));
#2678=IFCPOLYLOOP((#3887,#3886,#3892,#3893));
#2684=IFCPOLYLOOP((#3886,#3889,#3891,#3892));
#2685=IFCPOLYLOOP((#3894,#3895,#3896,#3897));
#2687=IFCPOLYLOOP((#3900,#3898,#3899,#3901));
#2686=IFCPOLYLOOP((#3898,#3896,#3895,#3899));
#2681=IFCDIRECTION((0.,0.,1.));
#2688=IFCPOLYLOOP((#3900,#3901,#3894,#3897));
#2690=IFCCARTESIANPOINT((0.,0.,0.));
#2689=IFCPOLYLOOP((#3902,#3903,#3904,#3905));
#2691=IFCDIRECTION((0.,0.,1.));
#2693=IFCPOLYLOOP((#3906,#3907,#3903,#3902));
#2692=IFCDIRECTION((1.,0.,0.));
#2696=IFCPOLYLOOP((#3905,#3909,#3906,#3902));
#2694=IFCPOLYLOOP((#3904,#3903,#3907,#3908));
#2698=IFCCARTESIANPOINT((0.,0.,0.));
#2695=IFCPOLYLOOP((#3905,#3904,#3908,#3909));
#2697=IFCPOLYLOOP((#3909,#3908,#3907,#3906));
#2700=IFCDIRECTION((0.,0.,1.));
#2704=IFCPOLYLOOP((#3914,#3911,#3910,#3915));
#2703=IFCCOLOURRGB($,0.8274509803921568,0.7803921568627451,0.6705882352941176);
#2683=IFCPOLYLOOP((#3897,#3896,#3898,#3900));
#2702=IFCPOLYLOOP((#3910,#3911,#3912,#3913));
#2701=IFCDIRECTION((1.,0.,0.));
#2710=IFCDIRECTION((1.,0.,0.));
#2709=IFCDIRECTION((0.,0.,1.));
#2708=IFCCARTESIANPOINT((0.,0.,0.));
#2705=IFCPOLYLOOP((#3915,#3910,#3913,#3916));
#2706=IFCPOLYLOOP((#3916,#3913,#3912,#3917));
#2699=IFCPOLYLOOP((#3901,#3899,#3895,#3894));
#2712=IFCDIRECTION((0.,0.,1.));
#2711=IFCCARTESIANPOINT((0.,0.,0.));
#2713=IFCDIRECTION((1.,0.,0.));
#2715=IFCCARTESIANPOINT((0.,0.,0.));
#2716=IFCDIRECTION((0.,0.,1.));
#2717=IFCDIRECTION((1.,0.,0.));
#2718=IFCPOLYLOOP((#3918,#3919,#3920,#3921));
#2707=IFCPOLYLOOP((#3915,#3916,#3917,#3914));
#2721=IFCPOLYLOOP((#3921,#3920,#3924,#3925));
#2720=IFCPOLYLOOP((#3920,#3919,#3923,#3924));
#2719=IFCPOLYLOOP((#3922,#3923,#3919,#3918));
#2722=IFCPOLYLOOP((#3926,#3927,#3930,#3931));
#2724=IFCPOLYLOOP((#3930,#3927,#3929,#3932));
#2725=IFCPOLYLOOP((#3931,#3930,#3932,#3933));
#2726=IFCPOLYLOOP((#3931,#3933,#3928,#3926));
#2730=IFCPOLYLOOP((#3940,#3938,#3939,#3941));
#2723=IFCPOLYLOOP((#3928,#3929,#3927,#3926));
#2714=IFCPOLYLOOP((#3917,#3912,#3911,#3914));
#2729=IFCPOLYLOOP((#3938,#3936,#3935,#3939));
#2728=IFCPOLYLOOP((#3934,#3935,#3936,#3937));
#2727=IFCPOLYLOOP((#3933,#3932,#3929,#3928));
#2735=IFCPOLYLOOP((#3944,#3943,#3946,#3947));
#2734=IFCPOLYLOOP((#3937,#3936,#3938,#3940));
#2733=IFCPOLYLOOP((#3942,#3943,#3944,#3945));
#2736=IFCPOLYLOOP((#3945,#3944,#3947,#3948));
#2738=IFCPOLYLOOP((#3948,#3947,#3946,#3949));
#2732=IFCPOLYLOOP((#3941,#3939,#3935,#3934));
#2737=IFCPOLYLOOP((#3945,#3948,#3949,#3942));
#2743=IFCDIRECTION((1.,0.,0.));
#2742=IFCDIRECTION((0.,0.,1.));
#2741=IFCCARTESIANPOINT((0.,0.,0.));
#2740=IFCPOLYLOOP((#3921,#3925,#3922,#3918));
#2731=IFCPOLYLOOP((#3940,#3941,#3934,#3937));
#2739=IFCPOLYLOOP((#3949,#3946,#3943,#3942));
#2745=IFCCARTESIANPOINT((0.,0.,0.));
#2746=IFCDIRECTION((0.,0.,1.));
#2748=IFCPOLYLOOP((#3950,#3951,#3952,#3953));
#2747=IFCDIRECTION((1.,0.,0.));
#2744=IFCPOLYLOOP((#3925,#3924,#3923,#3922));
#2749=IFCPOLYLOOP((#3954,#3955,#3956,#3957));
#2750=IFCPOLYLOOP((#3951,#3958,#3960,#3952));
#2752=IFCPOLYLOOP((#3958,#3961,#3962,#3960));
#2756=IFCPOLYLOOP((#3965,#3959,#3966,#3967));
#2754=IFCSURFACESTYLERENDERING(#3963,0.,IFCNORMALISEDRATIOMEASURE(0.55),$,$,$,IFCNORMALISEDRATIOMEASURE(0.83),$,.NOTDEFINED.);
#2753=IFCPOLYLOOP((#3955,#3950,#3953,#3956));
#2755=IFCPOLYLOOP((#3964,#3965,#3967,#3975));
#2758=IFCPOLYLOOP((#3961,#3972,#3973,#3962));
#2757=IFCPOLYLOOP((#3968,#3969,#3970,#3971));
#2759=IFCPOLYLOOP((#3969,#3974,#3979,#3970));
#2760=IFCPOLYLOOP((#3976,#3977,#3978,#3980));
#2751=IFCPOLYLOOP((#3959,#3954,#3957,#3966));
#2763=IFCPOLYLOOP((#3977,#3985,#3986,#3978));
#2762=IFCPOLYLOOP((#3982,#3964,#3975,#3983));
#2761=IFCPOLYLOOP((#3981,#3982,#3983,#3984));
#2767=IFCPOLYLOOP((#3990,#3987,#3991,#3992));
#2766=IFCPOLYLOOP((#3972,#3976,#3980,#3973));
#2765=IFCPOLYLOOP((#3985,#3988,#3989,#3986));
#2764=IFCPOLYLOOP((#3987,#3981,#3984,#3991));
#2768=IFCPOLYLOOP((#3988,#3993,#3994,#3989));
#2772=IFCPOLYLOOP((#3999,#4001,#4000));
#2771=IFCPOLYLOOP((#3998,#3999,#4000));
#2770=IFCPOLYLOOP((#3993,#3996,#3997,#3994));
#2773=IFCPOLYLOOP((#3998,#4000,#4002));
#2775=IFCPOLYLOOP((#4003,#3998,#4002));
#2776=IFCPOLYLOOP((#4004,#4005,#4001));
#2769=IFCPOLYLOOP((#3995,#3990,#3992,#4006));
#2774=IFCPOLYLOOP((#3999,#4004,#4001));
#2778=IFCPOLYLOOP((#3996,#4007,#4012,#3997));
#2780=IFCPOLYLOOP((#4007,#4009,#4011,#4012));
#2779=IFCPOLYLOOP((#4009,#4008,#4010,#4011));
#2777=IFCPOLYLOOP((#4008,#3995,#4006,#4010));
#2782=IFCPOLYLOOP((#4003,#4002,#4014));
#2781=IFCSURFACESTYLERENDERING(#4013,0.,IFCNORMALISEDRATIOMEASURE(0.65),$,$,$,IFCNORMALISEDRATIOMEASURE(0.2),$,.NOTDEFINED.);
#2785=IFCPOLYLOOP((#4015,#4020,#4022));
#2786=IFCPOLYLOOP((#4017,#4016,#4021));
#2784=IFCPOLYLOOP((#4015,#4019,#4020));
#2789=IFCPOLYLOOP((#4024,#4023,#4037));
#2788=IFCPOLYLOOP((#4023,#4018,#4036));
#2787=IFCPOLYLOOP((#4018,#4017,#4035));
#2791=IFCPOLYLOOP((#4016,#4015,#4022));
#2792=IFCPOLYLOOP((#4027,#4026,#4038));
#2790=IFCPOLYLOOP((#4026,#4025,#4052));
#2795=IFCPOLYLOOP((#4029,#4028,#4053));
#2793=IFCPOLYLOOP((#4019,#4051,#4020));
#2794=IFCPOLYLOOP((#4028,#4027,#4058));
#2797=IFCPOLYLOOP((#4031,#4030,#4059));
#2798=IFCPOLYLOOP((#4032,#4031,#4060));
#2799=IFCPOLYLOOP((#4033,#4032,#4061));
#2802=IFCPOLYLOOP((#4064,#3968,#3971,#4065));
#2801=IFCPOLYLOOP((#4034,#4033,#4063));
#2796=IFCPOLYLOOP((#4030,#4029,#4056));
#2783=IFCPOLYLOOP((#4015,#4016,#4017,#4018,#4023,#4024,#4025,#4026,#4027,#4028,#4029,#4030,#4031,#4032,#4033,#4034,#4039,#4040,#4041,#4042,#4043,#4044,#4045,#4046,#4047,#4048,#4049,#4050,#4054,#4055,#4057,#4019));
#2803=IFCPOLYLOOP((#3974,#4066,#4067,#3979));
#2805=IFCPOLYLOOP((#4004,#4068,#4005));
#2804=IFCPOLYLOOP((#4039,#4034,#4071));
#2806=IFCPOLYLOOP((#4066,#4069,#4070,#4067));
#2800=IFCPOLYLOOP((#4062,#4003,#4014));
#2808=IFCPOLYLOOP((#4069,#4073,#4074,#4070));
#2809=IFCPOLYLOOP((#4072,#4075,#4076,#4077));
#2810=IFCPOLYLOOP((#4073,#4080,#4081,#4074));
#2811=IFCPOLYLOOP((#4078,#4064,#4065,#4079));
#2814=IFCPOLYLOOP((#4025,#4024,#4084));
#2807=IFCPOLYLOOP((#4075,#4078,#4079,#4076));
#2812=IFCPOLYLOOP((#4082,#4072,#4077,#4083));
#2815=IFCPOLYLOOP((#4085,#4086,#4088,#4087));
#2817=IFCPOLYLOOP((#4089,#4082,#4083,#4090));
#2818=IFCPOLYLOOP((#4086,#4091,#4092,#4088));
#2819=IFCPOLYLOOP((#4095,#4093,#4094,#4096));
#2816=IFCPOLYLOOP((#4093,#4089,#4090,#4094));
#2813=IFCPOLYLOOP((#4080,#4085,#4087,#4081));
#2820=IFCPOLYLOOP((#4091,#4097,#4098,#4092));
#2822=IFCPOLYLOOP((#4097,#4099,#4100,#4098));
#2823=IFCPOLYLOOP((#4102,#4101,#4103,#4104));
#2828=IFCPOLYLOOP((#4062,#4014,#4109));
#2825=IFCPOLYLOOP((#4107,#4102,#4104,#4108));
#2821=IFCPOLYLOOP((#4101,#4095,#4096,#4103));
#2824=IFCPOLYLOOP((#4099,#4105,#4106,#4100));
#2830=IFCPOLYLOOP((#4110,#4112,#4111));
#2829=IFCPOLYLOOP((#4068,#4110,#4111));
#2826=IFCPOLYLOOP((#4105,#4107,#4108,#4106));
#2831=IFCPOLYLOOP((#4110,#4113,#4112));
#2832=IFCPOLYLOOP((#4114,#4115,#4116));
#2827=IFCPOLYLOOP((#4068,#4111,#4005));
#2834=IFCPOLYLOOP((#4114,#4116,#4118));
#2835=IFCPOLYLOOP((#4115,#4109,#4116));
#2836=IFCPOLYLOOP((#4113,#4119,#4117));
#2837=IFCPOLYLOOP((#4120,#4114,#4118));
#2840=IFCPOLYLOOP((#4115,#4062,#4109));
#2839=IFCPOLYLOOP((#4040,#4039,#4153));
#2838=IFCPOLYLOOP((#4121,#4122,#4123,#4124,#4125,#4126,#4127,#4128,#4129,#4130,#4131,#4132,#4133,#4134,#4135,#4136,#4137,#4138,#4139,#4140,#4141,#4142,#4143,#4144,#4145,#4146,#4147,#4148,#4149,#4150,#4151,#4152));
#2849=IFCPOLYLOOP((#4050,#4049,#4160));
#2848=IFCPOLYLOOP((#4049,#4048,#4159));
#2846=IFCPOLYLOOP((#4047,#4046,#4158));
#2845=IFCPOLYLOOP((#4046,#4045,#4157));
#2844=IFCPOLYLOOP((#4044,#4043,#4156));
#2843=IFCPOLYLOOP((#4043,#4042,#4155));
#2842=IFCPOLYLOOP((#4042,#4041,#4154));
#2833=IFCPOLYLOOP((#4113,#4117,#4112));
#2841=IFCPOLYLOOP((#4041,#4040,#4161));
#2847=IFCPOLYLOOP((#4048,#4047,#4162));
#2851=IFCPOLYLOOP((#4057,#4055,#4163));
#2853=IFCPOLYLOOP((#4055,#4054,#4164));
#2854=IFCPOLYLOOP((#4119,#4165,#4117));
#2850=IFCPOLYLOOP((#4054,#4050,#4170));
#2859=IFCPOLYLOOP((#4119,#4168,#4165));
#2858=IFCPOLYLOOP((#4168,#4169,#4165));
#2857=IFCPOLYLOOP((#4120,#4118,#4167));
#2856=IFCPOLYLOOP((#4166,#4120,#4167));
#2852=IFCPOLYLOOP((#4019,#4057,#4051));
#2861=IFCPOLYLOOP((#4172,#4173,#4169));
#2860=IFCPOLYLOOP((#4171,#4166,#4174));
#2864=IFCPOLYLOOP((#4168,#4172,#4169));
#2863=IFCPOLYLOOP((#4016,#4022,#4021));
#2862=IFCPOLYLOOP((#4166,#4167,#4174));
#2866=IFCPOLYLOOP((#4018,#4035,#4036));
#2855=IFCPOLYLOOP((#4045,#4044,#4175));
#2867=IFCPOLYLOOP((#4023,#4036,#4037));
#2875=IFCPOLYLOOP((#4030,#4056,#4059));
#2874=IFCPOLYLOOP((#4027,#4038,#4058));
#2873=IFCPOLYLOOP((#4121,#4152,#4176));
#2872=IFCPOLYLOOP((#4029,#4053,#4056));
#2871=IFCPOLYLOOP((#4028,#4058,#4053));
#2870=IFCPOLYLOOP((#4026,#4052,#4038));
#2869=IFCPOLYLOOP((#4025,#4084,#4052));
#2876=IFCPOLYLOOP((#4031,#4059,#4060));
#2877=IFCPOLYLOOP((#4032,#4060,#4061));
#2878=IFCPOLYLOOP((#4033,#4061,#4063));
#2879=IFCPOLYLOOP((#4039,#4071,#4153));
#2865=IFCPOLYLOOP((#4017,#4021,#4035));
#2881=IFCPOLYLOOP((#4041,#4161,#4154));
#2882=IFCPOLYLOOP((#4042,#4154,#4155));
#2880=IFCPOLYLOOP((#4040,#4153,#4161));
#2883=IFCPOLYLOOP((#4152,#4177,#4176));
#2868=IFCPOLYLOOP((#4024,#4037,#4084));
#2889=IFCPOLYLOOP((#4121,#4176,#4182));
#2884=IFCPOLYLOOP((#4171,#4174,#4178));
#2888=IFCPOLYLOOP((#4180,#4181,#4173));
#2887=IFCPOLYLOOP((#4179,#4171,#4178));
#2886=IFCPOLYLOOP((#4034,#4063,#4071));
#2885=IFCPOLYLOOP((#4172,#4180,#4173));
#2890=IFCPOLYLOOP((#4122,#4121,#4182));
#2891=IFCPOLYLOOP((#4123,#4122,#4183));
#2894=IFCPOLYLOOP((#4126,#4125,#4186));
#2892=IFCPOLYLOOP((#4124,#4123,#4184));
#2893=IFCPOLYLOOP((#4125,#4124,#4185));
#2895=IFCPOLYLOOP((#4127,#4126,#4187));
#2897=IFCPOLYLOOP((#4130,#4129,#4190));
#2898=IFCPOLYLOOP((#4131,#4130,#4189));
#2896=IFCPOLYLOOP((#4128,#4127,#4188));
#2909=IFCPOLYLOOP((#4142,#4141,#4201));
#2908=IFCPOLYLOOP((#4141,#4140,#4200));
#2907=IFCPOLYLOOP((#4139,#4138,#4199));
#2906=IFCPOLYLOOP((#4138,#4137,#4198));
#2905=IFCPOLYLOOP((#4129,#4128,#4197));
#2904=IFCPOLYLOOP((#4137,#4136,#4196));
#2903=IFCPOLYLOOP((#4136,#4135,#4195));
#2902=IFCPOLYLOOP((#4135,#4134,#4194));
#2901=IFCPOLYLOOP((#4134,#4133,#4193));
#2900=IFCPOLYLOOP((#4133,#4132,#4192));
#2899=IFCPOLYLOOP((#4132,#4131,#4191));
#2910=IFCPOLYLOOP((#4143,#4142,#4202));
#2912=IFCPOLYLOOP((#4146,#4145,#4203));
#2911=IFCPOLYLOOP((#4140,#4139,#4204));
#2914=IFCPOLYLOOP((#4144,#4143,#4205));
#2915=IFCPOLYLOOP((#4043,#4155,#4156));
#2923=IFCPOLYLOOP((#4054,#4170,#4164));
#2922=IFCPOLYLOOP((#4050,#4160,#4170));
#2921=IFCPOLYLOOP((#4049,#4159,#4160));
#2920=IFCPOLYLOOP((#4048,#4162,#4159));
#2919=IFCPOLYLOOP((#4145,#4144,#4206));
#2918=IFCPOLYLOOP((#4046,#4157,#4158));
#2917=IFCPOLYLOOP((#4045,#4175,#4157));
#2916=IFCPOLYLOOP((#4044,#4156,#4175));
#2924=IFCPOLYLOOP((#4055,#4164,#4163));
#2927=IFCPOLYLOOP((#4208,#4209,#4210,#4211));
#2926=IFCPOLYLOOP((#4047,#4158,#4162));
#2925=IFCPOLYLOOP((#4057,#4163,#4051));
#2913=IFCPOLYLOOP((#4147,#4146,#4207));
#2930=IFCPOLYLOOP((#4214,#4212,#4221,#4222));
#2928=IFCPOLYLOOP((#4212,#4213,#4220,#4221));
#2932=IFCPOLYLOOP((#4215,#4214,#4222,#4223));
#2931=IFCPOLYLOOP((#4216,#4215,#4223,#4224));
#2933=IFCPOLYLOOP((#4217,#4216,#4224,#4225));
#2935=IFCPOLYLOOP((#4219,#4218,#4226,#4227));
#2937=IFCPOLYLOOP((#4230,#4228,#4229,#4234));
#2936=IFCPOLYLOOP((#4228,#4219,#4227,#4229));
#2934=IFCPOLYLOOP((#4218,#4217,#4225,#4226));
#2938=IFCPOLYLOOP((#4231,#4230,#4234,#4235));
#2940=IFCPOLYLOOP((#4233,#4232,#4252,#4253));
#2929=IFCPOLYLOOP((#4213,#4212,#4214,#4215,#4216,#4217,#4218,#4219,#4228,#4230,#4231,#4232,#4233,#4236,#4237,#4238,#4239,#4240,#4241,#4242,#4243,#4244,#4245,#4246,#4247,#4248,#4249,#4250,#4251,#4254,#4209,#4208));
#2942=IFCPOLYLOOP((#4150,#4149,#4255));
#2939=IFCPOLYLOOP((#4232,#4231,#4235,#4252));
#2941=IFCPOLYLOOP((#4149,#4148,#4256));
#2943=IFCPOLYLOOP((#4236,#4233,#4253,#4260));
#2946=IFCPOLYLOOP((#4238,#4237,#4258,#4259));
#2945=IFCPOLYLOOP((#4148,#4147,#4257));
#2948=IFCPOLYLOOP((#4240,#4239,#4261,#4262));
#2955=IFCPOLYLOOP((#4179,#4178,#4268));
#2954=IFCPOLYLOOP((#4267,#4268,#4269));
#2953=IFCPOLYLOOP((#4267,#4179,#4268));
#2952=IFCPOLYLOOP((#4180,#4266,#4181));
#2950=IFCPOLYLOOP((#4241,#4240,#4262,#4265));
#2944=IFCPOLYLOOP((#4237,#4236,#4260,#4258));
#2947=IFCPOLYLOOP((#4239,#4238,#4259,#4261));
#2949=IFCPOLYLOOP((#4213,#4208,#4211,#4220));
#2956=IFCPOLYLOOP((#4152,#4151,#4177));
#2951=IFCPOLYLOOP((#4243,#4242,#4263,#4264));
#2957=IFCPOLYLOOP((#4245,#4244,#4270,#4271));
#2963=IFCPOLYLOOP((#4151,#4150,#4273));
#2962=IFCPOLYLOOP((#4242,#4241,#4265,#4263));
#2961=IFCPOLYLOOP((#4244,#4243,#4264,#4270));
#2960=IFCPOLYLOOP((#4266,#4272,#4181));
#2970=IFCPOLYLOOP((#4276,#4267,#4269));
#2972=IFCPOLYLOOP((#4278,#4282,#4275));
#2971=IFCPOLYLOOP((#4122,#4182,#4183));
#2959=IFCPOLYLOOP((#4247,#4246,#4279,#4281));
#2969=IFCPOLYLOOP((#4280,#4276,#4277));
#2968=IFCPOLYLOOP((#4274,#4278,#4275));
#2967=IFCPOLYLOOP((#4276,#4269,#4277));
#2966=IFCPOLYLOOP((#4274,#4275,#4272));
#2965=IFCPOLYLOOP((#4266,#4274,#4272));
#2964=IFCPOLYLOOP((#4123,#4183,#4184));
#2958=IFCPOLYLOOP((#4246,#4245,#4271,#4279));
#2974=IFCPOLYLOOP((#4283,#4284,#4282));
#2977=IFCPOLYLOOP((#4288,#4285,#4287));
#2979=IFCPOLYLOOP((#4289,#4290,#4284));
#2973=IFCPOLYLOOP((#4280,#4277,#4286));
#2975=IFCPOLYLOOP((#4285,#4286,#4287));
#2989=IFCPOLYLOOP((#4297,#4296,#4298));
#2992=IFCPOLYLOOP((#4250,#4249,#4300,#4301));
#2991=IFCPOLYLOOP((#4249,#4248,#4295,#4300));
#2988=IFCPOLYLOOP((#4299,#4298,#4294));
#2985=IFCPOLYLOOP((#4292,#4293,#4296));
#2987=IFCPOLYLOOP((#4297,#4292,#4296));
#2986=IFCPOLYLOOP((#4278,#4283,#4282));
#2984=IFCPOLYLOOP((#4248,#4247,#4281,#4295));
#2983=IFCPOLYLOOP((#4291,#4294,#4290));
#2982=IFCPOLYLOOP((#4292,#4288,#4293));
#2981=IFCPOLYLOOP((#4289,#4291,#4290));
#2978=IFCPOLYLOOP((#4285,#4280,#4286));
#2976=IFCPOLYLOOP((#4283,#4289,#4284));
#2993=IFCPOLYLOOP((#4251,#4250,#4301,#4302));
#2980=IFCPOLYLOOP((#4288,#4287,#4293));
#2995=IFCPOLYLOOP((#4304,#4305,#4306,#4307));
#2994=IFCPOLYLOOP((#4254,#4251,#4302,#4303));
#2990=IFCPOLYLOOP((#4299,#4297,#4298));
#2996=IFCPOLYLOOP((#4308,#4309,#4310,#4311,#4312,#4313,#4314,#4315,#4316,#4317,#4318,#4319,#4320,#4321,#4322,#4323,#4324,#4325,#4326,#4327,#4328,#4329,#4330,#4331));
#2997=IFCPOLYLOOP((#4305,#4348,#4332,#4306));
#3005=IFCPOLYLOOP((#4353,#4352,#4344,#4343));
#3004=IFCPOLYLOOP((#4352,#4351,#4345,#4344));
#3003=IFCPOLYLOOP((#4351,#4350,#4346,#4345));
#3002=IFCPOLYLOOP((#4291,#4299,#4294));
#3000=IFCPOLYLOOP((#4304,#4347,#4349,#4350,#4351,#4352,#4353,#4354,#4355,#4356,#4357,#4358,#4359,#4360,#4361,#4362,#4363,#4348,#4305));
#3001=IFCPOLYLOOP((#4349,#4347,#4364,#4365));
#2999=IFCPOLYLOOP((#4347,#4304,#4307,#4364));
#3008=IFCPOLYLOOP((#4367,#4366,#4393));
#3006=IFCPOLYLOOP((#4366,#4367,#4368,#4369,#4370,#4371,#4372,#4373,#4374,#4375,#4376,#4377,#4378,#4379,#4380,#4381,#4382,#4383,#4384,#4385,#4386,#4387,#4388,#4389,#4390));
#2998=IFCPOLYLOOP((#4307,#4306,#4332,#4333,#4334,#4335,#4336,#4337,#4338,#4339,#4340,#4341,#4342,#4343,#4344,#4345,#4346,#4365,#4364));
#3009=IFCPOLYLOOP((#4368,#4367,#4394));
#3015=IFCPOLYLOOP((#4374,#4373,#4419));
#3014=IFCPOLYLOOP((#4372,#4418,#4419,#4373));
#3013=IFCPOLYLOOP((#4372,#4371,#4417));
#3007=IFCPOLYLOOP((#4391,#4392,#4395,#4396,#4397,#4398,#4400,#4401,#4402,#4403,#4404,#4405,#4406,#4407,#4408,#4409,#4410,#4411,#4412,#4413,#4414,#4415,#4416));
#3010=IFCPOLYLOOP((#4369,#4368,#4399));
#3016=IFCPOLYLOOP((#4375,#4374,#4422));
#3012=IFCPOLYLOOP((#4371,#4370,#4420));
#3011=IFCPOLYLOOP((#4370,#4369,#4421));
#3017=IFCPOLYLOOP((#4350,#4349,#4365,#4346));
#3019=IFCPOLYLOOP((#4209,#4254,#4303,#4210));
#3031=IFCPOLYLOOP((#4386,#4436,#4437,#4387));
#3030=IFCPOLYLOOP((#4386,#4385,#4435));
#3029=IFCPOLYLOOP((#4384,#4434,#4435,#4385));
#3028=IFCPOLYLOOP((#4384,#4383,#4433));
#3027=IFCPOLYLOOP((#4376,#4375,#4432));
#3026=IFCPOLYLOOP((#4380,#4379,#4429));
#3025=IFCPOLYLOOP((#4382,#4381,#4431));
#3024=IFCPOLYLOOP((#4124,#4184,#4185));
#3023=IFCPOLYLOOP((#4381,#4380,#4430));
#3020=IFCPOLYLOOP((#4377,#4376,#4426));
#3022=IFCPOLYLOOP((#4378,#4428,#4429,#4379));
#3021=IFCPOLYLOOP((#4378,#4377,#4427));
#3018=IFCPOLYLOOP((#4423,#4424,#4425,#4438,#4439,#4440,#4441,#4442,#4443,#4444,#4445,#4446,#4447,#4448,#4449,#4450,#4451,#4452,#4453,#4454,#4455,#4456,#4457,#4458));
#3033=IFCPOLYLOOP((#4125,#4185,#4186));
#3035=IFCPOLYLOOP((#4366,#4390,#4460));
#3034=IFCPOLYLOOP((#4390,#4389,#4459));
#3037=IFCPOLYLOOP((#4462,#4463,#4395,#4392));
#3038=IFCPOLYLOOP((#4463,#4464,#4396,#4395));
#3032=IFCPOLYLOOP((#4388,#4387,#4437));
#3040=IFCPOLYLOOP((#4126,#4186,#4187));
#3036=IFCPOLYLOOP((#4461,#4462,#4392,#4391));
#3041=IFCPOLYLOOP((#4127,#4187,#4188));
#3039=IFCPOLYLOOP((#4465,#4466,#4400,#4398));
#3043=IFCPOLYLOOP((#4129,#4197,#4190));
#3045=IFCPOLYLOOP((#4131,#4189,#4191));
#3044=IFCPOLYLOOP((#4130,#4190,#4189));
#3052=IFCPOLYLOOP((#4354,#4353,#4343,#4342));
#3051=IFCPOLYLOOP((#4464,#4467,#4397,#4396));
#3050=IFCPOLYLOOP((#4133,#4192,#4193));
#3049=IFCPOLYLOOP((#4134,#4193,#4194));
#3042=IFCPOLYLOOP((#4467,#4465,#4398,#4397));
#3046=IFCPOLYLOOP((#4132,#4191,#4192));
#3053=IFCPOLYLOOP((#4135,#4194,#4195));
#3054=IFCPOLYLOOP((#4466,#4469,#4401,#4400));
#3047=IFCPOLYLOOP((#4389,#4388,#4473));
#3048=IFCPOLYLOOP((#4383,#4382,#4468));
#3060=IFCPOLYLOOP((#4470,#4471,#4403,#4402));
#3059=IFCPOLYLOOP((#4355,#4354,#4342,#4341));
#3058=IFCPOLYLOOP((#4471,#4472,#4404,#4403));
#3057=IFCPOLYLOOP((#4128,#4188,#4197));
#3056=IFCPOLYLOOP((#4136,#4195,#4196));
#3055=IFCPOLYLOOP((#4469,#4470,#4402,#4401));
#3061=IFCPOLYLOOP((#4356,#4355,#4341,#4340));
#3062=IFCPOLYLOOP((#4137,#4196,#4198));
#3063=IFCPOLYLOOP((#4474,#4475,#4406,#4405));
#3064=IFCPOLYLOOP((#4475,#4476,#4407,#4406));
#3066=IFCPOLYLOOP((#4472,#4474,#4405,#4404));
#3065=IFCPOLYLOOP((#4476,#4477,#4408,#4407));
#3067=IFCPOLYLOOP((#4477,#4478,#4409,#4408));
#3072=IFCPOLYLOOP((#4482,#4483,#4414,#4413));
#3071=IFCPOLYLOOP((#4480,#4481,#4412,#4411));
#3069=IFCPOLYLOOP((#4478,#4479,#4410,#4409));
#3070=IFCPOLYLOOP((#4481,#4482,#4413,#4412));
#3074=IFCPOLYLOOP((#4484,#4485,#4416,#4415));
#3075=IFCPOLYLOOP((#4485,#4461,#4391,#4416));
#3068=IFCPOLYLOOP((#4479,#4480,#4411,#4410));
#3084=IFCPOLYLOOP((#4139,#4199,#4204));
#3083=IFCPOLYLOOP((#4140,#4204,#4200));
#3082=IFCPOLYLOOP((#4358,#4357,#4339,#4338));
#3080=IFCPOLYLOOP((#4138,#4198,#4199));
#3079=IFCPOLYLOOP((#4369,#4399,#4421));
#3078=IFCPOLYLOOP((#4368,#4394,#4399));
#3077=IFCPOLYLOOP((#4367,#4393,#4394));
#3076=IFCPOLYLOOP((#4366,#4460,#4393));
#3085=IFCPOLYLOOP((#4371,#4420,#4417));
#3081=IFCPOLYLOOP((#4357,#4356,#4340,#4339));
#3073=IFCPOLYLOOP((#4483,#4484,#4415,#4414));
#3088=IFCPOLYLOOP((#4374,#4419,#4422));
#3086=IFCPOLYLOOP((#4418,#4417,#4420,#4421,#4399,#4394,#4393,#4460,#4459,#4473,#4437,#4436,#4435,#4434,#4433,#4468,#4431,#4430,#4429,#4428,#4427,#4426,#4432,#4422,#4419));
#3089=IFCPOLYLOOP((#4370,#4421,#4420));
#3087=IFCPOLYLOOP((#4467,#4464,#4463,#4462,#4461,#4485,#4484,#4483,#4482,#4481,#4480,#4479,#4478,#4477,#4476,#4475,#4474,#4472,#4471,#4470,#4469,#4466,#4465));
#3090=IFCPOLYLOOP((#4375,#4422,#4432));
#3091=IFCPOLYLOOP((#4376,#4432,#4426));
#3093=IFCPOLYLOOP((#4378,#4427,#4428));
#3092=IFCPOLYLOOP((#4372,#4417,#4418));
#3100=IFCPOLYLOOP((#4388,#4437,#4473));
#3099=IFCPOLYLOOP((#4386,#4435,#4436));
#3098=IFCPOLYLOOP((#4384,#4433,#4434));
#3095=IFCPOLYLOOP((#4381,#4430,#4431));
#3094=IFCPOLYLOOP((#4380,#4429,#4430));
#3097=IFCPOLYLOOP((#4383,#4468,#4433));
#3104=IFCPOLYLOOP((#4389,#4473,#4459));
#3103=IFCPOLYLOOP((#4142,#4201,#4202));
#3102=IFCPOLYLOOP((#4141,#4200,#4201));
#3101=IFCPOLYLOOP((#4390,#4459,#4460));
#3107=IFCPOLYLOOP((#4144,#4205,#4206));
#3106=IFCPOLYLOOP((#4143,#4202,#4205));
#3096=IFCPOLYLOOP((#4382,#4431,#4468));
#3105=IFCPOLYLOOP((#4377,#4426,#4427));
#3109=IFCPOLYLOOP((#4146,#4203,#4207));
#3108=IFCPOLYLOOP((#4145,#4206,#4203));
#3112=IFCPOLYLOOP((#4149,#4256,#4255));
#3111=IFCPOLYLOOP((#4148,#4257,#4256));
#3110=IFCPOLYLOOP((#4147,#4207,#4257));
#3114=IFCPOLYLOOP((#4151,#4273,#4177));
#3113=IFCPOLYLOOP((#4150,#4255,#4273));
#3118=IFCPOLYLOOP((#4361,#4360,#4336,#4335));
#3115=IFCSURFACESTYLERENDERING(#4486,0.,IFCNORMALISEDRATIOMEASURE(0.62),$,$,$,IFCNORMALISEDRATIOMEASURE(0.3),$,.NOTDEFINED.);
#3117=IFCPOLYLOOP((#4360,#4359,#4337,#4336));
#3116=IFCPOLYLOOP((#4359,#4358,#4338,#4337));
#3120=IFCPOLYLOOP((#4487,#4488,#4489));
#3121=IFCPOLYLOOP((#4490,#4497,#4498));
#3123=IFCPOLYLOOP((#4497,#4499,#4498));
#3124=IFCPOLYLOOP((#4490,#4498,#4500));
#3119=IFCPOLYLOOP((#4362,#4361,#4335,#4334));
#3122=IFCPOLYLOOP((#4490,#4491,#4492,#4493,#4494,#4495,#4496,#4501,#4502,#4503,#4504,#4505,#4506,#4507,#4508,#4509,#4510,#4511,#4512,#4513,#4514,#4515,#4516,#4517,#4497));
#3127=IFCPOLYLOOP((#4493,#4492,#4519));
#3126=IFCPOLYLOOP((#4492,#4491,#4518));
#3136=IFCPOLYLOOP((#4526,#4525,#4543));
#3135=IFCPOLYLOOP((#4525,#4524,#4542));
#3134=IFCPOLYLOOP((#4524,#4523,#4541,#4542));
#3133=IFCPOLYLOOP((#4523,#4522,#4540));
#3132=IFCPOLYLOOP((#4522,#4521,#4535));
#3131=IFCPOLYLOOP((#4521,#4520,#4534));
#3130=IFCPOLYLOOP((#4520,#4487,#4489));
#3125=IFCPOLYLOOP((#4491,#4490,#4500));
#3138=IFCPOLYLOOP((#4529,#4528,#4545));
#3137=IFCPOLYLOOP((#4527,#4526,#4544));
#3129=IFCPOLYLOOP((#4520,#4521,#4522,#4523,#4524,#4525,#4526,#4527,#4528,#4529,#4530,#4531,#4532,#4533,#4536,#4537,#4538,#4539,#4546,#4547,#4548,#4549,#4550,#4551,#4487));
#3139=IFCPOLYLOOP((#4530,#4529,#4552,#4553));
#3128=IFCPOLYLOOP((#4520,#4489,#4534));
#3143=IFCPOLYLOOP((#4537,#4536,#4556));
#3142=IFCPOLYLOOP((#4533,#4532,#4555));
#3141=IFCPOLYLOOP((#4532,#4531,#4554));
#3144=IFCPOLYLOOP((#4538,#4537,#4557,#4558));
#3145=IFCPOLYLOOP((#4539,#4538,#4558));
#3146=IFCPOLYLOOP((#4546,#4539,#4559));
#3148=IFCPOLYLOOP((#4348,#4363,#4333,#4332));
#3140=IFCPOLYLOOP((#4531,#4530,#4553));
#3149=IFCPOLYLOOP((#4309,#4308,#4423,#4458));
#3150=IFCPOLYLOOP((#4310,#4309,#4458,#4457));
#3147=IFCPOLYLOOP((#4363,#4362,#4334,#4333));
#3151=IFCPOLYLOOP((#4311,#4310,#4457,#4456));
#3152=IFCPOLYLOOP((#4312,#4311,#4456,#4455));
#3153=IFCPOLYLOOP((#4528,#4527,#4560));
#3155=IFCPOLYLOOP((#4314,#4313,#4454,#4453));
#3157=IFCPOLYLOOP((#4315,#4314,#4453,#4452));
#3154=IFCPOLYLOOP((#4313,#4312,#4455,#4454));
#3156=IFCPOLYLOOP((#4536,#4533,#4561));
#3158=IFCPOLYLOOP((#4316,#4315,#4452,#4451));
#3159=IFCPOLYLOOP((#4317,#4316,#4451,#4450));
#3163=IFCPOLYLOOP((#4501,#4496,#4563));
#3162=IFCPOLYLOOP((#4319,#4318,#4449,#4448));
#3161=IFCPOLYLOOP((#4494,#4493,#4562));
#3160=IFCPOLYLOOP((#4318,#4317,#4450,#4449));
#3168=IFCPOLYLOOP((#4505,#4504,#4566));
#3167=IFCPOLYLOOP((#4503,#4502,#4565));
#3166=IFCPOLYLOOP((#4502,#4501,#4564));
#3169=IFCPOLYLOOP((#4507,#4506,#4568,#4569));
#3165=IFCPOLYLOOP((#4496,#4495,#4570));
#3164=IFCPOLYLOOP((#4495,#4494,#4567));
#3172=IFCPOLYLOOP((#4504,#4503,#4572));
#3171=IFCPOLYLOOP((#4509,#4508,#4571));
#3173=IFCPOLYLOOP((#4547,#4546,#4573));
#3174=IFCPOLYLOOP((#4511,#4510,#4574));
#3176=IFCPOLYLOOP((#4510,#4509,#4575));
#3177=IFCPOLYLOOP((#4549,#4548,#4576));
#3182=IFCPOLYLOOP((#4521,#4534,#4535));
#3175=IFCPOLYLOOP((#4548,#4547,#4578));
#3179=IFCPOLYLOOP((#4487,#4551,#4488));
#3170=IFCPOLYLOOP((#4508,#4507,#4569));
#3178=IFCPOLYLOOP((#4551,#4550,#4577));
#3184=IFCPOLYLOOP((#4522,#4535,#4540));
#3180=IFCPOLYLOOP((#4506,#4505,#4580));
#3199=IFCPOLYLOOP((#4533,#4555,#4561));
#3198=IFCPOLYLOOP((#4532,#4554,#4555));
#3201=IFCPOLYLOOP((#4537,#4556,#4557));
#3186=IFCPOLYLOOP((#4512,#4511,#4586));
#3197=IFCPOLYLOOP((#4526,#4543,#4544));
#3196=IFCPOLYLOOP((#4531,#4553,#4554));
#3195=IFCPOLYLOOP((#4529,#4545,#4552));
#3194=IFCPOLYLOOP((#4528,#4560,#4545));
#3193=IFCPOLYLOOP((#4527,#4544,#4560));
#3192=IFCPOLYLOOP((#4525,#4542,#4543));
#3191=IFCPOLYLOOP((#4517,#4516,#4585));
#3190=IFCPOLYLOOP((#4516,#4515,#4584));
#3189=IFCPOLYLOOP((#4515,#4514,#4583));
#3188=IFCPOLYLOOP((#4514,#4513,#4582));
#3187=IFCPOLYLOOP((#4513,#4512,#4581));
#3183=IFCPOLYLOOP((#4550,#4549,#4579));
#3181=IFCPOLYLOOP((#4534,#4489,#4488,#4577,#4579,#4576,#4578,#4573,#4559,#4558,#4557,#4556,#4561,#4555,#4554,#4553,#4552,#4545,#4560,#4544,#4543,#4542,#4541,#4540,#4535));
#3200=IFCPOLYLOOP((#4536,#4561,#4556));
#3202=IFCPOLYLOOP((#4497,#4517,#4499));
#3203=IFCPOLYLOOP((#4500,#4498,#4499,#4585,#4584,#4583,#4582,#4581,#4586,#4574,#4575,#4571,#4569,#4568,#4580,#4566,#4572,#4565,#4564,#4563,#4570,#4567,#4562,#4519,#4518));
#3204=IFCPOLYLOOP((#4493,#4519,#4562));
#3205=IFCPOLYLOOP((#4494,#4562,#4567));
#3206=IFCPOLYLOOP((#4495,#4567,#4570));
#3211=IFCPOLYLOOP((#4546,#4559,#4573));
#3210=IFCPOLYLOOP((#4539,#4558,#4559));
#3209=IFCPOLYLOOP((#4491,#4500,#4518));
#3208=IFCPOLYLOOP((#4492,#4518,#4519));
#3207=IFCPOLYLOOP((#4496,#4570,#4563));
#3219=IFCPOLYLOOP((#4505,#4566,#4580));
#3218=IFCPOLYLOOP((#4324,#4323,#4444,#4443));
#3217=IFCPOLYLOOP((#4323,#4322,#4445,#4444));
#3216=IFCPOLYLOOP((#4503,#4565,#4572));
#3215=IFCPOLYLOOP((#4322,#4321,#4446,#4445));
#3185=IFCPOLYLOOP((#4523,#4540,#4541));
#3212=IFCPOLYLOOP((#4320,#4319,#4448,#4447));
#3213=IFCPOLYLOOP((#4321,#4320,#4447,#4446));
#3222=IFCPOLYLOOP((#4508,#4569,#4571));
#3214=IFCPOLYLOOP((#4501,#4563,#4564));
#3223=IFCPOLYLOOP((#4510,#4575,#4574));
#3220=IFCPOLYLOOP((#4506,#4580,#4568));
#3224=IFCPOLYLOOP((#4511,#4574,#4586));
#3221=IFCPOLYLOOP((#4504,#4572,#4566));
#3226=IFCPOLYLOOP((#4512,#4586,#4581));
#3228=IFCPOLYLOOP((#4515,#4583,#4584));
#3227=IFCPOLYLOOP((#4502,#4564,#4565));
#3225=IFCPOLYLOOP((#4509,#4571,#4575));
#3230=IFCPOLYLOOP((#4517,#4585,#4499));
#3229=IFCPOLYLOOP((#4516,#4584,#4585));
#3236=IFCPOLYLOOP((#4548,#4578,#4576));
#3235=IFCPOLYLOOP((#4550,#4579,#4577));
#3234=IFCPOLYLOOP((#4514,#4582,#4583));
#3233=IFCPOLYLOOP((#4513,#4581,#4582));
#3231=IFCPOLYLOOP((#4325,#4324,#4443,#4442));
#3237=IFCPOLYLOOP((#4587,#4588,#4589,#4590,#4591,#4592,#4593,#4594,#4595,#4596,#4597,#4598,#4599,#4600,#4601,#4602,#4603,#4604,#4605,#4606,#4607,#4608,#4609,#4610,#4611,#4612,#4613,#4614,#4615,#4616,#4617,#4618));
#3238=IFCPOLYLOOP((#4551,#4577,#4488));
#3239=IFCPOLYLOOP((#4549,#4576,#4579));
#3232=IFCPOLYLOOP((#4547,#4573,#4578));
#3252=IFCPOLYLOOP((#4600,#4599,#4631,#4632));
#3251=IFCPOLYLOOP((#4592,#4591,#4623,#4624));
#3242=IFCPOLYLOOP((#4590,#4589,#4621,#4622));
#3249=IFCPOLYLOOP((#4599,#4598,#4630,#4631));
#3248=IFCPOLYLOOP((#4598,#4597,#4629,#4630));
#3247=IFCPOLYLOOP((#4597,#4596,#4628,#4629));
#3246=IFCPOLYLOOP((#4596,#4595,#4627,#4628));
#3245=IFCPOLYLOOP((#4595,#4594,#4626,#4627));
#3244=IFCPOLYLOOP((#4593,#4592,#4624,#4625));
#3243=IFCPOLYLOOP((#4591,#4590,#4622,#4623));
#3240=IFCPOLYLOOP((#4589,#4588,#4620,#4621));
#3241=IFCPOLYLOOP((#4588,#4587,#4619,#4620));
#3254=IFCPOLYLOOP((#4602,#4601,#4633,#4634));
#3250=IFCPOLYLOOP((#4594,#4593,#4625,#4626));
#3256=IFCPOLYLOOP((#4326,#4325,#4442,#4441));
#3253=IFCPOLYLOOP((#4601,#4600,#4632,#4633));
#3257=IFCPOLYLOOP((#4327,#4326,#4441,#4440));
#3258=IFCPOLYLOOP((#4329,#4328,#4439,#4438));
#3255=IFCPOLYLOOP((#4603,#4602,#4634,#4635));
#3260=IFCPOLYLOOP((#4308,#4331,#4424,#4423));
#3264=IFCPOLYLOOP((#4605,#4604,#4636,#4638));
#3263=IFCSURFACESTYLERENDERING(#4637,0.,IFCNORMALISEDRATIOMEASURE(0.41),$,$,$,IFCNORMALISEDRATIOMEASURE(0.1),$,.NOTDEFINED.);
#3262=IFCPOLYLOOP((#4604,#4603,#4635,#4636));
#3259=IFCPOLYLOOP((#4331,#4330,#4425,#4424));
#3267=IFCPOLYLOOP((#4608,#4607,#4640,#4641));
#3265=IFCPOLYLOOP((#4606,#4605,#4638,#4639));
#3273=IFCPOLYLOOP((#4646,#4645,#4648,#4649));
#3272=IFCPOLYLOOP((#4645,#4644,#4647,#4648));
#3271=IFCPOLYLOOP((#4328,#4327,#4440,#4439));
#3269=IFCPOLYLOOP((#4610,#4609,#4642,#4643));
#3266=IFCPOLYLOOP((#4607,#4606,#4639,#4640));
#3268=IFCPOLYLOOP((#4609,#4608,#4641,#4642));
#3279=IFCPOLYLOOP((#4662,#4663,#4659,#4658));
#3278=IFCPOLYLOOP((#4655,#4652,#4653,#4656));
#3277=IFCPOLYLOOP((#4658,#4659,#4660,#4661));
#3276=IFCPOLYLOOP((#4654,#4655,#4656,#4657));
#3275=IFCPOLYLOOP((#4652,#4650,#4651,#4653));
#3261=IFCPOLYLOOP((#4330,#4329,#4438,#4425));
#3274=IFCPOLYLOOP((#4650,#4646,#4649,#4651));
#3281=IFCPOLYLOOP((#4661,#4660,#4664,#4665));
#3287=IFCPOLYLOOP((#4615,#4614,#4668,#4669));
#3285=IFCPOLYLOOP((#4612,#4611,#4666,#4667));
#3284=IFCPOLYLOOP((#4611,#4610,#4643,#4666));
#3283=IFCPOLYLOOP((#4665,#4664,#4663,#4662));
#3282=IFCPOLYLOOP((#4661,#4665,#4662,#4658));
#3280=IFCPOLYLOOP((#4660,#4659,#4663,#4664));
#3289=IFCPOLYLOOP((#4617,#4616,#4670,#4672));
#3286=IFCPOLYLOOP((#4613,#4612,#4667,#4671));
#3288=IFCPOLYLOOP((#4616,#4615,#4669,#4670));
#3290=IFCPOLYLOOP((#4618,#4617,#4672,#4673));
#3291=IFCPOLYLOOP((#4587,#4618,#4673,#4619));
#3293=IFCPOLYLOOP((#4674,#4654,#4657,#4675));
#3295=IFCPOLYLOOP((#4614,#4613,#4671,#4668));
#3294=IFCPOLYLOOP((#4676,#4677,#4678,#4679));
#3292=IFCPOLYLOOP((#4619,#4673,#4672,#4670,#4669,#4668,#4671,#4667,#4666,#4643,#4642,#4641,#4640,#4639,#4638,#4636,#4635,#4634,#4633,#4632,#4631,#4630,#4629,#4628,#4627,#4626,#4625,#4624,#4623,#4622,#4621,#4620));
#3296=IFCPOLYLOOP((#4680,#4681,#4682,#4683));
#3300=IFCPOLYLOOP((#4687,#4686,#4694,#4695));
#3299=IFCPOLYLOOP((#4681,#4676,#4679,#4682));
#3298=IFCPOLYLOOP((#4685,#4684,#4692,#4693));
#3297=IFCPOLYLOOP((#4684,#4680,#4683,#4692));
#3270=IFCPOLYLOOP((#4644,#4645,#4646,#4650,#4652,#4655,#4654,#4674,#4677,#4676,#4681,#4680,#4684,#4685,#4686,#4687,#4688,#4689,#4690,#4691,#4696,#4697,#4698,#4699));
#3309=IFCPOLYLOOP((#4697,#4696,#4704,#4703));
#3310=IFCPOLYLOOP((#4698,#4697,#4703,#4705));
#3308=IFCDIRECTION((1.,0.,0.));
#3307=IFCDIRECTION((0.,0.,1.));
#3306=IFCCARTESIANPOINT((0.,0.,0.));
#3305=IFCPOLYLOOP((#4677,#4674,#4675,#4678));
#3304=IFCPOLYLOOP((#4690,#4689,#4701,#4702));
#3302=IFCPOLYLOOP((#4689,#4688,#4700,#4701));
#3303=IFCPOLYLOOP((#4686,#4685,#4693,#4694));
#3311=IFCPOLYLOOP((#4699,#4698,#4705,#4706));
#3316=IFCDIRECTION((1.,0.,0.));
#3317=IFCPOLYLOOP((#4708,#4709,#4710,#4711));
#3315=IFCDIRECTION((0.,0.,1.));
#3314=IFCCARTESIANPOINT((0.,0.,0.));
#3312=IFCPOLYLOOP((#4644,#4699,#4706,#4647));
#3301=IFCPOLYLOOP((#4688,#4687,#4695,#4700));
#3319=IFCPOLYLOOP((#4709,#4712,#4713,#4710));
#3313=IFCPOLYLOOP((#4647,#4706,#4705,#4703,#4704,#4707,#4702,#4701,#4700,#4695,#4694,#4693,#4692,#4683,#4682,#4679,#4678,#4675,#4657,#4656,#4653,#4651,#4649,#4648));
#3318=IFCPOLYLOOP((#4696,#4691,#4707,#4704));
#3321=IFCPOLYLOOP((#4691,#4690,#4702,#4707));
#3324=IFCPOLYLOOP((#4721,#4714,#4719,#4722));
#3323=IFCPOLYLOOP((#4719,#4711,#4715,#4720));
#3322=IFCPOLYLOOP((#4715,#4716,#4717,#4718));
#3325=IFCPOLYLOOP((#4712,#4723,#4724,#4713));
#3320=IFCPOLYLOOP((#4714,#4708,#4711,#4719));
#3326=IFCPOLYLOOP((#4710,#4713,#4725,#4716));
#3327=IFCCARTESIANPOINT((13273.67820442128,4917.361924388279,100.));
#3329=IFCDIRECTION((1.,0.,0.));
#3328=IFCDIRECTION((0.,0.,1.));
#3331=IFCPOLYLOOP((#4726,#4727,#4728,#4729));
#3333=IFCPOLYLOOP((#4723,#4731,#4732,#4724));
#3330=IFCSURFACESTYLERENDERING(#4730,0.,IFCNORMALISEDRATIOMEASURE(0.41),$,$,$,IFCNORMALISEDRATIOMEASURE(0.1),$,.NOTDEFINED.);
#3332=IFCPOLYLOOP((#4711,#4710,#4716,#4715));
#3334=IFCPROPERTYSINGLEVALUE('SerialNumber',$,IFCIDENTIFIER(''),$);
#3337=IFCPROPERTYSINGLEVALUE('Design Option Set',$,IFCLABEL('Modelo Principal'),$);
#3338=IFCPROPERTYSINGLEVALUE('Design Option',$,IFCLABEL('Modelo Principal'),$);
#3339=IFCPOLYLOOP((#4727,#4733,#4734,#4728));
#3336=IFCPOLYLOOP((#4713,#4724,#4735,#4725));
#3340=IFCPROPERTYSINGLEVALUE('Manufacturer',$,IFCLABEL(''),$);
#3341=IFCPROPERTYSINGLEVALUE('ProductionYear',$,IFCLABEL(''),$);
#3342=IFCPOLYLOOP((#4729,#4728,#4736,#4737));
#3346=IFCPROPERTYSINGLEVALUE('Renovation Status',$,IFCLABEL('New'),$);
#3345=IFCPOLYLOOP((#4728,#4734,#4742,#4736));
#3344=IFCPOLYLOOP((#4733,#4740,#4741,#4734));
#3343=IFCPOLYLOOP((#4738,#4726,#4729,#4739));
#3335=IFCPOLYLOOP((#4716,#4725,#4743,#4717));
#3350=IFCPOLYLOOP((#4722,#4719,#4720,#4748));
#3349=IFCPOLYLOOP((#4718,#4717,#4746,#4747));
#3347=IFCPOLYLOOP((#4737,#4736,#4744,#4745));
#3352=IFCPOLYLOOP((#4731,#4750,#4751,#4732));
#3353=IFCPOLYLOOP((#4724,#4732,#4752,#4735));
#3354=IFCPOLYLOOP((#4720,#4715,#4718,#4753));
#3348=IFCPOLYLOOP((#4739,#4729,#4737,#4760));
#3357=IFCPOLYLOOP((#4748,#4720,#4753,#4757));
#3356=IFCPOLYLOOP((#4753,#4718,#4747,#4756));
#3355=IFCPOLYLOOP((#4747,#4746,#4754,#4755));
#3368=IFCPOLYLOOP((#4745,#4744,#4777,#4778));
#3367=IFCPOLYLOOP((#4734,#4741,#4776,#4742));
#3366=IFCPOLYLOOP((#4771,#4774,#4775,#4772));
#3364=IFCPOLYLOOP((#4767,#4771,#4772,#4773));
#3359=IFCPOLYLOOP((#4768,#4749,#4758,#4769));
#3358=IFCPOLYLOOP((#4758,#4722,#4748,#4759));
#3363=IFCPOLYLOOP((#4717,#4743,#4766,#4746));
#3362=IFCPOLYLOOP((#4725,#4735,#4765,#4743));
#3361=IFCPOLYLOOP((#4740,#4763,#4764,#4741));
#3360=IFCPOLYLOOP((#4761,#4738,#4739,#4762));
#3351=IFCPOLYLOOP((#4749,#4721,#4722,#4758));
#3365=IFCPOLYLOOP((#4770,#4780,#4781,#4782));
#3369=IFCPOLYLOOP((#4736,#4742,#4779,#4744));
#3383=IFCPOLYLOOP((#4805,#4806,#4807,#4808));
#3382=IFCPOLYLOOP((#4762,#4739,#4760,#4804));
#3380=IFCPOLYLOOP((#4799,#4802,#4803,#4800));
#3379=IFCPOLYLOOP((#4792,#4799,#4800,#4793));
#3375=IFCPOLYLOOP((#4796,#4788,#4801,#4797));
#3378=IFCPOLYLOOP((#4795,#4796,#4797,#4798));
#3377=IFCPOLYLOOP((#4791,#4792,#4793,#4794));
#3376=IFCPOLYLOOP((#4780,#4767,#4773,#4781));
#3373=IFCPOLYLOOP((#4774,#4789,#4790,#4775));
#3370=IFCPOLYLOOP((#4786,#4770,#4782,#4787));
#3372=IFCPOLYLOOP((#4732,#4751,#4785,#4752));
#3371=IFCPOLYLOOP((#4750,#4783,#4784,#4751));
#3384=IFCPOLYLOOP((#4809,#4761,#4762,#4810));
#3385=IFCPOLYLOOP((#4806,#4795,#4798,#4807));
#3386=IFCPOLYLOOP((#4742,#4776,#4811,#4779));
#3381=IFCPOLYLOOP((#4760,#4737,#4745,#4812));
#3387=IFCPOLYLOOP((#4789,#4791,#4794,#4790));
#3374=IFCPOLYLOOP((#4788,#4786,#4787,#4801));
#3392=IFCPOLYLOOP((#4804,#4760,#4812,#4819));
#3391=IFCPOLYLOOP((#4763,#4817,#4818,#4764));
#3390=IFCPOLYLOOP((#4812,#4745,#4778,#4816));
#3388=IFCPOLYLOOP((#4744,#4779,#4815,#4777));
#3389=IFCPOLYLOOP((#4778,#4777,#4813,#4814));
#3394=IFCPOLYLOOP((#4820,#4809,#4810,#4821));
#3396=IFCPOLYLOOP((#4764,#4818,#4824,#4825));
#3395=IFCPOLYLOOP((#4817,#4822,#4823,#4818));
#3399=IFCPOLYLOOP((#4741,#4764,#4825,#4776));
#3398=IFCPOLYLOOP((#4777,#4815,#4826,#4813));
#3393=IFCPOLYLOOP((#4810,#4762,#4804,#4827));
#3403=IFCPOLYLOOP((#4832,#4805,#4808,#4833));
#3402=IFCPOLYLOOP((#4802,#4830,#4831,#4803));
#3401=IFCPOLYLOOP((#4735,#4752,#4829,#4765));
#3397=IFCPOLYLOOP((#4776,#4825,#4828,#4811));
#3405=IFCPOLYLOOP((#4779,#4811,#4835,#4815));
#3400=IFCPOLYLOOP((#4814,#4813,#4840,#4841));
#3406=IFCPOLYLOOP((#4836,#4837,#4838,#4839));
#3404=IFCPOLYLOOP((#4830,#4834,#4842,#4831));
#3411=IFCPOLYLOOP((#4756,#4747,#4755,#4847));
#3410=IFCPOLYLOOP((#4755,#4754,#4845,#4846));
#3409=IFCPOLYLOOP((#4743,#4765,#4844,#4766));
#3408=IFCPOLYLOOP((#4816,#4778,#4814,#4843));
#3413=IFCPOLYLOOP((#4759,#4748,#4757,#4850));
#3417=IFCPOLYLOOP((#4769,#4758,#4759,#4854));
#3416=IFCPOLYLOOP((#4757,#4753,#4756,#4853));
#3415=IFCPOLYLOOP((#4834,#4848,#4852,#4842));
#3407=IFCPOLYLOOP((#4848,#4849,#4851,#4852));
#3414=IFCPOLYLOOP((#4746,#4766,#4855,#4754));
#3412=IFCPOLYLOOP((#4837,#4832,#4833,#4838));
#3421=IFCPOLYLOOP((#4752,#4785,#4859,#4829));
#3420=IFCPOLYLOOP((#4751,#4784,#4858,#4785));
#3419=IFCPOLYLOOP((#4783,#4856,#4857,#4784));
#3418=IFCPOLYLOOP((#4860,#4768,#4769,#4862));
#3424=IFCPOLYLOOP((#4754,#4855,#4864,#4845));
#3425=IFCPOLYLOOP((#4846,#4845,#4865,#4866));
#3422=IFCPOLYLOOP((#4765,#4829,#4861,#4844));
#3426=IFCPOLYLOOP((#4847,#4755,#4846,#4867));
#3423=IFCPOLYLOOP((#4766,#4844,#4863,#4855));
#3430=IFCPOLYLOOP((#4856,#4871,#4872,#4857));
#3427=IFCPOLYLOOP((#4853,#4756,#4847,#4870));
#3428=IFCPOLYLOOP((#4850,#4757,#4853,#4868));
#3432=IFCPOLYLOOP((#4829,#4859,#4874,#4861));
#3431=IFCPOLYLOOP((#4784,#4857,#4873,#4858));
#3436=IFCPOLYLOOP((#4855,#4863,#4880,#4864));
#3438=IFCPOLYLOOP((#4819,#4812,#4816,#4881));
#3429=IFCPOLYLOOP((#4854,#4759,#4850,#4869));
#3435=IFCPOLYLOOP((#4878,#4836,#4839,#4879));
#3434=IFCPOLYLOOP((#4876,#4860,#4862,#4877));
#3433=IFCPOLYLOOP((#4862,#4769,#4854,#4875));
#3437=IFCPOLYLOOP((#4849,#4878,#4879,#4851));
#3440=IFCPOLYLOOP((#4866,#4865,#4882,#4883));
#3439=IFCPOLYLOOP((#4845,#4864,#4884,#4865));
#3442=IFCPOLYLOOP((#4869,#4850,#4868,#4885));
#3443=IFCPOLYLOOP((#4844,#4861,#4886,#4863));
#3447=IFCPOLYLOOP((#4875,#4854,#4869,#4891));
#3446=IFCPOLYLOOP((#4870,#4847,#4867,#4890));
#3445=IFCPOLYLOOP((#4888,#4876,#4877,#4889));
#3444=IFCPOLYLOOP((#4877,#4862,#4875,#4887));
#3451=IFCPOLYLOOP((#4861,#4874,#4896,#4886));
#3450=IFCPOLYLOOP((#4785,#4858,#4894,#4859));
#3448=IFCPOLYLOOP((#4871,#4892,#4893,#4872));
#3454=IFCPOLYLOOP((#4864,#4880,#4901,#4884));
#3456=IFCPOLYLOOP((#4827,#4804,#4819,#4900));
#3455=IFCPOLYLOOP((#4865,#4884,#4899,#4882));
#3449=IFCPOLYLOOP((#4867,#4846,#4866,#4898));
#3453=IFCPOLYLOOP((#4859,#4894,#4897,#4874));
#3441=IFCPOLYLOOP((#4868,#4853,#4870,#4895));
#3457=IFCPOLYLOOP((#4898,#4866,#4883,#4903));
#3458=IFCPOLYLOOP((#4821,#4810,#4827,#4902));
#3459=IFCPOLYLOOP((#4858,#4873,#4911,#4894));
#3463=IFCPOLYLOOP((#4818,#4823,#4910,#4824));
#3462=IFCPOLYLOOP((#4822,#4908,#4909,#4823));
#3461=IFCPOLYLOOP((#4906,#4820,#4821,#4907));
#3460=IFCPOLYLOOP((#4863,#4886,#4905,#4880));
#3452=IFCPOLYLOOP((#4857,#4872,#4904,#4873));
#3464=IFCPOLYLOOP((#4825,#4824,#4912,#4828));
#3474=IFCPOLYLOOP((#4823,#4909,#4923,#4910));
#3473=IFCPOLYLOOP((#4908,#4921,#4922,#4909));
#3472=IFCPOLYLOOP((#4919,#4906,#4907,#4920));
#3470=IFCPOLYLOOP((#4902,#4827,#4900,#4918));
#3465=IFCPOLYLOOP((#4811,#4828,#4914,#4835));
#3468=IFCPOLYLOOP((#4900,#4819,#4881,#4916));
#3467=IFCPOLYLOOP((#4813,#4826,#4915,#4840));
#3466=IFCPOLYLOOP((#4815,#4835,#4913,#4826));
#3479=IFCPOLYLOOP((#4840,#4915,#4929,#4917));
#3478=IFCPOLYLOOP((#4826,#4913,#4928,#4915));
#3477=IFCPOLYLOOP((#4835,#4914,#4927,#4913));
#3476=IFCPOLYLOOP((#4843,#4814,#4841,#4926));
#3475=IFCPOLYLOOP((#4824,#4910,#4925,#4912));
#3469=IFCPOLYLOOP((#4881,#4816,#4843,#4924));
#3486=IFCPOLYLOOP((#4937,#4919,#4920,#4938));
#3485=IFCPOLYLOOP((#4920,#4907,#4935,#4936));
#3484=IFCPOLYLOOP((#4907,#4821,#4902,#4935));
#3483=IFCPOLYLOOP((#4828,#4912,#4934,#4914));
#3482=IFCPOLYLOOP((#4918,#4900,#4916,#4933));
#3481=IFCPOLYLOOP((#4924,#4843,#4926,#4932));
#3488=IFCPOLYLOOP((#4909,#4922,#4940,#4923));
#3471=IFCPOLYLOOP((#4841,#4840,#4917,#4930));
#3480=IFCPOLYLOOP((#4926,#4841,#4930,#4931));
#3490=IFCPOLYLOOP((#4921,#4943,#4944,#4922));
#3498=IFCPOLYLOOP((#4872,#4893,#4950,#4904));
#3495=IFCPOLYLOOP((#4887,#4875,#4891,#4949));
#3494=IFCPOLYLOOP((#4930,#4917,#4947,#4948));
#3493=IFCPOLYLOOP((#4891,#4869,#4885,#4946));
#3492=IFCPOLYLOOP((#4885,#4868,#4895,#4945));
#3491=IFCPOLYLOOP((#4895,#4870,#4890,#4942));
#3489=IFCPOLYLOOP((#4890,#4867,#4898,#4941));
#3487=IFCPOLYLOOP((#4916,#4881,#4924,#4939));
#3496=IFCPOLYLOOP((#4935,#4902,#4918,#4951));
#3499=IFCPOLYLOOP((#4873,#4904,#4953,#4911));
#3497=IFCPOLYLOOP((#4889,#4877,#4887,#4952));
#3502=IFCPOLYLOOP((#4874,#4897,#4956,#4896));
#3500=IFCPOLYLOOP((#4954,#4888,#4889,#4955));
#3503=IFCPOLYLOOP((#4886,#4896,#4957,#4905));
#3504=IFCPOLYLOOP((#4880,#4905,#4958,#4901));
#3506=IFCPOLYLOOP((#4942,#4890,#4941,#4960));
#3505=IFCPOLYLOOP((#4941,#4898,#4903,#4959));
#3507=IFCPOLYLOOP((#4945,#4895,#4942,#4961));
#3509=IFCPOLYLOOP((#4946,#4885,#4945,#4963));
#3508=IFCPOLYLOOP((#4884,#4901,#4962,#4899));
#3510=IFCPOLYLOOP((#4949,#4891,#4946,#4964));
#3511=IFCPOLYLOOP((#4952,#4887,#4949,#4967));
#3512=IFCPOLYLOOP((#4955,#4889,#4952,#4966));
#3501=IFCPOLYLOOP((#4894,#4911,#4965,#4897));
#3515=IFCPOLYLOOP((#4969,#4970,#4971,#4972));
#3516=IFCPOLYLOOP((#4893,#4972,#4973,#4950));
#3517=IFCPOLYLOOP((#4904,#4950,#4974,#4953));
#3519=IFCPOLYLOOP((#4896,#4956,#4976,#4957));
#3518=IFCPOLYLOOP((#4897,#4965,#4975,#4956));
#3523=IFCPOLYLOOP((#4961,#4942,#4960,#4979));
#3521=IFCPOLYLOOP((#4901,#4958,#4978,#4962));
#3514=IFCPOLYLOOP((#4892,#4969,#4972,#4893));
#3513=IFCPOLYLOOP((#4968,#4954,#4955,#4977));
#3524=IFCPOLYLOOP((#4963,#4945,#4961,#4980));
#3531=IFCPOLYLOOP((#4970,#4990,#4991,#4971));
#3528=IFCPOLYLOOP((#4911,#4953,#4985,#4965));
#3529=IFCPOLYLOOP((#4977,#4955,#4966,#4987));
#3522=IFCPOLYLOOP((#4960,#4941,#4959,#4986));
#3527=IFCPOLYLOOP((#4966,#4952,#4967,#4984));
#3526=IFCPOLYLOOP((#4967,#4949,#4964,#4983));
#3520=IFCPOLYLOOP((#4905,#4957,#4982,#4958));
#3525=IFCPOLYLOOP((#4964,#4946,#4963,#4981));
#3530=IFCPOLYLOOP((#4988,#4968,#4977,#4989));
#3534=IFCPOLYLOOP((#4965,#4985,#4994,#4975));
#3533=IFCPOLYLOOP((#4953,#4974,#4993,#4985));
#3535=IFCPOLYLOOP((#4956,#4975,#4995,#4976));
#3532=IFCPOLYLOOP((#4950,#4973,#4992,#4974));
#3537=IFCPOLYLOOP((#4957,#4976,#4996,#4982));
#3538=IFCPOLYLOOP((#4980,#4961,#4979,#4997));
#3542=IFCPOLYLOOP((#4984,#4967,#4983,#5001));
#3541=IFCPOLYLOOP((#4972,#4971,#5000,#4973));
#3540=IFCPOLYLOOP((#4979,#4960,#4986,#4999));
#3536=IFCPOLYLOOP((#4958,#4982,#4998,#4978));
#3548=IFCPOLYLOOP((#4973,#5000,#5007,#4992));
#3553=IFCPOLYLOOP((#4915,#4928,#5013,#4929));
#3552=IFCPOLYLOOP((#4983,#4964,#4981,#5012));
#3551=IFCPOLYLOOP((#4914,#4934,#5011,#4927));
#3550=IFCPOLYLOOP((#4912,#4925,#5010,#4934));
#3549=IFCPOLYLOOP((#4910,#4923,#5009,#4925));
#3547=IFCPOLYLOOP((#4971,#4991,#5006,#5000));
#3545=IFCPOLYLOOP((#5003,#4988,#4989,#5005));
#3543=IFCPOLYLOOP((#4987,#4966,#4984,#5004));
#3544=IFCPOLYLOOP((#4989,#4977,#4987,#5002));
#3546=IFCPOLYLOOP((#4990,#5003,#5005,#4991));
#3539=IFCPOLYLOOP((#4981,#4963,#4980,#5008));
#3555=IFCPOLYLOOP((#4931,#4930,#4948,#5014));
#3556=IFCPOLYLOOP((#4985,#4993,#5015,#4994));
#3557=IFCPOLYLOOP((#4932,#4926,#4931,#5016));
#3563=IFCPOLYLOOP((#4938,#4920,#4936,#5021));
#3562=IFCPOLYLOOP((#4936,#4935,#4951,#5020));
#3560=IFCPOLYLOOP((#4933,#4916,#4939,#5019));
#3554=IFCPOLYLOOP((#4917,#4929,#5018,#4947));
#3559=IFCPOLYLOOP((#4913,#4927,#5017,#4928));
#3564=IFCPOLYLOOP((#5022,#4937,#4938,#5023));
#3565=IFCPOLYLOOP((#4943,#5024,#5025,#4944));
#3558=IFCPOLYLOOP((#4939,#4924,#4932,#5027));
#3569=IFCPOLYLOOP((#4974,#4992,#5030,#4993));
#3568=IFCPOLYLOOP((#4925,#5009,#5029,#5010));
#3567=IFCPOLYLOOP((#4923,#4940,#5028,#5009));
#3566=IFCPOLYLOOP((#4922,#4944,#5026,#4940));
#3571=IFCPOLYLOOP((#4927,#5011,#5033,#5017));
#3572=IFCPOLYLOOP((#4928,#5017,#5034,#5013));
#3570=IFCPOLYLOOP((#4934,#5010,#5031,#5011));
#3573=IFCPOLYLOOP((#4929,#5013,#5035,#5018));
#3575=IFCPOLYLOOP((#5027,#4932,#5016,#5036));
#3588=IFCPOLYLOOP((#5017,#5033,#5051,#5034));
#3587=IFCPOLYLOOP((#5019,#4939,#5027,#5050));
#3586=IFCPOLYLOOP((#5011,#5031,#5049,#5033));
#3584=IFCPOLYLOOP((#5009,#5028,#5048,#5029));
#3561=IFCPOLYLOOP((#4951,#4918,#4933,#5032));
#3583=IFCPOLYLOOP((#4940,#5026,#5047,#5028));
#3582=IFCPOLYLOOP((#4944,#5025,#5046,#5026));
#3581=IFCPOLYLOOP((#5024,#5044,#5045,#5025));
#3580=IFCPOLYLOOP((#5042,#5022,#5023,#5043));
#3579=IFCPOLYLOOP((#5023,#4938,#5021,#5041));
#3574=IFCPOLYLOOP((#5016,#4931,#5014,#5040));
#3578=IFCPOLYLOOP((#5021,#4936,#5020,#5039));
#3577=IFCPOLYLOOP((#5020,#4951,#5032,#5038));
#3576=IFCPOLYLOOP((#5032,#4933,#5019,#5037));
#3593=IFCPOLYLOOP((#5038,#5032,#5037,#5055));
#3591=IFCPOLYLOOP((#5037,#5019,#5050,#5054));
#3590=IFCPOLYLOOP((#5050,#5027,#5036,#5053));
#3589=IFCPOLYLOOP((#5013,#5034,#5052,#5035));
#3592=IFCPOLYLOOP((#5036,#5016,#5040,#5060));
#3596=IFCPOLYLOOP((#5043,#5023,#5041,#5058));
#3585=IFCPOLYLOOP((#5010,#5029,#5059,#5031));
#3595=IFCPOLYLOOP((#5041,#5021,#5039,#5057));
#3594=IFCPOLYLOOP((#5039,#5020,#5038,#5056));
#3600=IFCPOLYLOOP((#5029,#5048,#5063,#5059));
#3599=IFCPOLYLOOP((#5028,#5047,#5061,#5048));
#3601=IFCPOLYLOOP((#5026,#5046,#5064,#5047));
#3598=IFCPOLYLOOP((#5044,#5065,#5066,#5045));
#3602=IFCPOLYLOOP((#5025,#5045,#5067,#5046));
#3603=IFCPOLYLOOP((#5031,#5059,#5068,#5049));
#3604=IFCPOLYLOOP((#5034,#5051,#5069,#5052));
#3610=IFCPOLYLOOP((#5075,#5076,#5077,#5078));
#3608=IFCPOLYLOOP((#5056,#5038,#5055,#5074));
#3607=IFCPOLYLOOP((#5055,#5037,#5054,#5073));
#3606=IFCPOLYLOOP((#5054,#5050,#5053,#5072));
#3597=IFCPOLYLOOP((#5062,#5042,#5043,#5071));
#3605=IFCPOLYLOOP((#5053,#5036,#5060,#5070));
#3612=IFCPOLYLOOP((#5081,#5075,#5078,#5082));
#3611=IFCPOLYLOOP((#5076,#5079,#5080,#5077));
#3613=IFCPOLYLOOP((#5079,#5083,#5084,#5080));
#3614=IFCPOLYLOOP((#5085,#5081,#5082,#5086));
#3615=IFCPOLYLOOP((#5087,#5085,#5086,#5088));
#3620=IFCPOLYLOOP((#5095,#5087,#5088,#5096));
#3619=IFCPOLYLOOP((#5091,#5093,#5094,#5092));
#3617=IFCPOLYLOOP((#5089,#5091,#5092,#5090));
#3616=IFCPOLYLOOP((#5083,#5089,#5090,#5084));
#3622=IFCPOLYLOOP((#5093,#5099,#5100,#5094));
#3621=IFCPOLYLOOP((#5097,#5095,#5096,#5098));
#3632=IFCPOLYLOOP((#5065,#5111,#5112,#5066));
#3631=IFCPOLYLOOP((#5045,#5066,#5116,#5067));
#3630=IFCPOLYLOOP((#5071,#5043,#5058,#5115));
#3629=IFCPOLYLOOP((#5106,#5113,#5114,#5107));
#3628=IFCPOLYLOOP((#5111,#5062,#5071,#5112));
#3627=IFCPOLYLOOP((#4975,#4994,#5110,#4995));
#3626=IFCPOLYLOOP((#5108,#5102,#5105,#5109));
#3625=IFCPOLYLOOP((#5099,#5106,#5107,#5100));
#3623=IFCPOLYLOOP((#5103,#5097,#5098,#5104));
#3624=IFCPOLYLOOP((#5102,#5103,#5104,#5105));
#3618=IFCPOLYLOOP((#5057,#5039,#5056,#5101));
#3634=IFCPOLYLOOP((#5046,#5067,#5118,#5064));
#3633=IFCPOLYLOOP((#5058,#5041,#5057,#5117));
#3635=IFCPOLYLOOP((#4982,#4996,#5119,#4998));
#3638=IFCPOLYLOOP((#5048,#5061,#5122,#5063));
#3637=IFCPOLYLOOP((#5113,#5120,#5121,#5114));
#3609=IFCPOLYLOOP((#5033,#5049,#5123,#5051));
#3642=IFCPOLYLOOP((#5051,#5123,#5128,#5069));
#3640=IFCPOLYLOOP((#4976,#4995,#5126,#4996));
#3636=IFCPOLYLOOP((#4997,#4979,#4999,#5125));
#3639=IFCPOLYLOOP((#5059,#5063,#5124,#5068));
#3641=IFCPOLYLOOP((#5049,#5068,#5127,#5123));
#3644=IFCPOLYLOOP((#5073,#5054,#5072,#5129));
#3650=IFCPOLYLOOP((#5047,#5064,#5135,#5061));
#3649=IFCPOLYLOOP((#5004,#4984,#5001,#5134));
#3648=IFCPOLYLOOP((#5001,#4983,#5012,#5133));
#3647=IFCPOLYLOOP((#5012,#4981,#5008,#5132));
#3646=IFCPOLYLOOP((#5008,#4980,#4997,#5131));
#3645=IFCPOLYLOOP((#5074,#5055,#5073,#5130));
#3656=IFCPOLYLOOP((#5140,#5108,#5109,#5141));
#3655=IFCPOLYLOOP((#4994,#5015,#5139,#5110));
#3653=IFCPOLYLOOP((#5000,#5006,#5138,#5007));
#3652=IFCPOLYLOOP((#4992,#5007,#5137,#5030));
#3651=IFCPOLYLOOP((#5005,#4989,#5002,#5136));
#3657=IFCPOLYLOOP((#5120,#5142,#5143,#5121));
#3643=IFCPOLYLOOP((#5072,#5053,#5070,#5144));
#3662=IFCPOLYLOOP((#5131,#4997,#5125,#5148));
#3660=IFCPOLYLOOP((#5146,#5140,#5141,#5147));
#3659=IFCPOLYLOOP((#4991,#5005,#5136,#5006));
#3658=IFCPOLYLOOP((#4995,#5110,#5145,#5126));
#3667=IFCPOLYLOOP((#5142,#5153,#5154,#5143));
#3654=IFCPOLYLOOP((#5002,#4987,#5004,#5158));
#3666=IFCPOLYLOOP((#5101,#5056,#5074,#5152));
#3664=IFCPOLYLOOP((#5133,#5012,#5132,#5151));
#3661=IFCPOLYLOOP((#4993,#5030,#5150,#5015));
#3663=IFCPOLYLOOP((#5132,#5008,#5131,#5149));
#3668=IFCPOLYLOOP((#5153,#5155,#5156,#5154));
#3665=IFCPOLYLOOP((#5134,#5001,#5133,#5157));
#3669=IFCPOLYLOOP((#5117,#5057,#5101,#5159));
#3671=IFCPOLYLOOP((#5115,#5058,#5117,#5160));
#3672=IFCPOLYLOOP((#5112,#5071,#5115,#5161));
#3673=IFCPOLYLOOP((#5066,#5112,#5161,#5116));
#3674=IFCPOLYLOOP((#5067,#5116,#5162,#5118));
#3670=IFCPOLYLOOP((#5155,#5146,#5147,#5156));
#3675=IFCPOLYLOOP((#5061,#5135,#5164,#5122));
#3680=IFCPOLYLOOP((#5130,#5073,#5129,#5167));
#3676=IFCPOLYLOOP((#4996,#5126,#5163,#5119));
#3678=IFCPOLYLOOP((#5068,#5124,#5166,#5127));
#3677=IFCPOLYLOOP((#5063,#5122,#5165,#5124));
#3683=IFCPOLYLOOP((#5160,#5117,#5159,#5169));
#3679=IFCPOLYLOOP((#5123,#5127,#5168,#5128));
#3684=IFCPOLYLOOP((#5161,#5115,#5160,#5170));
#3685=IFCPOLYLOOP((#5129,#5072,#5144,#5171));
#3688=IFCPOLYLOOP((#5135,#5174,#5176,#5164));
#3682=IFCPOLYLOOP((#5159,#5101,#5152,#5175));
#3687=IFCPOLYLOOP((#5118,#5162,#5173,#5174));
#3686=IFCPOLYLOOP((#5116,#5161,#5170,#5162));
#3681=IFCPOLYLOOP((#5152,#5074,#5130,#5172));
#3689=IFCPOLYLOOP((#5122,#5164,#5177,#5165));
#3696=IFCPOLYLOOP((#5162,#5170,#5182,#5173));
#3694=IFCPOLYLOOP((#5175,#5152,#5172,#5181));
#3693=IFCPOLYLOOP((#5172,#5130,#5167,#5180));
#3692=IFCPOLYLOOP((#5167,#5129,#5171,#5179));
#3690=IFCPOLYLOOP((#5124,#5165,#5178,#5166));
#3691=IFCPOLYLOOP((#5127,#5166,#5183,#5168));
#3697=IFCPOLYLOOP((#5064,#5118,#5174,#5135));
#3700=IFCPOLYLOOP((#5165,#5177,#5185,#5178));
#3695=IFCPOLYLOOP((#5169,#5159,#5175,#5184));
#3704=IFCPOLYLOOP((#5182,#5169,#5184,#5188));
#3703=IFCPOLYLOOP((#5174,#5173,#5187,#5176));
#3702=IFCPOLYLOOP((#5181,#5172,#5180,#5186));
#3698=IFCPOLYLOOP((#5170,#5160,#5169,#5182));
#3705=IFCPOLYLOOP((#5166,#5178,#5189,#5183));
#3699=IFCPOLYLOOP((#5164,#5176,#5190,#5177));
#3711=IFCPOLYLOOP((#5195,#5181,#5186,#5196));
#3710=IFCPOLYLOOP((#5186,#5180,#5193,#5194));
#3706=IFCPOLYLOOP((#5173,#5182,#5188,#5187));
#3708=IFCPOLYLOOP((#5177,#5190,#5192,#5185));
#3707=IFCPOLYLOOP((#5176,#5187,#5191,#5190));
#3712=IFCPOLYLOOP((#5188,#5184,#5195,#5197));
#3713=IFCPOLYLOOP((#5187,#5188,#5197,#5191));
#3714=IFCPOLYLOOP((#5190,#5191,#5198,#5192));
#3725=IFCPOLYLOOP((#5110,#5139,#5205,#5145));
#3724=IFCPOLYLOOP((#5136,#5002,#5158,#5204));
#3722=IFCPOLYLOOP((#5197,#5195,#5196,#5203));
#3720=IFCPOLYLOOP((#5006,#5136,#5204,#5138));
#3701=IFCPOLYLOOP((#5180,#5167,#5179,#5193));
#3719=IFCPOLYLOOP((#5191,#5197,#5203,#5198));
#3717=IFCPOLYLOOP((#5184,#5175,#5181,#5195));
#3718=IFCPOLYLOOP((#5158,#5004,#5134,#5202));
#3716=IFCPOLYLOOP((#5196,#5186,#5194,#5201));
#3715=IFCPOLYLOOP((#5185,#5192,#5200,#5199));
#3709=IFCPOLYLOOP((#5178,#5185,#5199,#5189));
#3727=IFCPOLYLOOP((#5149,#5131,#5148,#5207));
#3723=IFCPOLYLOOP((#5015,#5150,#5206,#5139));
#3721=IFCPOLYLOOP((#5007,#5138,#5209,#5137));
#3726=IFCPOLYLOOP((#5126,#5145,#5208,#5163));
#3729=IFCPOLYLOOP((#5157,#5133,#5151,#5210));
#3732=IFCPOLYLOOP((#5203,#5196,#5201,#5212));
#3730=IFCPOLYLOOP((#5202,#5134,#5157,#5211));
#3728=IFCPOLYLOOP((#5151,#5132,#5149,#5213));
#3742=IFCAXIS2PLACEMENT3D(#5224,#5225,#5226);
#3746=IFCDIRECTION((1.,0.,0.));
#3745=IFCCARTESIANPOINT((13310.11286759531,4853.63986184891,799.9999999999972));
#3744=IFCPOLYLOOP((#5145,#5205,#5223,#5208));
#3731=IFCPOLYLOOP((#5192,#5198,#5219,#5200));
#3743=IFCAXIS2PLACEMENT3D(#5220,#5221,#5222);
#3741=IFCDIRECTION((0.,1.,0.));
#3740=IFCDIRECTION((1.,0.,0.));
#3739=IFCCARTESIANPOINT((13310.11286759531,5613.543087350116,799.9999999999972));
#3737=IFCPOLYLOOP((#5139,#5206,#5218,#5205));
#3738=IFCPOLYLOOP((#5030,#5137,#5216,#5150));
#3733=IFCPOLYLOOP((#5198,#5203,#5212,#5219));
#3736=IFCPOLYLOOP((#5150,#5216,#5217,#5206));
#3735=IFCPOLYLOOP((#5137,#5209,#5215,#5216));
#3734=IFCPOLYLOOP((#5138,#5204,#5214,#5209));
#3748=IFCAXIS2PLACEMENT3D(#5227,#5228,#5229);
#3751=IFCAXIS2PLACEMENT3D(#5230,#5231,#5232);
#3749=IFCPOLYLOOP((#5204,#5158,#5202,#5214));
#3747=IFCDIRECTION((0.,1.,0.));
#3752=IFCPROPERTYSINGLEVALUE('Manufacturer',$,IFCLABEL(''),$);
#3756=IFCPOLYLOOP((#5210,#5151,#5213,#5233));
#3757=IFCPOLYLOOP((#5211,#5157,#5210,#5234));
#3755=IFCPROPERTYSINGLEVALUE('Renovation Status',$,IFCLABEL('New'),$);
#3754=IFCPROPERTYSINGLEVALUE('SerialNumber',$,IFCIDENTIFIER(''),$);
#3750=IFCPROPERTYSINGLEVALUE('SerialNumber',$,IFCIDENTIFIER(''),$);
#3753=IFCPROPERTYSINGLEVALUE('ProductionYear',$,IFCLABEL(''),$);
#3758=IFCPOLYLOOP((#5213,#5149,#5207,#5235));
#3759=IFCPOLYLOOP((#5214,#5202,#5211,#5236));
#3760=IFCPROPERTYSINGLEVALUE('Renovation Status',$,IFCLABEL('New'),$);
#3761=IFCPROPERTYSINGLEVALUE('Design Option Set',$,IFCLABEL('Modelo Principal'),$);
#3762=IFCPROPERTYSINGLEVALUE('Design Option',$,IFCLABEL('Modelo Principal'),$);
#3764=IFCPOLYLOOP((#5209,#5214,#5236,#5215));
#3763=IFCRELDEFINESBYPROPERTIES('1GawSckhIsIpk_MJM2am0d',#2,$,$,(#2541),#5237);
#3781=IFCPOLYLOOP((#5206,#5217,#5246,#5218));
#3780=IFCPOLYLOOP((#5241,#5233,#5243,#5245));
#3765=IFCRELDEFINESBYPROPERTIES('17C96jfoTsjmGvkWHOEoxJ',#2,$,$,(#2541),#5244);
#3778=IFCPOLYLOOP((#5233,#5213,#5235,#5243));
#3776=IFCPOLYLOOP((#5215,#5236,#5242,#5239));
#3775=IFCPOLYLOOP((#5236,#5211,#5234,#5242));
#3774=IFCPOLYLOOP((#5234,#5210,#5233,#5241));
#3773=IFCPOLYLOOP((#5205,#5218,#5240,#5223));
#3772=IFCPROPERTYSINGLEVALUE('Design Option',$,IFCLABEL('Modelo Principal'),$);
#3771=IFCPROPERTYSINGLEVALUE('Design Option Set',$,IFCLABEL('Modelo Principal'),$);
#3770=IFCPOLYLOOP((#5216,#5215,#5239,#5217));
#3769=IFCPROPERTYSINGLEVALUE('ProductionYear',$,IFCLABEL(''),$);
#3768=IFCPROPERTYSINGLEVALUE('Manufacturer',$,IFCLABEL(''),$);
#3767=IFCRELCONNECTSPORTS('19Hq1H$EXDNqwPVTMrbw3S',#2,$,$,#2598,#2541,$);
#3766=IFCRELDEFINESBYPROPERTIES('3P5ukP27168JJsi5EwbLbN',#2,$,$,(#2541),#5238);
#3779=IFCPOLYLOOP((#5218,#5246,#5247,#5240));
#3787=IFCRELCONNECTSPORTS('0CGbcOLrzUfMl$nKbQjUdr',#2,$,$,#2593,#2540,$);
#3782=IFCPOLYLOOP((#5242,#5234,#5241,#5248));
#3786=IFCRELDEFINESBYPROPERTIES('3JYvujWS4WlyPG9jCvOA19',#2,$,$,(#2540),#5252);
#3785=IFCRELDEFINESBYPROPERTIES('3YWGiVVnWO_$AHoDSE1scD',#2,$,$,(#2540),#5251);
#3777=IFCPOLYLOOP((#5217,#5239,#5250,#5246));
#3783=IFCPOLYLOOP((#5248,#5241,#5245,#5249));
#3789=IFCPOLYLOOP((#5254,#5258,#5259,#5255));
#3788=IFCPOLYLOOP((#5253,#5254,#5255,#5256));
#3796=IFCPOLYLOOP((#5265,#5269,#5270,#5266));
#3795=IFCPOLYLOOP((#5267,#5263,#5264,#5268));
#3792=IFCPOLYLOOP((#5263,#5260,#5261,#5264));
#3791=IFCPOLYLOOP((#5246,#5250,#5262,#5247));
#3790=IFCPOLYLOOP((#5260,#5253,#5256,#5261));
#3784=IFCRELDEFINESBYPROPERTIES('0yipzqgvLFuwpaSwHR96KB',#2,$,$,(#2540),#5257);
#3793=IFCPOLYLOOP((#5239,#5242,#5248,#5250));
#3798=IFCPOLYLOOP((#5273,#5274,#5275,#5276));
#3797=IFCPOLYLOOP((#5271,#5267,#5268,#5272));
#3799=IFCPOLYLOOP((#5274,#5277,#5279,#5275));
#3800=IFCPOLYLOOP((#5278,#5282,#5283,#5281));
#3804=IFCPOLYLOOP((#5284,#5285,#5286,#5287));
#3794=IFCPOLYLOOP((#5258,#5265,#5266,#5259));
#3802=IFCPOLYLOOP((#5269,#5273,#5276,#5270));
#3805=IFCPOLYLOOP((#5285,#5288,#5289,#5286));
#3806=IFCPOLYLOOP((#5290,#5284,#5287,#5291));
#3809=IFCPOLYLOOP((#5295,#5280,#5293,#5296));
#3808=IFCPOLYLOOP((#5277,#5290,#5291,#5279));
#3801=IFCPOLYLOOP((#5280,#5278,#5281,#5293));
#3810=IFCPOLYLOOP((#5250,#5248,#5249,#5262));
#3812=IFCPOLYLOOP((#5294,#5295,#5296,#5299));
#3811=IFCPOLYLOOP((#5288,#5297,#5298,#5289));
#3803=IFCPOLYLOOP((#5282,#5271,#5272,#5283));
#3807=IFCPOLYLOOP((#5292,#5294,#5299,#5300));
#3813=IFCPOLYLOOP((#5297,#5301,#5302,#5298));
#3814=IFCPOLYLOOP((#5304,#5305,#5306,#5307));
#3815=IFCPOLYLOOP((#5303,#5308,#5309,#5310));
#3816=IFCRELDEFINESBYPROPERTIES('1TObGdMCIF77fDSPhIHgyh',#2,$,$,(#2586),#5311);
#3818=IFCRELDEFINESBYPROPERTIES('1p5r4WSxByQhAe5J3Bfpj9',#2,$,$,(#2586),#5313);
#3817=IFCRELDEFINESBYPROPERTIES('2wdnMntQy$whbxaCibTrPP',#2,$,$,(#2586),#5312);
#3828=IFCRELDEFINESBYPROPERTIES('1lH8RJIZfZEzK4EQTukBqe',#2,$,$,(#2593),#5319);
#3825=IFCPOLYLOOP((#5305,#5303,#5310,#5306));
#3826=IFCRELDEFINESBYPROPERTIES('2ddHfHFJXPCkkbgRmArqQ2',#2,$,$,(#2593),#5318);
#3823=IFCPOLYLOOP((#5301,#5292,#5300,#5302));
#3820=IFCCARTESIANPOINT((13279.11286759531,5644.543087350116,799.9999999999972));
#3822=IFCDIRECTION((0.,1.,0.));
#3821=IFCDIRECTION((1.,0.,0.));
#3819=IFCAXIS2PLACEMENT3D(#5314,#5315,#5316);
#3829=IFCPROPERTYSINGLEVALUE('Renovation Status',$,IFCLABEL('New'),$);
#3830=IFCPROPERTYSINGLEVALUE('Design Option Set',$,IFCLABEL('Modelo Principal'),$);
#3827=IFCRELDEFINESBYPROPERTIES('1aUftnt8jRm7rKIql__Z0Z',#2,$,$,(#2593),#5320);
#3832=IFCPOLYLOOP((#5308,#5323,#5324,#5309));
#3833=IFCRELDEFINESBYPROPERTIES('2x7o6ixs9kDb9JWLS1Ujmp',#2,$,$,(#2598),#5325);
#3831=IFCPROPERTYSINGLEVALUE('Design Option',$,IFCLABEL('Modelo Principal'),$);
#3824=IFCAXIS2PLACEMENT3D(#5317,#5321,#5322);
#3834=IFCPROPERTYSINGLEVALUE('Manufacturer',$,IFCLABEL(''),$);
#3835=IFCPROPERTYSINGLEVALUE('ProductionYear',$,IFCLABEL(''),$);
#3836=IFCPOLYLOOP((#5326,#5304,#5307,#5327));
#3839=IFCRELDEFINESBYPROPERTIES('0YauVIIC3dJaDkU2o7Km7i',#2,$,$,(#2598),#5329);
#3838=IFCRELDEFINESBYPROPERTIES('18xxoW$ekM1QB3albbKp2U',#2,$,$,(#2598),#5328);
#3842=IFCPOLYLOOP((#5331,#5332,#5333,#5334));
#3841=IFCRELDEFINESBYPROPERTIES('3jc7nC1GoUj_DOJCx8lPom',#2,$,$,(#2601),#5330);
#3840=IFCRELDEFINESBYPROPERTIES('3mIq94JguXOCbJKwD7xiRo',#2,$,$,(#2601),#5335);
#3837=IFCPROPERTYSINGLEVALUE('SerialNumber',$,IFCIDENTIFIER(''),$);
#3847=IFCDIRECTION((1.,0.,0.));
#3846=IFCDIRECTION((0.,0.,1.));
#3844=IFCRELDEFINESBYPROPERTIES('3Vvbma7yijxRLC3_lCDTAz',#2,$,$,(#2601),#5337);
#3845=IFCCARTESIANPOINT((10710.89434360967,-32.6380756117215,0.));
#3843=IFCPOLYLOOP((#5336,#5326,#5327,#5342));
#3851=IFCPOLYLOOP((#5343,#5338,#5341,#5344));
#3850=IFCPOLYLOOP((#5339,#5336,#5342,#5340));
#3848=IFCPOLYLOOP((#5338,#5339,#5340,#5341));
#3849=IFCPOLYLOOP((#5354,#5345,#5348,#5355));
#3855=IFCPOLYLOOP((#5346,#5351,#5352,#5347));
#3854=IFCPOLYLOOP((#5349,#5343,#5344,#5350));
#3853=IFCPOLYLOOP((#5345,#5346,#5347,#5348));
#3852=IFCPOLYLOOP((#5323,#5331,#5334,#5324));
#3856=IFCPOLYLOOP((#5353,#5349,#5350,#5366));
#3862=IFCPOLYLOOP((#5361,#5353,#5366,#5362));
#3860=IFCPOLYLOOP((#5357,#5364,#5365,#5358));
#3859=IFCPOLYLOOP((#5360,#5361,#5362,#5363));
#3857=IFCPOLYLOOP((#5351,#5356,#5359,#5352));
#3858=IFCPOLYLOOP((#5356,#5357,#5358,#5359));
#3863=IFCPOLYLOOP((#5367,#5360,#5363,#5368));
#3865=IFCPOLYLOOP((#5364,#5367,#5368,#5365));
#3861=IFCPOLYLOOP((#5332,#5354,#5355,#5333));
#3864=IFCCALENDARDATE(15,3,2019);
#3866=IFCPROPERTYSET('378GaHBRGA67054TE5kSco',#2,'Pset_DesignOptions',$,(#5369,#5370));
#3869=IFCCLASSIFICATIONREFERENCE($,'Forjado',$,#2626);
#3867=IFCPROPERTYSET('1tc4jUoiQW8IAx7wQoVGXt',#2,'AC_Pset_RenovationAndPhasing',$,(#5371));
#3868=IFCSLABTYPE('0zF8ib1TjFP4c5C5EkR7yn',#2,'Forjado/Cubierta Gen\X\E9rica 300',$,$,$,$,'3D3C8B25-05DB-4F64-4985-3053AE6C7F31',$,.NOTDEFINED.);
#3870=IFCCARTESIANPOINT((-250.0000000000001,-250.0000000000001,500.));
#3871=IFCCARTESIANPOINT((-250.0000000000001,-250.0000000000001,0.));
#3872=IFCCARTESIANPOINT((250.0000000000001,-250.0000000000001,0.));
#3874=IFCCARTESIANPOINT((-250.0000000000001,250.0000000000001,0.));
#3873=IFCCARTESIANPOINT((250.0000000000001,-250.0000000000001,500.));
#3875=IFCCARTESIANPOINT((250.0000000000001,250.0000000000001,0.));
#3877=IFCCARTESIANPOINT((-250.0000000000001,250.0000000000001,500.));
#3881=IFCCARTESIANPOINT((4949.999999999999,4950.,0.));
#3880=IFCCARTESIANPOINT((4949.999999999999,49.9999999999996,0.));
#3879=IFCCARTESIANPOINT((4949.999999999999,49.9999999999996,100.0000000000001));
#3878=IFCCARTESIANPOINT((50.00000000000071,50.00000000000004,100.0000000000005));
#3876=IFCCARTESIANPOINT((250.0000000000001,250.0000000000001,500.));
#3882=IFCCARTESIANPOINT((4949.999999999999,4950.,100.0000000000005));
#3884=IFCCARTESIANPOINT((50.00000000000071,4950.,100.0000000000005));
#3883=IFCCARTESIANPOINT((50.00000000000071,50.00000000000004,0.));
#3885=IFCCARTESIANPOINT((50.00000000000071,4950.,0.));
#3887=IFCCARTESIANPOINT((0.,5000.,-200.));
#3886=IFCCARTESIANPOINT((0.,0.,-200.));
#3889=IFCCARTESIANPOINT((5000.,0.,-200.));
#3890=IFCCARTESIANPOINT((5000.,5000.,0.));
#3891=IFCCARTESIANPOINT((5000.,0.,0.));
#3901=IFCCARTESIANPOINT((5250.,250.,3000.));
#3900=IFCCARTESIANPOINT((5250.,250.,0.));
#3899=IFCCARTESIANPOINT((-249.9999999999999,250.,3000.));
#3897=IFCCARTESIANPOINT((5250.,0.,0.));
#3896=IFCCARTESIANPOINT((-250.,0.,0.));
#3895=IFCCARTESIANPOINT((-250.,0.,3000.));
#3894=IFCCARTESIANPOINT((5250.,0.,3000.));
#3893=IFCCARTESIANPOINT((0.,5000.,0.));
#3888=IFCCARTESIANPOINT((5000.,5000.,-200.));
#3892=IFCCARTESIANPOINT((0.,0.,0.));
#3902=IFCCARTESIANPOINT((5000.,-50.00000000000071,0.));
#3898=IFCCARTESIANPOINT((-249.9999999999999,250.,0.));
#3917=IFCCARTESIANPOINT((5250.,0.,3000.));
#3916=IFCCARTESIANPOINT((5250.,250.0000000000009,3000.));
#3915=IFCCARTESIANPOINT((5250.,250.,0.));
#3914=IFCCARTESIANPOINT((5250.,0.,0.));
#3913=IFCCARTESIANPOINT((0.,250.,3000.));
#3912=IFCCARTESIANPOINT((0.,0.,3000.));
#3911=IFCCARTESIANPOINT((0.,0.,0.));
#3909=IFCCARTESIANPOINT((5000.,0.,3000.));
#3910=IFCCARTESIANPOINT((0.,250.,0.));
#3908=IFCCARTESIANPOINT((0.,0.,3000.));
#3907=IFCCARTESIANPOINT((0.,-50.00000000000071,3000.));
#3906=IFCCARTESIANPOINT((5000.,-50.00000000000071,3000.));
#3905=IFCCARTESIANPOINT((5000.,0.,0.));
#3903=IFCCARTESIANPOINT((0.,-50.00000000000071,0.));
#3904=IFCCARTESIANPOINT((0.,0.,0.));
#3918=IFCCARTESIANPOINT((5000.,-49.99999999999982,0.));
#3920=IFCCARTESIANPOINT((50.00000000000071,0.,0.));
#3919=IFCCARTESIANPOINT((50.00000000000071,-49.99999999999982,0.));
#3921=IFCCARTESIANPOINT((5000.,0.,0.));
#3922=IFCCARTESIANPOINT((5000.,-49.99999999999982,3000.));
#3925=IFCCARTESIANPOINT((5000.,0.,3000.));
#3923=IFCCARTESIANPOINT((50.00000000000071,-49.99999999999982,3000.));
#3924=IFCCARTESIANPOINT((50.00000000000071,0.,3000.));
#3926=IFCCARTESIANPOINT((5250.,0.,0.));
#3928=IFCCARTESIANPOINT((5250.,0.,3000.));
#3932=IFCCARTESIANPOINT((0.,250.,3000.));
#3931=IFCCARTESIANPOINT((5250.,250.,0.));
#3930=IFCCARTESIANPOINT((0.,250.,0.));
#3929=IFCCARTESIANPOINT((0.,0.,3000.));
#3943=IFCCARTESIANPOINT((0.,0.,0.));
#3942=IFCCARTESIANPOINT((5000.,0.,0.));
#3941=IFCCARTESIANPOINT((5000.,0.,3000.));
#3940=IFCCARTESIANPOINT((5000.,0.,0.));
#3939=IFCCARTESIANPOINT((49.99999999999982,0.,3000.));
#3938=IFCCARTESIANPOINT((49.99999999999982,0.,0.));
#3934=IFCCARTESIANPOINT((5000.,-50.00000000000071,3000.));
#3937=IFCCARTESIANPOINT((5000.,-50.00000000000071,0.));
#3936=IFCCARTESIANPOINT((49.99999999999982,-50.00000000000071,0.));
#3927=IFCCARTESIANPOINT((0.,0.,0.));
#3935=IFCCARTESIANPOINT((49.99999999999982,-50.00000000000071,3000.));
#3933=IFCCARTESIANPOINT((5250.,250.,3000.));
#3949=IFCCARTESIANPOINT((5000.,0.,3000.));
#3948=IFCCARTESIANPOINT((5000.,250.0000000000001,3000.));
#3947=IFCCARTESIANPOINT((0.,250.0000000000002,3000.));
#3946=IFCCARTESIANPOINT((0.,0.,3000.));
#3945=IFCCARTESIANPOINT((5000.,249.9999999999999,0.));
#3944=IFCCARTESIANPOINT((0.,250.,0.));
#3951=IFCCARTESIANPOINT((-28.5,0.,155.764757112287));
#3952=IFCCARTESIANPOINT((-28.5,20.,155.764757112287));
#3950=IFCCARTESIANPOINT((-14.75268557084368,0.,150.0704330295231));
#3958=IFCCARTESIANPOINT((-40.30508652763321,0.,164.8231186003668));
#3957=IFCCARTESIANPOINT((14.75268557084374,20.,150.0704330295231));
#3956=IFCCARTESIANPOINT((0.,20.,148.128205128));
#3955=IFCCARTESIANPOINT((0.,0.,148.128205128));
#3954=IFCCARTESIANPOINT((14.75268557084374,0.,150.0704330295231));
#3959=IFCCARTESIANPOINT((28.50000000000006,0.,155.764757112287));
#3972=IFCCARTESIANPOINT((-55.05777209847689,0.,190.3755195571563));
#3973=IFCCARTESIANPOINT((-55.05777209847689,20.,190.3755195571563));
#3970=IFCCARTESIANPOINT((-4.141104721640332,20.,650.5451867793749));
#3971=IFCCARTESIANPOINT((0.,20.,650.));
#3969=IFCCARTESIANPOINT((-4.141104721640332,0.,650.5451867793749));
#3967=IFCCARTESIANPOINT((40.30508652763326,20.,164.8231186003668));
#3968=IFCCARTESIANPOINT((0.,0.,650.));
#3965=IFCCARTESIANPOINT((40.30508652763326,0.,164.8231186003668));
#3966=IFCCARTESIANPOINT((28.50000000000006,20.,155.764757112287));
#3953=IFCCARTESIANPOINT((-14.75268557084368,20.,150.0704330295231));
#3964=IFCCARTESIANPOINT((49.36344801571305,0.,176.628205128));
#3963=IFCCOLOURRGB($,0.7098039215686275,0.7137254901960784,0.7568627450980392);
#3962=IFCCARTESIANPOINT((-49.363448015713,20.,176.628205128));
#3961=IFCCARTESIANPOINT((-49.363448015713,0.,176.628205128));
#3960=IFCCARTESIANPOINT((-40.30508652763321,20.,164.8231186003668));
#3976=IFCCARTESIANPOINT((-57.,0.,205.128205128));
#3985=IFCCARTESIANPOINT((-49.36344801571302,0.,233.628205128));
#3984=IFCCARTESIANPOINT((57.00000000000003,20.,205.128205128));
#3983=IFCCARTESIANPOINT((55.05777209847693,20.,190.3755195571564));
#3986=IFCCARTESIANPOINT((-49.36344801571302,20.,233.628205128));
#3982=IFCCARTESIANPOINT((55.05777209847693,0.,190.3755195571564));
#3981=IFCCARTESIANPOINT((57.00000000000003,0.,205.128205128));
#3980=IFCCARTESIANPOINT((-57.,20.,205.128205128));
#3979=IFCCARTESIANPOINT((-7.999999999999998,20.,652.1435935394491));
#3978=IFCCARTESIANPOINT((-55.0577720984769,20.,219.8808906988437));
#3977=IFCCARTESIANPOINT((-55.0577720984769,0.,219.8808906988437));
#3994=IFCCARTESIANPOINT((-28.50000000000002,20.,254.491653143713));
#3993=IFCCARTESIANPOINT((-28.50000000000002,0.,254.491653143713));
#3992=IFCCARTESIANPOINT((49.363448015713,20.,233.628205128));
#3991=IFCCARTESIANPOINT((55.0577720984769,20.,219.8808906988437));
#3990=IFCCARTESIANPOINT((49.363448015713,0.,233.628205128));
#3989=IFCCARTESIANPOINT((-40.30508652763324,20.,245.4332916556332));
#3988=IFCCARTESIANPOINT((-40.30508652763324,0.,245.4332916556332));
#3987=IFCCARTESIANPOINT((55.0577720984769,0.,219.8808906988437));
#3974=IFCCARTESIANPOINT((-7.999999999999998,0.,652.1435935394491));
#3975=IFCCARTESIANPOINT((49.36344801571305,20.,176.628205128));
#3995=IFCCARTESIANPOINT((40.3050865276332,0.,245.4332916556333));
#3996=IFCCARTESIANPOINT((-14.75268557084371,0.,260.1859772264769));
#3997=IFCCARTESIANPOINT((-14.75268557084371,20.,260.1859772264769));
#3998=IFCCARTESIANPOINT((0.,-584.3319254658386,30.76923076923077));
#3999=IFCCARTESIANPOINT((-31.16372549019607,-579.2880212954748,30.76923076923077));
#4000=IFCCARTESIANPOINT((-17.70980392156862,-524.5944276841171,235.8974358974359));
#4001=IFCCARTESIANPOINT((-34.06372549019608,-516.2148003549246,235.8974358974359));
#4004=IFCCARTESIANPOINT((-59.94117647058822,-564.5436024844721,30.76923076923077));
#4003=IFCCARTESIANPOINT((31.16372549019607,-579.2880212954748,30.76923076923077));
#4005=IFCCARTESIANPOINT((-47.80882352941175,-502.9639041703637,235.8974358974359));
#4006=IFCCARTESIANPOINT((40.3050865276332,20.,245.4332916556333));
#4007=IFCCARTESIANPOINT((0.,0.,262.128205128));
#4020=IFCCARTESIANPOINT((85.27156862745097,-611.8490860692103,369.2307692307693));
#4024=IFCCARTESIANPOINT((-57.89313725490196,-485.857107364685,235.8974358974359));
#4021=IFCCARTESIANPOINT((0.,-640.,369.2307692307693));
#4019=IFCCARTESIANPOINT((34.06372549019608,-516.2148003549246,235.8974358974359));
#4018=IFCCARTESIANPOINT((-34.06372549019608,-516.2148003549246,235.8974358974359));
#4017=IFCCARTESIANPOINT((-17.70980392156862,-524.5944276841171,235.8974358974359));
#4012=IFCCARTESIANPOINT((0.,20.,262.128205128));
#4016=IFCCARTESIANPOINT((0.,-527.4599467613133,235.8974358974359));
#4015=IFCCARTESIANPOINT((17.70980392156862,-524.5944276841171,235.8974358974359));
#4014=IFCCARTESIANPOINT((17.70980392156862,-524.5944276841171,235.8974358974359));
#4013=IFCCOLOURRGB($,0.9683985656519417,0.991607537956817,1.);
#4011=IFCCARTESIANPOINT((14.75268557084366,20.,260.1859772264769));
#4010=IFCCARTESIANPOINT((28.49999999999998,20.,254.491653143713));
#4002=IFCCARTESIANPOINT((0.,-527.4599467613133,235.8974358974359));
#4009=IFCCARTESIANPOINT((14.75268557084366,0.,260.1859772264769));
#4008=IFCCARTESIANPOINT((28.49999999999998,0.,254.491653143713));
#4025=IFCCARTESIANPOINT((-68.30196078431372,-456.4773025732032,235.8974358974359));
#4034=IFCCARTESIANPOINT((-26.01764705882353,-127.4298491570541,235.8974358974359));
#4033=IFCCARTESIANPOINT((-35.63627450980392,-139.0486601597161,235.8974358974359));
#4035=IFCCARTESIANPOINT((-44.33333333333332,-632.8254125998225,369.2307692307693));
#4032=IFCCARTESIANPOINT((-41.58039215686274,-153.6,235.8974358974359));
#4031=IFCCARTESIANPOINT((-53.35196078431373,-205.0748535936113,235.8974358974359));
#4030=IFCCARTESIANPOINT((-63.18137254901961,-257.093735581189,235.8974358974359));
#4029=IFCCARTESIANPOINT((-71.04803921568627,-309.5589707187223,235.8974358974359));
#4022=IFCCARTESIANPOINT((44.33333333333332,-632.8254125998225,369.2307692307693));
#4028=IFCCARTESIANPOINT((-76.93823529411765,-362.3717480035492,235.8974358974359));
#4027=IFCCARTESIANPOINT((-77.92058823529412,-394.109387755102,235.8974358974359));
#4026=IFCCARTESIANPOINT((-75.02254901960785,-425.689157054126,235.8974358974359));
#4023=IFCCARTESIANPOINT((-47.80882352941175,-502.9639041703637,235.8974358974359));
#4037=IFCCARTESIANPOINT((-119.6803921568627,-578.6781188997338,369.2307692307693));
#4036=IFCCARTESIANPOINT((-85.27156862745097,-611.8490860692103,369.2307692307693));
#4038=IFCCARTESIANPOINT((-170.6529411764706,-445.4820230700976,369.2307692307693));
#4052=IFCCARTESIANPOINT((-160.5578431372549,-491.7255723158829,369.2307692307693));
#4053=IFCCARTESIANPOINT((-173.5294117647059,-350.3815439219166,369.2307692307693));
#4056=IFCCARTESIANPOINT((-164.9843137254902,-294.051322094055,369.2307692307693));
#4058=IFCCARTESIANPOINT((-175.0058823529412,-398.0504702750666,369.2307692307693));
#4057=IFCCARTESIANPOINT((47.80882352941175,-502.9639041703637,235.8974358974359));
#4051=IFCCARTESIANPOINT((119.6803921568627,-578.6781188997338,369.2307692307693));
#4050=IFCCARTESIANPOINT((75.02254901960785,-425.689157054126,235.8974358974359));
#4049=IFCCARTESIANPOINT((77.92058823529412,-394.1082519964507,235.8974358974359));
#4048=IFCCARTESIANPOINT((76.93823529411765,-362.3717480035492,235.8974358974359));
#4047=IFCCARTESIANPOINT((71.04803921568627,-309.5589707187223,235.8974358974359));
#4045=IFCCARTESIANPOINT((53.35196078431373,-205.0748535936113,235.8974358974359));
#4046=IFCCARTESIANPOINT((63.18137254901961,-257.093735581189,235.8974358974359));
#4044=IFCCARTESIANPOINT((41.58039215686274,-153.6,235.8974358974359));
#4043=IFCCARTESIANPOINT((35.63627450980392,-139.0486601597161,235.8974358974359));
#4042=IFCCARTESIANPOINT((26.01764705882353,-127.4298491570541,235.8974358974359));
#4041=IFCCARTESIANPOINT((13.7156862745098,-119.9417923691216,235.8974358974359));
#4040=IFCCARTESIANPOINT((0.,-117.3568056787933,235.8974358974359));
#4039=IFCCARTESIANPOINT((-13.7156862745098,-119.9417923691216,235.8974358974359));
#4059=IFCCARTESIANPOINT((-149.9970588235294,-239.5576220053239,369.2307692307693));
#4070=IFCCARTESIANPOINT((-13.85640646055102,20.,658.));
#4069=IFCCARTESIANPOINT((-13.85640646055102,0.,658.));
#4068=IFCCARTESIANPOINT((-84.12941176470586,-541.2264773735582,30.76923076923077));
#4067=IFCCARTESIANPOINT((-11.31370849898476,20.,654.6862915010153));
#4066=IFCCARTESIANPOINT((-11.31370849898476,0.,654.6862915010153));
#4065=IFCCARTESIANPOINT((4.141104721640348,20.,650.5451867793749));
#4063=IFCCARTESIANPOINT((-81.59803921568627,-115.2374800354925,369.2307692307693));
#4055=IFCCARTESIANPOINT((57.89313725490196,-485.857107364685,235.8974358974359));
#4054=IFCCARTESIANPOINT((68.30196078431372,-456.4773025732032,235.8974358974359));
#4062=IFCCARTESIANPOINT((59.94117647058822,-564.5436024844721,30.76923076923077));
#4061=IFCCARTESIANPOINT((-101.8950980392157,-139.959538598048,369.2307692307693));
#4060=IFCCARTESIANPOINT((-128.8401960784314,-187.8828748890861,369.2307692307693));
#4072=IFCCARTESIANPOINT((13.85640646055103,0.,658.));
#4071=IFCCARTESIANPOINT((-56.94607843137254,-96.57128660159708,369.2307692307693));
#4075=IFCCARTESIANPOINT((11.31370849898478,0.,654.6862915010153));
#4076=IFCCARTESIANPOINT((11.31370849898478,20.,654.6862915010153));
#4074=IFCCARTESIANPOINT((-15.45481322062509,20.,661.8588952783597));
#4083=IFCCARTESIANPOINT((15.4548132206251,20.,661.8588952783597));
#4082=IFCCARTESIANPOINT((15.4548132206251,0.,661.8588952783597));
#4081=IFCCARTESIANPOINT((-16.,20.,666.));
#4080=IFCCARTESIANPOINT((-16.,0.,666.));
#4079=IFCCARTESIANPOINT((8.000000000000016,20.,652.1435935394491));
#4078=IFCCARTESIANPOINT((8.000000000000016,0.,652.1435935394491));
#4073=IFCCARTESIANPOINT((-15.45481322062509,0.,661.8588952783597));
#4064=IFCCARTESIANPOINT((4.141104721640348,0.,650.5451867793749));
#4098=IFCCARTESIANPOINT((-8.000000000000007,20.,679.8564064605511));
#4096=IFCCARTESIANPOINT((13.85640646055102,20.,674.));
#4095=IFCCARTESIANPOINT((13.85640646055102,0.,674.));
#4094=IFCCARTESIANPOINT((15.4548132206251,20.,670.1411047216403));
#4093=IFCCARTESIANPOINT((15.4548132206251,0.,670.1411047216403));
#4092=IFCCARTESIANPOINT((-11.31370849898477,20.,677.3137084989847));
#4091=IFCCARTESIANPOINT((-11.31370849898477,0.,677.3137084989847));
#4090=IFCCARTESIANPOINT((16.00000000000001,20.,666.));
#4089=IFCCARTESIANPOINT((16.00000000000001,0.,666.));
#4077=IFCCARTESIANPOINT((13.85640646055103,20.,658.));
#4099=IFCCARTESIANPOINT((-4.14110472164034,0.,681.4548132206252));
#4087=IFCCARTESIANPOINT((-15.4548132206251,20.,670.1411047216403));
#4088=IFCCARTESIANPOINT((-13.85640646055102,20.,674.));
#4086=IFCCARTESIANPOINT((-13.85640646055102,0.,674.));
#4085=IFCCARTESIANPOINT((-15.4548132206251,0.,670.1411047216403));
#4084=IFCCARTESIANPOINT((-144.9254901960784,-535.8532031943213,369.2307692307693));
#4100=IFCCARTESIANPOINT((-4.14110472164034,20.,681.4548132206252));
#4101=IFCCARTESIANPOINT((11.31370849898476,0.,677.3137084989847));
#4102=IFCCARTESIANPOINT((7.999999999999995,0.,679.8564064605511));
#4103=IFCCARTESIANPOINT((11.31370849898476,20.,677.3137084989847));
#4104=IFCCARTESIANPOINT((7.999999999999995,20.,679.8564064605511));
#4105=IFCCARTESIANPOINT((0.,0.,682.));
#4106=IFCCARTESIANPOINT((0.,20.,682.));
#4107=IFCCARTESIANPOINT((4.141104721640327,0.,681.4548132206252));
#4108=IFCCARTESIANPOINT((4.141104721640327,20.,681.4548132206252));
#4110=IFCCARTESIANPOINT((-101.8745098039216,-511.1220585625554,30.76923076923077));
#4109=IFCCARTESIANPOINT((34.06372549019608,-516.2148003549246,235.8974358974359));
#4122=IFCCARTESIANPOINT((0.,-534.5009235137534,276.923076923077));
#4119=IFCCARTESIANPOINT((-123.3490196078431,-435.6917834960071,30.76923076923077));
#4128=IFCCARTESIANPOINT((-71.27142156862746,-455.1197075421473,276.923076923077));
#4127=IFCCARTESIANPOINT((-64.88686274509804,-479.1344610470275,276.923076923077));
#4126=IFCCARTESIANPOINT((-54.99848039215686,-502.0507087843833,276.923076923077));
#4125=IFCCARTESIANPOINT((-45.41838235294117,-515.3940102928128,276.923076923077));
#4121=IFCCARTESIANPOINT((16.8243137254902,-532.2658186335403,276.923076923077));
#4120=IFCCARTESIANPOINT((114.9235294117647,-474.2905412599823,30.76923076923077));
#4116=IFCCARTESIANPOINT((47.80882352941175,-502.9639041703637,235.8974358974359));
#4118=IFCCARTESIANPOINT((57.89313725490196,-485.857107364685,235.8974358974359));
#4117=IFCCARTESIANPOINT((-75.02254901960785,-425.689157054126,235.8974358974359));
#4115=IFCCARTESIANPOINT((84.12941176470586,-541.2264773735582,30.76923076923077));
#4097=IFCCARTESIANPOINT((-8.000000000000007,0.,679.8564064605511));
#4114=IFCCARTESIANPOINT((101.8745098039216,-511.1220585625554,30.76923076923077));
#4113=IFCCARTESIANPOINT((-114.9235294117647,-474.2905412599823,30.76923076923077));
#4112=IFCCARTESIANPOINT((-68.30196078431372,-456.4773025732032,235.8974358974359));
#4111=IFCCARTESIANPOINT((-57.89313725490196,-485.857107364685,235.8974358974359));
#4140=IFCCARTESIANPOINT((24.71676470588235,-222.4774473824312,276.923076923077));
#4138=IFCCARTESIANPOINT((0.,-214.6204734693878,276.923076923077));
#4136=IFCCARTESIANPOINT((-24.71676470588235,-222.4774473824312,276.923076923077));
#4137=IFCCARTESIANPOINT((-13.02990196078431,-216.6367630878439,276.923076923077));
#4135=IFCCARTESIANPOINT((-33.85446078431372,-231.5401199645075,276.923076923077));
#4134=IFCCARTESIANPOINT((-39.50137254901961,-242.890165039929,276.923076923077));
#4133=IFCCARTESIANPOINT((-50.68436274509804,-283.0405508429458,276.923076923077));
#4131=IFCCARTESIANPOINT((-67.49563725490196,-364.5381622005324,276.923076923077));
#4132=IFCCARTESIANPOINT((-60.02230392156863,-323.6152787932564,276.923076923077));
#4123=IFCCARTESIANPOINT((-16.8243137254902,-532.2658186335403,276.923076923077));
#4130=IFCCARTESIANPOINT((-73.09132352941177,-405.7321284826974,276.923076923077));
#4124=IFCCARTESIANPOINT((-32.36053921568627,-525.7297093167703,276.923076923077));
#4129=IFCCARTESIANPOINT((-74.02455882352942,-430.4874874889086,276.923076923077));
#4141=IFCCARTESIANPOINT((33.85446078431372,-231.5401199645075,276.923076923077));
#4142=IFCCARTESIANPOINT((39.50137254901961,-242.890165039929,276.923076923077));
#4139=IFCCARTESIANPOINT((13.02990196078431,-216.6367630878439,276.923076923077));
#4146=IFCCARTESIANPOINT((73.09132352941177,-405.7321284826974,276.923076923077));
#4145=IFCCARTESIANPOINT((67.49563725490196,-364.5381622005324,276.923076923077));
#4144=IFCCARTESIANPOINT((60.02230392156863,-323.6152787932564,276.923076923077));
#4143=IFCCARTESIANPOINT((50.68436274509804,-283.0405508429458,276.923076923077));
#4147=IFCCARTESIANPOINT((74.02455882352942,-430.4866015971606,276.923076923077));
#4148=IFCCARTESIANPOINT((71.27142156862746,-455.1197075421473,276.923076923077));
#4149=IFCCARTESIANPOINT((64.88686274509804,-479.1344610470275,276.923076923077));
#4158=IFCCARTESIANPOINT((149.9970588235294,-239.5576220053239,369.2307692307693));
#4161=IFCCARTESIANPOINT((0.,-81.01707187222718,369.2307692307693));
#4160=IFCCARTESIANPOINT((175.0058823529412,-398.0504702750666,369.2307692307693));
#4157=IFCCARTESIANPOINT((128.8401960784314,-187.8828748890861,369.2307692307693));
#4156=IFCCARTESIANPOINT((81.59803921568627,-115.2374800354925,369.2307692307693));
#4155=IFCCARTESIANPOINT((56.94607843137254,-96.57128660159708,369.2307692307693));
#4163=IFCCARTESIANPOINT((144.9254901960784,-535.8532031943213,369.2307692307693));
#4154=IFCCARTESIANPOINT((29.25392156862744,-84.95815439219167,369.2307692307693));
#4152=IFCCARTESIANPOINT((32.36053921568627,-525.7297093167703,276.923076923077));
#4153=IFCCARTESIANPOINT((-29.25392156862744,-84.95815439219167,369.2307692307693));
#4165=IFCCARTESIANPOINT((-77.92058823529412,-394.109387755102,235.8974358974359));
#4162=IFCCARTESIANPOINT((164.9843137254902,-294.0524578527063,369.2307692307693));
#4151=IFCCARTESIANPOINT((45.41838235294117,-515.3940102928128,276.923076923077));
#4150=IFCCARTESIANPOINT((54.99848039215686,-502.0507087843833,276.923076923077));
#4174=IFCCARTESIANPOINT((75.02254901960785,-425.689157054126,235.8974358974359));
#4173=IFCCARTESIANPOINT((-71.04803921568627,-309.5589707187223,235.8974358974359));
#4172=IFCCARTESIANPOINT((-125.75,-356.3124755989352,30.76923076923077));
#4170=IFCCARTESIANPOINT((170.6529411764706,-445.4820230700976,369.2307692307693));
#4171=IFCCARTESIANPOINT((126.9823529411765,-396.1003726708074,30.76923076923077));
#4169=IFCCARTESIANPOINT((-76.93823529411765,-362.3717480035492,235.8974358974359));
#4164=IFCCARTESIANPOINT((160.5588235294117,-491.7255723158829,369.2307692307693));
#4168=IFCCARTESIANPOINT((-126.9823529411765,-396.1003726708074,30.76923076923077));
#4167=IFCCARTESIANPOINT((68.30196078431372,-456.4773025732032,235.8974358974359));
#4159=IFCCARTESIANPOINT((173.5294117647059,-350.3815439219166,369.2307692307693));
#4166=IFCCARTESIANPOINT((123.3490196078431,-435.6917834960071,30.76923076923077));
#4175=IFCCARTESIANPOINT((101.8950980392157,-139.959538598048,369.2307692307693));
#4176=IFCCARTESIANPOINT((81.00799019607842,-600.3244521739131,369.2307692307693));
#4177=IFCCARTESIANPOINT((113.6963725490196,-574.4510977817214,369.2307692307693));
#4187=IFCCARTESIANPOINT((-137.6792156862745,-541.0476635314996,369.2307692307693));
#4186=IFCCARTESIANPOINT((-113.6963725490196,-574.4510977817214,369.2307692307693));
#4184=IFCCARTESIANPOINT((-42.11666666666665,-616.6859868677907,369.2307692307693));
#4183=IFCCARTESIANPOINT((0.,-622.2821650399291,369.2307692307693));
#4182=IFCCARTESIANPOINT((42.11666666666665,-616.6859868677907,369.2307692307693));
#4181=IFCCARTESIANPOINT((-63.18137254901961,-257.093735581189,235.8974358974359));
#4180=IFCCARTESIANPOINT((-120.4490196078431,-307.7678793256433,30.76923076923077));
#4188=IFCCARTESIANPOINT((-152.5299509803922,-506.6281114463177,369.2307692307693));
#4189=IFCCARTESIANPOINT((-164.8529411764706,-396.379769299024,369.2307692307693));
#4179=IFCCARTESIANPOINT((125.75,-356.3124755989352,30.76923076923077));
#4178=IFCCARTESIANPOINT((77.92058823529412,-394.1082519964507,235.8974358974359));
#4197=IFCCARTESIANPOINT((-162.1202941176471,-470.5581430346052,369.2307692307693));
#4196=IFCCARTESIANPOINT((-54.09877450980392,-198.4077685891747,369.2307692307693));
#4195=IFCCARTESIANPOINT((-77.51813725490196,-212.9673994676132,369.2307692307693));
#4194=IFCCARTESIANPOINT((-96.8003431372549,-232.2506051464064,369.2307692307693));
#4193=IFCCARTESIANPOINT((-122.3981862745098,-269.6308074534161,369.2307692307693));
#4192=IFCCARTESIANPOINT((-142.497205882353,-309.9371102040816,369.2307692307693));
#4191=IFCCARTESIANPOINT((-156.7350980392157,-352.4421962732919,369.2307692307693));
#4185=IFCCARTESIANPOINT((-81.00799019607842,-600.3244521739131,369.2307692307693));
#4190=IFCCARTESIANPOINT((-166.2555882352941,-433.5615318544809,369.2307692307693));
#4198=IFCCARTESIANPOINT((-27.79122549019607,-189.3495254658386,369.2307692307693));
#4199=IFCCARTESIANPOINT((0.,-186.2754811002663,369.2307692307693));
#4200=IFCCARTESIANPOINT((54.09877450980392,-198.4077685891747,369.2307692307693));
#4201=IFCCARTESIANPOINT((77.51813725490196,-212.9673994676132,369.2307692307693));
#4203=IFCCARTESIANPOINT((156.7350980392157,-352.4430821650399,369.2307692307693));
#4202=IFCCARTESIANPOINT((96.8003431372549,-232.2506051464064,369.2307692307693));
#4205=IFCCARTESIANPOINT((122.3981862745098,-269.6308074534161,369.2307692307693));
#4204=IFCCARTESIANPOINT((27.79122549019607,-189.3495254658386,369.2307692307693));
#4206=IFCCARTESIANPOINT((142.497205882353,-309.9371102040816,369.2307692307693));
#4207=IFCCARTESIANPOINT((164.8529411764706,-396.379769299024,369.2307692307693));
#4208=IFCCARTESIANPOINT((31.16372549019607,-579.2880212954748,0.));
#4209=IFCCARTESIANPOINT((59.94117647058822,-564.5436024844721,0.));
#4210=IFCCARTESIANPOINT((59.94117647058822,-564.5436024844721,30.76923076923077));
#4211=IFCCARTESIANPOINT((31.16372549019607,-579.2880212954748,30.76923076923077));
#4212=IFCCARTESIANPOINT((-31.16372549019607,-579.2880212954748,0.));
#4213=IFCCARTESIANPOINT((0.,-584.3319254658386,0.));
#4214=IFCCARTESIANPOINT((-59.94117647058822,-564.5436024844721,0.));
#4216=IFCCARTESIANPOINT((-101.8745098039216,-511.1220585625554,0.));
#4215=IFCCARTESIANPOINT((-84.12941176470586,-541.2264773735582,0.));
#4217=IFCCARTESIANPOINT((-114.9235294117647,-474.2905412599823,0.));
#4218=IFCCARTESIANPOINT((-123.3490196078431,-435.6917834960071,0.));
#4220=IFCCARTESIANPOINT((0.,-584.3319254658386,30.76923076923077));
#4235=IFCCARTESIANPOINT((-113.5519607843137,-259.4947293700088,30.76923076923077));
#4234=IFCCARTESIANPOINT((-120.4490196078431,-307.7678793256433,30.76923076923077));
#4232=IFCCARTESIANPOINT((-105.0686274509804,-211.5600354924578,0.));
#4236=IFCCARTESIANPOINT((-81.82941176470588,-130.1533984028393,0.));
#4231=IFCCARTESIANPOINT((-113.5519607843137,-259.4947293700088,0.));
#4230=IFCCARTESIANPOINT((-120.4490196078431,-307.7678793256433,0.));
#4229=IFCCARTESIANPOINT((-125.75,-356.3124755989352,30.76923076923077));
#4228=IFCCARTESIANPOINT((-125.75,-356.3124755989352,0.));
#4227=IFCCARTESIANPOINT((-126.9823529411765,-396.1003726708074,30.76923076923077));
#4225=IFCCARTESIANPOINT((-114.9235294117647,-474.2905412599823,30.76923076923077));
#4226=IFCCARTESIANPOINT((-123.3490196078431,-435.6917834960071,30.76923076923077));
#4224=IFCCARTESIANPOINT((-101.8745098039216,-511.1220585625554,30.76923076923077));
#4223=IFCCARTESIANPOINT((-84.12941176470586,-541.2264773735582,30.76923076923077));
#4222=IFCCARTESIANPOINT((-59.94117647058822,-564.5436024844721,30.76923076923077));
#4221=IFCCARTESIANPOINT((-31.16372549019607,-579.2880212954748,30.76923076923077));
#4219=IFCCARTESIANPOINT((-126.9823529411765,-396.1003726708074,0.));
#4249=IFCCARTESIANPOINT((123.3490196078431,-435.6917834960071,0.));
#4250=IFCCARTESIANPOINT((114.9235294117647,-474.2905412599823,0.));
#4248=IFCCARTESIANPOINT((126.9823529411765,-396.1003726708074,0.));
#4247=IFCCARTESIANPOINT((125.75,-356.3124755989352,0.));
#4246=IFCCARTESIANPOINT((120.4490196078431,-307.7678793256433,0.));
#4244=IFCCARTESIANPOINT((105.0686274509804,-211.5600354924578,0.));
#4245=IFCCARTESIANPOINT((113.5519607843137,-259.4935936113575,0.));
#4243=IFCCARTESIANPOINT((95.01078431372548,-164.0364862466726,0.));
#4242=IFCCARTESIANPOINT((81.82941176470588,-130.1533984028393,0.));
#4233=IFCCARTESIANPOINT((-95.01078431372548,-164.0364862466726,0.));
#4241=IFCCARTESIANPOINT((59.93137254901961,-102.9917302573203,0.));
#4240=IFCCARTESIANPOINT((31.65098039215685,-85.44312333629101,0.));
#4239=IFCCARTESIANPOINT((0.,-79.37930789707193,0.));
#4238=IFCCARTESIANPOINT((-31.65098039215685,-85.44312333629101,0.));
#4237=IFCCARTESIANPOINT((-59.93137254901961,-102.9917302573203,0.));
#4251=IFCCARTESIANPOINT((101.8745098039216,-511.1220585625554,0.));
#4252=IFCCARTESIANPOINT((-105.0686274509804,-211.5600354924578,30.76923076923077));
#4255=IFCCARTESIANPOINT((152.5308823529411,-506.6281114463177,369.2307692307693));
#4254=IFCCARTESIANPOINT((84.12941176470586,-541.2264773735582,0.));
#4257=IFCCARTESIANPOINT((166.2555882352941,-433.5615318544809,369.2307692307693));
#4256=IFCCARTESIANPOINT((162.1202941176471,-470.5581430346052,369.2307692307693));
#4271=IFCCARTESIANPOINT((113.5519607843137,-259.4935936113575,30.76923076923077));
#4270=IFCCARTESIANPOINT((105.0686274509804,-211.5600354924578,30.76923076923077));
#4269=IFCCARTESIANPOINT((71.04803921568627,-309.5589707187223,235.8974358974359));
#4268=IFCCARTESIANPOINT((76.93823529411765,-362.3717480035492,235.8974358974359));
#4267=IFCCARTESIANPOINT((120.4490196078431,-307.7678793256433,30.76923076923077));
#4266=IFCCARTESIANPOINT((-113.5519607843137,-259.4947293700088,30.76923076923077));
#4265=IFCCARTESIANPOINT((59.93137254901961,-102.9917302573203,30.76923076923077));
#4264=IFCCARTESIANPOINT((95.01078431372548,-164.0364862466726,30.76923076923077));
#4263=IFCCARTESIANPOINT((81.82941176470588,-130.1533984028393,30.76923076923077));
#4262=IFCCARTESIANPOINT((31.65098039215685,-85.44312333629101,30.76923076923077));
#4261=IFCCARTESIANPOINT((0.,-79.37930789707193,30.76923076923077));
#4260=IFCCARTESIANPOINT((-81.82941176470588,-130.1533984028393,30.76923076923077));
#4259=IFCCARTESIANPOINT((-31.65098039215685,-85.44312333629101,30.76923076923077));
#4258=IFCCARTESIANPOINT((-59.93137254901961,-102.9917302573203,30.76923076923077));
#4253=IFCCARTESIANPOINT((-95.01078431372548,-164.0364862466726,30.76923076923077));
#4272=IFCCARTESIANPOINT((-53.35196078431373,-205.0748535936113,235.8974358974359));
#4273=IFCCARTESIANPOINT((137.6792156862745,-541.0476635314996,369.2307692307693));
#4277=IFCCARTESIANPOINT((63.18137254901961,-257.093735581189,235.8974358974359));
#4275=IFCCARTESIANPOINT((-41.58039215686274,-153.6,235.8974358974359));
#4276=IFCCARTESIANPOINT((113.5519607843137,-259.4935936113575,30.76923076923077));
#4279=IFCCARTESIANPOINT((120.4490196078431,-307.7678793256433,30.76923076923077));
#4284=IFCCARTESIANPOINT((-26.01764705882353,-127.4298491570541,235.8974358974359));
#4283=IFCCARTESIANPOINT((-81.82941176470588,-130.1533984028393,30.76923076923077));
#4282=IFCCARTESIANPOINT((-35.63627450980392,-139.0486601597161,235.8974358974359));
#4281=IFCCARTESIANPOINT((125.75,-356.3124755989352,30.76923076923077));
#4278=IFCCARTESIANPOINT((-95.01078431372548,-164.0364862466726,30.76923076923077));
#4280=IFCCARTESIANPOINT((105.0686274509804,-211.5600354924578,30.76923076923077));
#4296=IFCCARTESIANPOINT((26.01764705882353,-127.4298491570541,235.8974358974359));
#4295=IFCCARTESIANPOINT((126.9823529411765,-396.1003726708074,30.76923076923077));
#4293=IFCCARTESIANPOINT((35.63627450980392,-139.0486601597161,235.8974358974359));
#4294=IFCCARTESIANPOINT((0.,-117.3568056787933,235.8974358974359));
#4292=IFCCARTESIANPOINT((59.93137254901961,-102.9917302573203,30.76923076923077));
#4291=IFCCARTESIANPOINT((-31.65098039215685,-85.44312333629101,30.76923076923077));
#4290=IFCCARTESIANPOINT((-13.7156862745098,-119.9417923691216,235.8974358974359));
#4289=IFCCARTESIANPOINT((-59.93137254901961,-102.9917302573203,30.76923076923077));
#4288=IFCCARTESIANPOINT((81.82941176470588,-130.1533984028393,30.76923076923077));
#4287=IFCCARTESIANPOINT((41.58039215686274,-153.6,235.8974358974359));
#4274=IFCCARTESIANPOINT((-105.0686274509804,-211.5600354924578,30.76923076923077));
#4285=IFCCARTESIANPOINT((95.01078431372548,-164.0364862466726,30.76923076923077));
#4298=IFCCARTESIANPOINT((13.7156862745098,-119.9417923691216,235.8974358974359));
#4297=IFCCARTESIANPOINT((31.65098039215685,-85.44312333629101,30.76923076923077));
#4313=IFCCARTESIANPOINT((-52.06764705882353,-214.5482165039929,369.2307692307693));
#4312=IFCCARTESIANPOINT((0.,-203.3848447204968,369.2307692307693));
#4310=IFCCARTESIANPOINT((97.23725490196078,-246.5607098491571,369.2307692307693));
#4309=IFCCARTESIANPOINT((129.5245098039215,-295.1802661934339,369.2307692307693));
#4286=IFCCARTESIANPOINT((53.35196078431373,-205.0748535936113,235.8974358974359));
#4308=IFCCARTESIANPOINT((144.6539215686275,-353.9659982253771,369.2307692307693));
#4307=IFCCARTESIANPOINT((-173.5294117647059,-350.3815439219166,400.0000000000001));
#4306=IFCCARTESIANPOINT((-175.0058823529412,-398.0504702750666,400.0000000000001));
#4305=IFCCARTESIANPOINT((-175.0058823529412,-398.0504702750666,369.2307692307693));
#4304=IFCCARTESIANPOINT((-173.5294117647059,-350.3815439219166,369.2307692307693));
#4303=IFCCARTESIANPOINT((84.12941176470586,-541.2264773735582,30.76923076923077));
#4302=IFCCARTESIANPOINT((101.8745098039216,-511.1220585625554,30.76923076923077));
#4301=IFCCARTESIANPOINT((114.9235294117647,-474.2905412599823,30.76923076923077));
#4300=IFCCARTESIANPOINT((123.3490196078431,-435.6917834960071,30.76923076923077));
#4299=IFCCARTESIANPOINT((0.,-79.37930789707193,30.76923076923077));
#4314=IFCCARTESIANPOINT((-97.23725490196078,-246.5607098491571,369.2307692307693));
#4328=IFCCARTESIANPOINT((118.906862745098,-520.9066193433896,369.2307692307693));
#4327=IFCCARTESIANPOINT((98.19509803921567,-556.0435847382431,369.2307692307693));
#4326=IFCCARTESIANPOINT((69.96372549019608,-583.259769299024,369.2307692307693));
#4325=IFCCARTESIANPOINT((36.37450980392157,-600.4699201419699,369.2307692307693));
#4324=IFCCARTESIANPOINT((0.,-606.3565572315883,369.2307692307693));
#4323=IFCCARTESIANPOINT((-36.37450980392157,-600.4699201419699,369.2307692307693));
#4322=IFCCARTESIANPOINT((-69.96372549019608,-583.259769299024,369.2307692307693));
#4319=IFCCARTESIANPOINT((-132.978431372549,-481.1880035492458,369.2307692307693));
#4321=IFCCARTESIANPOINT((-98.19509803921567,-556.0435847382431,369.2307692307693));
#4320=IFCCARTESIANPOINT((-118.906862745098,-520.9066193433896,369.2307692307693));
#4318=IFCCARTESIANPOINT((-142.0637254901961,-439.5647204968944,369.2307692307693));
#4317=IFCCARTESIANPOINT((-145.9823529411765,-396.8715527950311,369.2307692307693));
#4311=IFCCARTESIANPOINT((52.06764705882353,-214.5482165039929,369.2307692307693));
#4315=IFCCARTESIANPOINT((-129.5245098039215,-295.1802661934339,369.2307692307693));
#4316=IFCCARTESIANPOINT((-144.6539215686275,-353.9659982253771,369.2307692307693));
#4329=IFCCARTESIANPOINT((132.978431372549,-481.1880035492458,369.2307692307693));
#4331=IFCCARTESIANPOINT((145.9823529411765,-396.8715527950311,369.2307692307693));
#4332=IFCCARTESIANPOINT((-170.6529411764706,-445.4820230700976,400.0000000000001));
#4333=IFCCARTESIANPOINT((-160.5578431372549,-491.7255723158829,400.0000000000001));
#4334=IFCCARTESIANPOINT((-144.9254901960784,-535.8532031943213,400.0000000000001));
#4335=IFCCARTESIANPOINT((-119.6803921568627,-578.6781188997338,400.0000000000001));
#4336=IFCCARTESIANPOINT((-85.27156862745097,-611.8490860692103,400.0000000000001));
#4337=IFCCARTESIANPOINT((-44.33333333333332,-632.8254125998225,400.0000000000001));
#4338=IFCCARTESIANPOINT((0.,-640.,400.0000000000001));
#4353=IFCCARTESIANPOINT((160.5588235294117,-491.7255723158829,369.2307692307693));
#4352=IFCCARTESIANPOINT((170.6529411764706,-445.4820230700976,369.2307692307693));
#4351=IFCCARTESIANPOINT((175.0058823529412,-398.0504702750666,369.2307692307693));
#4344=IFCCARTESIANPOINT((170.6529411764706,-445.4820230700976,400.0000000000001));
#4348=IFCCARTESIANPOINT((-170.6529411764706,-445.4820230700976,369.2307692307693));
#4349=IFCCARTESIANPOINT((141.1235294117647,0.002271517302476767,369.2307692307693));
#4347=IFCCARTESIANPOINT((-141.121568627451,0.002271517302476767,369.2307692307693));
#4356=IFCCARTESIANPOINT((85.27156862745097,-611.8490860692103,369.2307692307693));
#4350=IFCCARTESIANPOINT((173.5294117647059,-350.3815439219166,369.2307692307693));
#4330=IFCCARTESIANPOINT((142.0637254901961,-439.5647204968944,369.2307692307693));
#4346=IFCCARTESIANPOINT((173.5294117647059,-350.3815439219166,400.0000000000001));
#4345=IFCCARTESIANPOINT((175.0058823529412,-398.0504702750666,400.0000000000001));
#4343=IFCCARTESIANPOINT((160.5588235294117,-491.7255723158829,400.0000000000001));
#4342=IFCCARTESIANPOINT((144.9254901960784,-535.8532031943213,400.0000000000001));
#4341=IFCCARTESIANPOINT((119.6803921568627,-578.6781188997338,400.0000000000001));
#4340=IFCCARTESIANPOINT((85.27156862745097,-611.8490860692103,400.0000000000001));
#4339=IFCCARTESIANPOINT((44.33333333333332,-632.8254125998225,400.0000000000001));
#4366=IFCCARTESIANPOINT((0.,-640.,400.));
#4368=IFCCARTESIANPOINT((-85.1820916404337,-611.8491859833683,400.));
#4367=IFCCARTESIANPOINT((-44.28681357117872,-632.8254380641063,400.));
#4364=IFCCARTESIANPOINT((-141.121568627451,0.002271517302476767,400.0000000000001));
#4362=IFCCARTESIANPOINT((-144.9254901960784,-535.8532031943213,369.2307692307693));
#4361=IFCCARTESIANPOINT((-119.6803921568627,-578.6781188997338,369.2307692307693));
#4354=IFCCARTESIANPOINT((144.9254901960784,-535.8532031943213,369.2307692307693));
#4360=IFCCARTESIANPOINT((-85.27156862745097,-611.8490860692103,369.2307692307693));
#4359=IFCCARTESIANPOINT((-44.33333333333332,-632.8254125998225,369.2307692307693));
#4358=IFCCARTESIANPOINT((0.,-640.,369.2307692307693));
#4357=IFCCARTESIANPOINT((44.33333333333332,-632.8254125998225,369.2307692307693));
#4355=IFCCARTESIANPOINT((119.6803921568627,-578.6781188997338,369.2307692307693));
#4365=IFCCARTESIANPOINT((141.1235294117647,0.002271517302476767,400.0000000000001));
#4377=IFCCARTESIANPOINT((-138.7150752011192,-210.1498131328726,400.));
#4376=IFCCARTESIANPOINT((-154.8716334382651,-255.2506291015826,400.));
#4374=IFCCARTESIANPOINT((-173.3473242392444,-350.3825718453528,400.));
#4373=IFCCARTESIANPOINT((-174.8222455403987,-398.0513290103673,400.));
#4369=IFCCARTESIANPOINT((-119.5548093739069,-578.6783365453894,400.));
#4372=IFCCARTESIANPOINT((-170.4738719832109,-445.482713459757,400.));
#4371=IFCCARTESIANPOINT((-160.3893669115075,-491.7260985764026,400.));
#4370=IFCCARTESIANPOINT((-144.7734172787688,-535.8535728355889,400.));
#4363=IFCCARTESIANPOINT((-160.5578431372549,-491.7255723158829,369.2307692307693));
#4378=IFCCARTESIANPOINT((-110.1926579906541,-172.9329743269766,400.));
#4375=IFCCARTESIANPOINT((-166.4663168940189,-302.2015893466216,400.));
#4386=IFCCARTESIANPOINT((160.3903462749213,-491.7260985764026,400.));
#4385=IFCCARTESIANPOINT((170.4738719832109,-445.482713459757,400.));
#4384=IFCCARTESIANPOINT((174.8222455403987,-398.0513290103673,400.));
#4383=IFCCARTESIANPOINT((173.3473242392444,-350.3825718453528,400.));
#4382=IFCCARTESIANPOINT((166.4663168940189,-302.2015893466216,400.));
#4381=IFCCARTESIANPOINT((154.8716334382651,-255.2506291015826,400.));
#4380=IFCCARTESIANPOINT((138.7150752011192,-210.1498131328726,400.));
#4379=IFCCARTESIANPOINT((110.1926579906541,-172.9329743269766,400.));
#4388=IFCCARTESIANPOINT((119.5548093739069,-578.6783365453894,400.));
#4390=IFCCARTESIANPOINT((44.28681357117872,-632.8254380641063,400.));
#4389=IFCCARTESIANPOINT((85.1820916404337,-611.8491859833683,400.));
#4393=IFCCARTESIANPOINT((0.,-630.9650719961952,420.0000000000001));
#4387=IFCCARTESIANPOINT((144.7734172787688,-535.8535728355889,400.));
#4392=IFCCARTESIANPOINT((94.51085540561591,-436.8872036021593,400.));
#4391=IFCCARTESIANPOINT((87.07689659229375,-470.8529844188378,400.));
#4395=IFCCARTESIANPOINT((97.71606496110108,-402.0552291882123,400.));
#4400=IFCCARTESIANPOINT((68.75448552814832,-255.390084260102,400.));
#4404=IFCCARTESIANPOINT((-96.61425296026582,-366.5633495646865,400.));
#4403=IFCCARTESIANPOINT((-90.99294096475688,-327.7648838778637,400.));
#4402=IFCCARTESIANPOINT((-81.32895397464428,-289.5296252418056,400.));
#4396=IFCCARTESIANPOINT((96.61425296026582,-366.5633495646865,400.));
#4399=IFCCARTESIANPOINT((-81.07562084644979,-604.1703489960994,420.0000000000001));
#4394=IFCCARTESIANPOINT((-42.15180132913606,-624.1357794648467,420.0000000000001));
#4398=IFCCARTESIANPOINT((81.3288631041455,-289.5292657156141,400.));
#4397=IFCCARTESIANPOINT((90.99294096475688,-327.7648838778637,400.));
#4405=IFCCARTESIANPOINT((-97.71606496110108,-402.0552291882123,400.));
#4416=IFCCARTESIANPOINT((76.48880040232808,-500.6600804383446,400.));
#4415=IFCCARTESIANPOINT((62.0685687409052,-525.0585284410136,400.));
#4414=IFCCARTESIANPOINT((44.26109835438264,-542.1791505087201,400.));
#4421=IFCCARTESIANPOINT((-113.7912556838055,-572.5997778180024,420.0000000000001));
#4420=IFCCARTESIANPOINT((-137.7925148653375,-531.8398160077516,420.0000000000001));
#4419=IFCCARTESIANPOINT((-167.0353270374256,-397.7344534713275,420.0000000000001));
#4417=IFCCARTESIANPOINT((-152.9902763203918,-488.8969338174487,420.0000000000001));
#4413=IFCCARTESIANPOINT((23.02579943274292,-553.0312015922144,400.));
#4412=IFCCARTESIANPOINT((0.,-556.7479615809875,400.));
#4401=IFCCARTESIANPOINT((-68.75412876163833,-255.390084260102,400.));
#4411=IFCCARTESIANPOINT((-23.02579943274292,-553.0312015922144,400.));
#4410=IFCCARTESIANPOINT((-44.26109835438264,-542.1791505087201,400.));
#4422=IFCCARTESIANPOINT((-165.6005596362364,-351.3456917632946,420.0000000000001));
#4409=IFCCARTESIANPOINT((-62.06856874089542,-525.0585284410136,400.));
#4408=IFCCARTESIANPOINT((-76.48880040232808,-500.6600804383446,400.));
#4407=IFCCARTESIANPOINT((-87.07689659229375,-470.8529844188378,400.));
#4406=IFCCARTESIANPOINT((-94.51085540561591,-436.8872036021593,400.));
#4423=IFCCARTESIANPOINT((144.6539215686275,-353.9659982253771,400.0000000000001));
#4425=IFCCARTESIANPOINT((142.0637254901961,-439.5647204968944,400.0000000000001));
#4424=IFCCARTESIANPOINT((145.9823529411765,-396.8715527950311,400.0000000000001));
#4432=IFCCARTESIANPOINT((-158.5902763203917,-302.7808242029309,420.0000000000001));
#4431=IFCCARTESIANPOINT((146.6880727527107,-255.5152599280924,420.0000000000001));
#4426=IFCCARTESIANPOINT((-146.6880727527107,-255.5152599280924,420.0000000000001));
#4430=IFCCARTESIANPOINT((130.06142007695,-210.2066008638833,420.0000000000001));
#4429=IFCCARTESIANPOINT((108.940468695348,-172.9329743269766,420.0000000000001));
#4428=IFCCARTESIANPOINT((-108.940468695348,-172.9329743269766,420.0000000000001));
#4427=IFCCARTESIANPOINT((-130.06142007695,-210.2077366185034,420.0000000000001));
#4447=IFCCARTESIANPOINT((-118.906862745098,-520.9066193433896,400.0000000000001));
#4446=IFCCARTESIANPOINT((-98.19509803921567,-556.0435847382431,400.0000000000001));
#4444=IFCCARTESIANPOINT((-36.37450980392157,-600.4699201419699,400.0000000000001));
#4443=IFCCARTESIANPOINT((0.,-606.3565572315883,400.0000000000001));
#4442=IFCCARTESIANPOINT((36.37450980392157,-600.4699201419699,400.0000000000001));
#4441=IFCCARTESIANPOINT((69.96372549019608,-583.259769299024,400.0000000000001));
#4440=IFCCARTESIANPOINT((98.19509803921567,-556.0435847382431,400.0000000000001));
#4439=IFCCARTESIANPOINT((118.906862745098,-520.9066193433896,400.0000000000001));
#4438=IFCCARTESIANPOINT((132.978431372549,-481.1880035492458,400.0000000000001));
#4437=IFCCARTESIANPOINT((137.7925148653375,-531.8398160077516,420.0000000000001));
#4436=IFCCARTESIANPOINT((152.9902763203918,-488.8969338174487,420.0000000000001));
#4435=IFCCARTESIANPOINT((162.8034977264778,-443.8937927460772,420.0000000000001));
#4434=IFCCARTESIANPOINT((167.0353270374256,-397.7344534713275,420.0000000000001));
#4433=IFCCARTESIANPOINT((165.6005596362364,-351.3456917632946,420.0000000000001));
#4418=IFCCARTESIANPOINT((-162.8034977264778,-443.8937927460772,420.0000000000001));
#4448=IFCCARTESIANPOINT((-132.978431372549,-481.1880035492458,400.0000000000001));
#4450=IFCCARTESIANPOINT((-145.9823529411765,-396.8715527950311,400.0000000000001));
#4463=IFCCARTESIANPOINT((97.71606496110108,-402.0552291882123,420.0000000000001));
#4462=IFCCARTESIANPOINT((94.51085540561591,-436.8872036021593,420.0000000000001));
#4461=IFCCARTESIANPOINT((87.07689659229375,-470.8529844188378,420.0000000000001));
#4460=IFCCARTESIANPOINT((42.15180132913606,-624.1357794648467,420.0000000000001));
#4459=IFCCARTESIANPOINT((81.07562084644979,-604.1703489960994,420.0000000000001));
#4467=IFCCARTESIANPOINT((90.99294096475688,-327.7648838778637,420.0000000000001));
#4466=IFCCARTESIANPOINT((68.75448552814832,-255.390084260102,420.0000000000001));
#4465=IFCCARTESIANPOINT((81.3288631041455,-289.5292657156141,420.0000000000001));
#4458=IFCCARTESIANPOINT((129.5245098039215,-295.1802661934339,400.0000000000001));
#4457=IFCCARTESIANPOINT((97.23725490196078,-246.5607098491571,400.0000000000001));
#4456=IFCCARTESIANPOINT((52.06764705882353,-214.5482165039929,400.0000000000001));
#4455=IFCCARTESIANPOINT((0.,-203.3848447204968,400.0000000000001));
#4454=IFCCARTESIANPOINT((-52.06764705882353,-214.5482165039929,400.0000000000001));
#4445=IFCCARTESIANPOINT((-69.96372549019608,-583.259769299024,400.0000000000001));
#4453=IFCCARTESIANPOINT((-97.23725490196078,-246.5607098491571,400.0000000000001));
#4452=IFCCARTESIANPOINT((-129.5245098039215,-295.1802661934339,400.0000000000001));
#4451=IFCCARTESIANPOINT((-144.6539215686275,-353.9659982253771,400.0000000000001));
#4449=IFCCARTESIANPOINT((-142.0637254901961,-439.5647204968944,400.0000000000001));
#4468=IFCCARTESIANPOINT((158.5902763203917,-302.7808242029309,420.0000000000001));
#4482=IFCCARTESIANPOINT((23.02579943274292,-553.0312015922144,420.0000000000001));
#4485=IFCCARTESIANPOINT((76.48880040232808,-500.6600804383446,420.0000000000001));
#4480=IFCCARTESIANPOINT((-23.02579943274292,-553.0312015922144,420.0000000000001));
#4481=IFCCARTESIANPOINT((0.,-556.7479615809875,420.0000000000001));
#4479=IFCCARTESIANPOINT((-44.26109835438264,-542.1791505087201,420.0000000000001));
#4478=IFCCARTESIANPOINT((-62.06856874089542,-525.0585284410136,420.0000000000001));
#4477=IFCCARTESIANPOINT((-76.48880040232808,-500.6600804383446,420.0000000000001));
#4475=IFCCARTESIANPOINT((-94.51085540561591,-436.8872036021593,420.0000000000001));
#4476=IFCCARTESIANPOINT((-87.07689659229375,-470.8529844188378,420.0000000000001));
#4474=IFCCARTESIANPOINT((-97.71606496110108,-402.0552291882123,420.0000000000001));
#4473=IFCCARTESIANPOINT((113.7912556838055,-572.5997778180024,420.0000000000001));
#4464=IFCCARTESIANPOINT((96.61425296026582,-366.5633495646865,420.0000000000001));
#4472=IFCCARTESIANPOINT((-96.61425296026582,-366.5633495646865,420.0000000000001));
#4471=IFCCARTESIANPOINT((-90.99294096475688,-327.7648838778637,420.0000000000001));
#4470=IFCCARTESIANPOINT((-81.32895397464428,-289.5296252418056,420.0000000000001));
#4469=IFCCARTESIANPOINT((-68.75412876163833,-255.390084260102,420.0000000000001));
#4490=IFCCARTESIANPOINT((0.001,-126.7509859154932,400.));
#4489=IFCCARTESIANPOINT((-72.96805876180483,-604.1703489960994,440.0000000000001));
#4483=IFCCARTESIANPOINT((44.26109835438264,-542.1791505087201,420.0000000000001));
#4484=IFCCARTESIANPOINT((62.0685687409052,-525.0585284410136,420.0000000000001));
#4488=IFCCARTESIANPOINT((-37.93662119622245,-624.1357794648467,440.0000000000001));
#4491=IFCCARTESIANPOINT((-40.755,-127.7727036730186,400.));
#4487=IFCCARTESIANPOINT((-76.66388247639033,-593.6771120599394,420.0000000000001));
#4486=IFCCOLOURRGB($,0.9019607843137255,0.7764705882352941,0.6509803921568628);
#4492=IFCCARTESIANPOINT((-81.40799999999999,-130.8328583264293,400.));
#4493=IFCCARTESIANPOINT((-121.857,-135.925451532726,400.));
#4494=IFCCARTESIANPOINT((-162.,-143.0364871582437,400.));
#4495=IFCCARTESIANPOINT((-168.526,-142.899524993096,400.));
#4496=IFCCARTESIANPOINT((-174.364,-139.9803314001659,400.));
#4497=IFCCARTESIANPOINT((40.757,-127.7727036730186,400.));
#4498=IFCCARTESIANPOINT((38.86899999999999,-165.3933112399891,700.));
#4506=IFCCARTESIANPOINT((-151.111,0.,400.));
#4505=IFCCARTESIANPOINT((-158.288,-32.11912731289701,400.));
#4499=IFCCARTESIANPOINT((77.64,-168.3115051090861,700.));
#4504=IFCCARTESIANPOINT((-165.466,-64.23825462579413,400.));
#4503=IFCCARTESIANPOINT((-172.643,-96.35738193869115,400.));
#4502=IFCCARTESIANPOINT((-179.821,-128.4765092515882,400.));
#4501=IFCCARTESIANPOINT((-178.387,-134.8427506213754,400.));
#4500=IFCCARTESIANPOINT((0.001,-164.4195802264569,700.));
#4508=IFCCARTESIANPOINT((158.288,-32.11912731289701,400.));
#4509=IFCCARTESIANPOINT((165.467,-64.23825462579413,400.));
#4511=IFCCARTESIANPOINT((179.822,-128.4765092515882,400.));
#4510=IFCCARTESIANPOINT((172.647,-96.35738193869115,400.));
#4513=IFCCARTESIANPOINT((174.366,-139.9803314001659,400.));
#4512=IFCCARTESIANPOINT((178.389,-134.8427506213754,400.));
#4514=IFCCARTESIANPOINT((168.528,-142.899524993096,400.));
#4515=IFCCARTESIANPOINT((162.002,-143.0364871582437,400.));
#4507=IFCCARTESIANPOINT((151.113,0.,400.));
#4516=IFCCARTESIANPOINT((121.859,-135.925451532726,400.));
#4517=IFCCARTESIANPOINT((81.40999999999998,-130.8328583264293,400.));
#4518=IFCCARTESIANPOINT((-38.86799999999999,-165.3933112399891,700.));
#4519=IFCCARTESIANPOINT((-77.63800000000001,-168.3115051090861,700.));
#4520=IFCCARTESIANPOINT((-107.5993284365163,-565.0492811028178,420.0000000000001));
#4521=IFCCARTESIANPOINT((-130.2960755508919,-530.1747997345174,420.0000000000001));
#4522=IFCCARTESIANPOINT((-144.3504302203568,-491.7260985764026,420.0000000000001));
#4523=IFCCARTESIANPOINT((-153.4264847848898,-445.482713459757,420.0000000000001));
#4524=IFCCARTESIANPOINT((-157.3400209863589,-398.0513290103673,420.0000000000001));
#4525=IFCCARTESIANPOINT((-156.01259181532,-350.3825718453528,420.0000000000001));
#4532=IFCCARTESIANPOINT((139.3844700944386,-255.2506291015826,420.0000000000001));
#4534=IFCCARTESIANPOINT((-102.412130115425,-572.5997778180024,440.0000000000001));
#4538=IFCCARTESIANPOINT((153.4264847848898,-445.482713459757,420.0000000000001));
#4537=IFCCARTESIANPOINT((157.3400209863589,-398.0513290103673,420.0000000000001));
#4533=IFCCARTESIANPOINT((149.819685204617,-302.2015893466216,420.0000000000001));
#4536=IFCCARTESIANPOINT((156.01259181532,-350.3825718453528,420.0000000000001));
#4531=IFCCARTESIANPOINT((119.5550052465897,-210.1498131328726,420.0000000000001));
#4530=IFCCARTESIANPOINT((99.17339219158866,-172.9329743269766,420.0000000000001));
#4529=IFCCARTESIANPOINT((-99.17339219158866,-172.9329743269766,420.0000000000001));
#4528=IFCCARTESIANPOINT((-119.5550052465897,-210.1498131328726,420.0000000000001));
#4527=IFCCARTESIANPOINT((-139.3844700944386,-255.2506291015826,420.0000000000001));
#4526=IFCCARTESIANPOINT((-149.819685204617,-302.2015893466216,420.0000000000001));
#4539=IFCCARTESIANPOINT((144.3513116474292,-491.7260985764026,420.0000000000001));
#4545=IFCCARTESIANPOINT((-117.055278069255,-210.2077366185034,440.0000000000001));
#4546=IFCCARTESIANPOINT((130.2960755508919,-530.1747997345174,420.0000000000001));
#4535=IFCCARTESIANPOINT((-124.0132633788038,-531.8398160077516,440.0000000000001));
#4544=IFCCARTESIANPOINT((-142.7312486883526,-302.7808242029309,440.0000000000001));
#4543=IFCCARTESIANPOINT((-149.0405036726128,-351.3456917632946,440.0000000000001));
#4542=IFCCARTESIANPOINT((-150.3317943336831,-397.7344534713275,440.0000000000001));
#4541=IFCCARTESIANPOINT((-146.52314795383,-443.8937927460772,440.0000000000001));
#4540=IFCCARTESIANPOINT((-137.6912486883526,-488.8969338174487,440.0000000000001));
#4561=IFCCARTESIANPOINT((142.7312486883526,-302.7808242029309,440.0000000000001));
#4564=IFCCARTESIANPOINT((-212.431,-150.9822921844795,700.));
#4560=IFCCARTESIANPOINT((-132.0192654774397,-255.5152599280924,440.0000000000001));
#4559=IFCCARTESIANPOINT((137.6912486883526,-488.8969338174487,440.0000000000001));
#4558=IFCCARTESIANPOINT((146.52314795383,-443.8937927460772,440.0000000000001));
#4557=IFCCARTESIANPOINT((150.3317943336831,-397.7344534713275,440.0000000000001));
#4569=IFCCARTESIANPOINT((186.769,0.,700.));
#4568=IFCCARTESIANPOINT((-186.767,0.,700.));
#4567=IFCCARTESIANPOINT((-154.499,-179.9502899751451,700.));
#4566=IFCCARTESIANPOINT((-209.709,-62.42675504004447,700.));
#4571=IFCCARTESIANPOINT((200.074,-30.53956365644861,700.));
#4570=IFCCARTESIANPOINT((-177.569,-179.4664236398786,700.));
#4562=IFCCARTESIANPOINT((-116.214,-173.1681634907485,700.));
#4563=IFCCARTESIANPOINT((-198.207,-169.1472742336372,700.));
#4556=IFCCARTESIANPOINT((149.0405036726128,-351.3456917632946,440.0000000000001));
#4555=IFCCARTESIANPOINT((132.0192654774397,-255.5152599280924,440.0000000000001));
#4554=IFCCARTESIANPOINT((117.055278069255,-210.2066008638833,440.0000000000001));
#4553=IFCCARTESIANPOINT((98.04642182581321,-172.9329743269766,440.0000000000001));
#4573=IFCCARTESIANPOINT((124.0132633788038,-531.8398160077516,440.0000000000001));
#4552=IFCCARTESIANPOINT((-98.04642182581321,-172.9329743269766,440.0000000000001));
#4551=IFCCARTESIANPOINT((-39.85813221406085,-615.7891187608917,420.0000000000001));
#4550=IFCCARTESIANPOINT((0.,-622.9636806967854,420.0000000000001));
#4549=IFCCARTESIANPOINT((39.85813221406085,-615.7891187608917,420.0000000000001));
#4565=IFCCARTESIANPOINT((-217.499,-128.4765092515882,700.));
#4548=IFCCARTESIANPOINT((76.66388247639033,-593.6771120599394,420.0000000000001));
#4547=IFCCARTESIANPOINT((107.5993284365163,-565.0492811028178,420.0000000000001));
#4575=IFCCARTESIANPOINT((209.711,-62.42675504004447,700.));
#4579=IFCCARTESIANPOINT((37.93662119622245,-624.1357794648467,440.0000000000001));
#4578=IFCCARTESIANPOINT((102.412130115425,-572.5997778180024,440.0000000000001));
#4577=IFCCARTESIANPOINT((0.,-630.9650719961952,440.0000000000001));
#4576=IFCCARTESIANPOINT((72.96805876180483,-604.1703489960994,440.0000000000001));
#4574=IFCCARTESIANPOINT((215.547,-95.22269538801442,700.));
#4586=IFCCARTESIANPOINT((217.501,-128.4765092515882,700.));
#4584=IFCCARTESIANPOINT((154.501,-179.9502899751451,700.));
#4585=IFCCARTESIANPOINT((116.216,-173.1681634907485,700.));
#4583=IFCCARTESIANPOINT((177.571,-179.4664236398786,700.));
#4582=IFCCARTESIANPOINT((198.209,-169.1472742336372,700.));
#4581=IFCCARTESIANPOINT((212.433,-150.9822921844795,700.));
#4572=IFCCARTESIANPOINT((-215.545,-95.22269538801442,700.));
#4580=IFCCARTESIANPOINT((-200.072,-30.53956365644861,700.));
#4587=IFCCARTESIANPOINT((14.71177920604844,-77.90483415782265,700.));
#4589=IFCCARTESIANPOINT((12.47204418453816,-83.31053953409679,700.));
#4590=IFCCARTESIANPOINT((10.6066017177982,-85.5829600161363,700.));
#4592=IFCCARTESIANPOINT((5.740251485476336,-88.83365330443603,700.));
#4588=IFCCARTESIANPOINT((13.85819298766928,-80.71795370820891,700.));
#4593=IFCCARTESIANPOINT((2.926354830241918,-89.68700379063668,700.));
#4596=IFCCARTESIANPOINT((-5.740251485476343,-88.83365330443603,700.));
#4597=IFCCARTESIANPOINT((-8.333553495294025,-87.44788730959078,700.));
#4598=IFCCARTESIANPOINT((-10.6066017177982,-85.5829600161363,700.));
#4595=IFCCARTESIANPOINT((-2.926354830241924,-89.68700379063668,700.));
#4594=IFCCARTESIANPOINT((0.,-89.97514498757251,700.));
#4599=IFCCARTESIANPOINT((-12.47204418453817,-83.31053953409679,700.));
#4600=IFCCARTESIANPOINT((-13.85819298766929,-80.71795370820891,700.));
#4604=IFCCARTESIANPOINT((-13.85819298766929,-69.24062127107862,700.));
#4603=IFCCARTESIANPOINT((-14.71177920604845,-72.05374082146487,700.));
#4602=IFCCARTESIANPOINT((-14.99999999999999,-74.97928748964377,700.));
#4601=IFCCARTESIANPOINT((-14.71177920604845,-77.90483415782265,700.));
#4607=IFCCARTESIANPOINT((-8.333553495294026,-62.51068766969674,700.));
#4606=IFCCARTESIANPOINT((-10.60660171779821,-64.37561496315121,700.));
#4614=IFCCARTESIANPOINT((10.60660171779821,-64.37561496315121,700.));
#4612=IFCCARTESIANPOINT((5.740251485476345,-61.12492167485148,700.));
#4611=IFCCARTESIANPOINT((2.926354830241923,-60.27157118865083,700.));
#4605=IFCCARTESIANPOINT((-12.47204418453817,-66.64803544519074,700.));
#4610=IFCCARTESIANPOINT((0.,-59.98342999171502,700.));
#4609=IFCCARTESIANPOINT((-2.926354830241922,-60.27157118865083,700.));
#4618=IFCCARTESIANPOINT((15.,-74.97928748964377,700.));
#4617=IFCCARTESIANPOINT((14.71177920604845,-72.05374082146487,700.));
#4616=IFCCARTESIANPOINT((13.8581929876693,-69.24062127107862,700.));
#4613=IFCCARTESIANPOINT((8.33355349529403,-62.51068766969672,700.));
#4591=IFCCARTESIANPOINT((8.333553495294019,-87.44788730959078,700.));
#4608=IFCCARTESIANPOINT((-5.740251485476342,-61.12492167485148,700.));
#4615=IFCCARTESIANPOINT((12.47204418453818,-66.64803544519074,700.));
#4629=IFCCARTESIANPOINT((-8.333553495294025,-87.44788730959078,710.));
#4627=IFCCARTESIANPOINT((-2.926354830241924,-89.68700379063668,710.));
#4625=IFCCARTESIANPOINT((2.926354830241918,-89.68700379063668,710.));
#4624=IFCCARTESIANPOINT((5.740251485476336,-88.83365330443603,710.));
#4626=IFCCARTESIANPOINT((0.,-89.97514498757251,710.));
#4623=IFCCARTESIANPOINT((8.333553495294019,-87.44788730959078,710.));
#4622=IFCCARTESIANPOINT((10.6066017177982,-85.5829600161363,710.));
#4621=IFCCARTESIANPOINT((12.47204418453816,-83.31053953409679,710.));
#4619=IFCCARTESIANPOINT((14.71177920604844,-77.90483415782265,710.));
#4620=IFCCARTESIANPOINT((13.85819298766928,-80.71795370820891,710.));
#4637=IFCCOLOURRGB($,1.,1.,1.);
#4641=IFCCARTESIANPOINT((-5.740251485476342,-61.12492167485148,710.));
#4640=IFCCARTESIANPOINT((-8.333553495294026,-62.51068766969674,710.));
#4639=IFCCARTESIANPOINT((-10.60660171779821,-64.37561496315121,710.));
#4636=IFCCARTESIANPOINT((-13.85819298766929,-69.24062127107862,710.));
#4630=IFCCARTESIANPOINT((-10.6066017177982,-85.5829600161363,710.));
#4647=IFCCARTESIANPOINT((55.0577720984769,0.,219.8808906990489));
#4638=IFCCARTESIANPOINT((-12.47204418453817,-66.64803544519074,710.));
#4645=IFCCARTESIANPOINT((49.36344801571301,-205.7142857142858,233.6282051282052));
#4644=IFCCARTESIANPOINT((55.0577720984769,-205.7142857142858,219.8808906990489));
#4643=IFCCARTESIANPOINT((0.,-59.98342999171502,710.));
#4642=IFCCARTESIANPOINT((-2.926354830241922,-60.27157118865083,710.));
#4635=IFCCARTESIANPOINT((-14.71177920604845,-72.05374082146487,710.));
#4634=IFCCARTESIANPOINT((-14.99999999999999,-74.97928748964377,710.));
#4633=IFCCARTESIANPOINT((-14.71177920604845,-77.90483415782265,710.));
#4649=IFCCARTESIANPOINT((40.3050865276332,0.,245.4332916558384));
#4632=IFCCARTESIANPOINT((-13.85819298766929,-80.71795370820891,710.));
#4631=IFCCARTESIANPOINT((-12.47204418453817,-83.31053953409679,710.));
#4628=IFCCARTESIANPOINT((-5.740251485476343,-88.83365330443603,710.));
#4661=IFCCARTESIANPOINT((4949.999999999999,0.,0.));
#4660=IFCCARTESIANPOINT((50.00000000000071,0.,0.));
#4657=IFCCARTESIANPOINT((-14.75268557084372,0.,260.1859772266821));
#4656=IFCCARTESIANPOINT((0.,0.,262.1282051282053));
#4646=IFCCARTESIANPOINT((40.3050865276332,-205.7142857142858,245.4332916558384));
#4655=IFCCARTESIANPOINT((0.,-205.7142857142858,262.1282051282053));
#4648=IFCCARTESIANPOINT((49.36344801571301,0.,233.6282051282053));
#4654=IFCCARTESIANPOINT((-14.75268557084372,-205.7142857142858,260.1859772266821));
#4670=IFCCARTESIANPOINT((13.8581929876693,-69.24062127107862,710.));
#4673=IFCCARTESIANPOINT((15.,-74.97928748964377,710.));
#4669=IFCCARTESIANPOINT((12.47204418453818,-66.64803544519074,710.));
#4668=IFCCARTESIANPOINT((10.60660171779821,-64.37561496315121,710.));
#4667=IFCCARTESIANPOINT((5.740251485476345,-61.12492167485148,710.));
#4666=IFCCARTESIANPOINT((2.926354830241923,-60.27157118865083,710.));
#4658=IFCCARTESIANPOINT((4949.999999999999,-50.00000000000009,0.));
#4665=IFCCARTESIANPOINT((4949.999999999999,0.,3000.));
#4664=IFCCARTESIANPOINT((50.00000000000071,0.,3000.));
#4663=IFCCARTESIANPOINT((50.00000000000071,-49.99999999999982,3000.));
#4659=IFCCARTESIANPOINT((50.00000000000071,-50.,0.));
#4662=IFCCARTESIANPOINT((4949.999999999999,-49.99999999999991,3000.));
#4653=IFCCARTESIANPOINT((14.75268557084365,0.,260.1859772266822));
#4652=IFCCARTESIANPOINT((14.75268557084365,-205.7142857142858,260.1859772266822));
#4651=IFCCARTESIANPOINT((28.49999999999998,0.,254.4916531439183));
#4650=IFCCARTESIANPOINT((28.49999999999998,-205.7142857142858,254.4916531439183));
#4671=IFCCARTESIANPOINT((8.33355349529403,-62.51068766969672,710.));
#4683=IFCCARTESIANPOINT((-57.00000000000001,0.,205.1282051282051));
#4682=IFCCARTESIANPOINT((-55.05777209847691,0.,219.8808906990488));
#4681=IFCCARTESIANPOINT((-55.05777209847691,-205.7142857142858,219.8808906990488));
#4680=IFCCARTESIANPOINT((-57.00000000000001,-205.7142857142858,205.1282051282051));
#4679=IFCCARTESIANPOINT((-49.36344801571303,0.,233.6282051282052));
#4678=IFCCARTESIANPOINT((-40.30508652763324,0.,245.4332916558384));
#4677=IFCCARTESIANPOINT((-40.30508652763324,-205.7142857142858,245.4332916558384));
#4676=IFCCARTESIANPOINT((-49.36344801571303,-205.7142857142858,233.6282051282051));
#4672=IFCCARTESIANPOINT((14.71177920604845,-72.05374082146487,710.));
#4675=IFCCARTESIANPOINT((-28.50000000000004,0.,254.4916531439182));
#4684=IFCCARTESIANPOINT((-55.0577720984769,-205.7142857142858,190.3755195573615));
#4698=IFCCARTESIANPOINT((55.0577720984769,-205.7142857142858,190.3755195573615));
#4697=IFCCARTESIANPOINT((49.36344801571301,-205.7142857142858,176.6282051282052));
#4696=IFCCARTESIANPOINT((40.30508652763321,-205.7142857142858,164.823118600572));
#4695=IFCCARTESIANPOINT((-28.49999999999999,0.,155.7647571124922));
#4694=IFCCARTESIANPOINT((-40.3050865276332,0.,164.823118600572));
#4693=IFCCARTESIANPOINT((-49.363448015713,0.,176.6282051282051));
#4692=IFCCARTESIANPOINT((-55.0577720984769,0.,190.3755195573615));
#4691=IFCCARTESIANPOINT((28.50000000000001,-205.7142857142858,155.7647571124922));
#4690=IFCCARTESIANPOINT((14.75268557084369,-205.7142857142858,150.0704330297283));
#4688=IFCCARTESIANPOINT((-14.75268557084367,-205.7142857142858,150.0704330297283));
#4689=IFCCARTESIANPOINT((0.,-205.7142857142858,148.1282051282052));
#4687=IFCCARTESIANPOINT((-28.49999999999999,-205.7142857142858,155.7647571124922));
#4674=IFCCARTESIANPOINT((-28.50000000000004,-205.7142857142858,254.4916531439182));
#4686=IFCCARTESIANPOINT((-40.3050865276332,-205.7142857142858,164.8231186005719));
#4685=IFCCARTESIANPOINT((-49.363448015713,-205.7142857142858,176.6282051282051));
#4700=IFCCARTESIANPOINT((-14.75268557084367,0.,150.0704330297283));
#4701=IFCCARTESIANPOINT((0.,0.,148.1282051282052));
#4699=IFCCARTESIANPOINT((57.,-205.7142857142858,205.1282051282052));
#4706=IFCCARTESIANPOINT((57.,0.,205.1282051282052));
#4705=IFCCARTESIANPOINT((55.0577720984769,0.,190.3755195573615));
#4704=IFCCARTESIANPOINT((40.30508652763321,0.,164.823118600572));
#4703=IFCCARTESIANPOINT((49.36344801571301,0.,176.6282051282052));
#4702=IFCCARTESIANPOINT((14.75268557084369,0.,150.0704330297283));
#4707=IFCCARTESIANPOINT((28.50000000000001,0.,155.7647571124922));
#4708=IFCCARTESIANPOINT((0.,0.,-13.99999999999935));
#4710=IFCCARTESIANPOINT((3.409601055578193,3.623466631435313,-13.85877796089829));
#4709=IFCCARTESIANPOINT((0.,3.623466631435313,-13.52296156804655));
#4711=IFCCARTESIANPOINT((3.316535474274573,0.,-14.32665023314428));
#4712=IFCCARTESIANPOINT((0.,7.000000000000006,-12.12435565298264));
#4721=IFCCARTESIANPOINT((0.,-7.000000000000006,-12.12435565298264));
#4719=IFCCARTESIANPOINT((3.409601055578193,-3.623466631435313,-13.85877796089829));
#4720=IFCCARTESIANPOINT((6.688173054716806,-3.623466631435313,-14.85332190380539));
#4718=IFCCARTESIANPOINT((9.444693961333073,0.,-16.86501659085593));
#4717=IFCCARTESIANPOINT((9.709722314132918,3.623466631435313,-16.46837363078646));
#4716=IFCCARTESIANPOINT((6.688173054716806,3.623466631435313,-14.85332190380539));
#4715=IFCCARTESIANPOINT((6.505618350206355,0.,-15.29404794730738));
#4714=IFCCARTESIANPOINT((0.,-3.623466631435313,-13.52296156804655));
#4713=IFCCARTESIANPOINT((3.682455533921214,7.000000000000006,-12.48704586631888));
#4723=IFCCARTESIANPOINT((0.,9.899494936611685,-9.899494936611575));
#4724=IFCCARTESIANPOINT((4.116504327519088,9.899494936611685,-10.30493522475417));
#4726=IFCCARTESIANPOINT((0.,0.,-19.00000000000013));
#4725=IFCCARTESIANPOINT((7.223396366819124,7.000000000000006,-13.56117852482797));
#4722=IFCCARTESIANPOINT((3.682455533921214,-7.000000000000006,-12.48704586631888));
#4727=IFCCARTESIANPOINT((0.,4.917561856947916,-18.35259069949302));
#4728=IFCCARTESIANPOINT((2.467387153106237,4.917561856947916,-18.59560712282793));
#4729=IFCCARTESIANPOINT((2.341083864193294,0.,-19.23057663516126));
#4731=IFCCARTESIANPOINT((0.,12.12435565298209,-6.999999999999673));
#4730=IFCCOLOURRGB($,0.1294117647058824,0.5843137254901961,0.1176470588235294);
#4732=IFCCARTESIANPOINT((4.682167728387476,12.12435565298209,-7.46115327032193));
#4733=IFCCARTESIANPOINT((0.,9.499999999999954,-16.45448267190375));
#4734=IFCCARTESIANPOINT((2.837689659429543,9.499999999999954,-16.73397070875282));
#4735=IFCCARTESIANPOINT((8.07481370229457,9.899494936611685,-11.50567524628521));
#4736=IFCCARTESIANPOINT((4.839954001644386,4.917561856947916,-19.31531740796721));
#4737=IFCCARTESIANPOINT((4.592201188381217,0.,-19.91344560986441));
#4748=IFCCARTESIANPOINT((7.223396366819124,-7.000000000000006,-13.56117852482797));
#4746=IFCCARTESIANPOINT((12.35813239029149,3.623466631435313,-18.64186760970732));
#4744=IFCCARTESIANPOINT((7.026524132177414,4.917561856947916,-20.48406349227605));
#4745=IFCCARTESIANPOINT((6.666842796235528,0.,-21.02236465236906));
#4743=IFCCARTESIANPOINT((10.48674612826783,7.000000000000006,-15.30547531282345));
#4742=IFCCARTESIANPOINT((5.566328496641404,9.499999999999954,-17.56169425078369));
#4741=IFCCARTESIANPOINT((3.426755879312182,13.43502884254444,-13.77253483805951));
#4739=IFCCARTESIANPOINT((2.467387153106237,-4.917561856947916,-18.59560712282793));
#4738=IFCCARTESIANPOINT((0.,-4.917561856947916,-18.35259069949302));
#4740=IFCCARTESIANPOINT((0.,13.43502884254444,-13.43502884254377));
#4749=IFCCARTESIANPOINT((0.,-9.899494936611685,-9.899494936611575));
#4747=IFCCARTESIANPOINT((12.02081528017107,0.,-18.97918471982862));
#4750=IFCCARTESIANPOINT((0.,13.522961568047,-3.623466631434979));
#4751=IFCCARTESIANPOINT((5.340896710558596,13.522961568047,-4.149499043643701));
#4752=IFCCARTESIANPOINT((9.184402376762435,12.12435565298209,-8.826891219728239));
#4753=IFCCARTESIANPOINT((9.709722314132918,-3.623466631435313,-16.46837363078646));
#4757=IFCCARTESIANPOINT((10.48674612826783,-7.000000000000006,-15.30547531282345));
#4756=IFCCARTESIANPOINT((12.35813239029149,-3.623466631435313,-18.64186760970732));
#4755=IFCCARTESIANPOINT((14.13498340914288,0.,-21.55530603866751));
#4759=IFCCARTESIANPOINT((8.07481370229457,-9.899494936611685,-11.50567524628521));
#4758=IFCCARTESIANPOINT((4.116504327519088,-9.899494936611685,-10.30493522475417));
#4761=IFCCARTESIANPOINT((0.,-9.500000000000064,-16.45448267190375));
#4765=IFCCARTESIANPOINT((11.72281251489782,9.899494936611685,-13.45557123555707));
#4764=IFCCARTESIANPOINT((4.194441923346837,16.4544826719043,-9.913116471331307));
#4763=IFCCARTESIANPOINT((0.,16.4544826719043,-9.499999999999176));
#4762=IFCCARTESIANPOINT((2.837689659429543,-9.500000000000064,-16.73397070875282));
#4754=IFCCARTESIANPOINT((14.53162636921235,3.623466631435313,-21.29027768586766));
#4760=IFCCARTESIANPOINT((4.839954001644386,-4.917561856947916,-19.31531740796721));
#4766=IFCCARTESIANPOINT((13.34709611704188,7.000000000000006,-17.65290388295782));
#4767=IFCCARTESIANPOINT((0.,-13.522961568047,-3.623466631434979));
#4768=IFCCARTESIANPOINT((0.,-12.1243556529822,-6.999999999999673));
#4769=IFCCARTESIANPOINT((4.682167728387476,-12.1243556529822,-7.46115327032193));
#4770=IFCCARTESIANPOINT((0.,-13.522961568047,3.623466631434979));
#4771=IFCCARTESIANPOINT((0.,-12.12435565298209,-6.999999999999673));
#4772=IFCCARTESIANPOINT((759.9032255012066,-12.12435565298209,-6.999999999999673));
#4780=IFCCARTESIANPOINT((0.,-14.00000000000001,0.));
#4778=IFCCARTESIANPOINT((8.485281374238873,0.,-22.51471862576082));
#4777=IFCCARTESIANPOINT((8.943068880831184,4.917561856947916,-22.05693111916851));
#4776=IFCCARTESIANPOINT((6.721823451928621,13.43502884254444,-14.77208265847629));
#4775=IFCCARTESIANPOINT((759.9032255012066,-9.899494936611575,-9.899494936611575));
#4779=IFCCARTESIANPOINT((8.081056451360702,9.499999999999954,-18.90584434646847));
#4773=IFCCARTESIANPOINT((759.9032255012066,-13.52296156804689,-3.623466631434979));
#4774=IFCCARTESIANPOINT((0.,-9.899494936611685,-9.899494936611575));
#4781=IFCCARTESIANPOINT((759.9032255012066,-13.9999999999999,0.));
#4784=IFCCARTESIANPOINT((6.047799982500379,14.00000000000001,-0.5956563074995813));
#4783=IFCCARTESIANPOINT((0.,14.00000000000001,0.));
#4782=IFCCARTESIANPOINT((759.9032255012066,-13.52296156804689,3.623466631434979));
#4786=IFCCARTESIANPOINT((0.,-12.12435565298209,6.999999999999673));
#4788=IFCCARTESIANPOINT((0.,-9.899494936611685,9.899494936611575));
#4787=IFCCARTESIANPOINT((759.9032255012066,-12.12435565298209,6.999999999999673));
#4789=IFCCARTESIANPOINT((0.,-7.000000000000006,-12.12435565298264));
#4790=IFCCARTESIANPOINT((759.9032255012066,-7.000000000000006,-12.12435565298264));
#4792=IFCCARTESIANPOINT((0.,0.,-13.99999999999935));
#4791=IFCCARTESIANPOINT((0.,-3.623466631435313,-13.52296156804655));
#4793=IFCCARTESIANPOINT((759.9032255012066,0.,-13.99999999999935));
#4785=IFCCARTESIANPOINT((10.47654575573986,13.522961568047,-5.707381149671065));
#4794=IFCCARTESIANPOINT((759.9032255012066,-3.623466631435202,-13.52296156804655));
#4795=IFCCARTESIANPOINT((0.,-3.623466631435313,13.52296156804655));
#4796=IFCCARTESIANPOINT((0.,-7.000000000000006,12.12435565298264));
#4797=IFCCARTESIANPOINT((759.9032255012066,-7.000000000000006,12.12435565298264));
#4798=IFCCARTESIANPOINT((759.9032255012066,-3.623466631435202,13.52296156804655));
#4799=IFCCARTESIANPOINT((0.,3.623466631435313,-13.52296156804655));
#4800=IFCCARTESIANPOINT((759.9032255012066,3.623466631435313,-13.52296156804655));
#4802=IFCCARTESIANPOINT((0.,7.000000000000006,-12.12435565298264));
#4801=IFCCARTESIANPOINT((759.9032255012066,-9.899494936611575,9.899494936611575));
#4803=IFCCARTESIANPOINT((759.9032255012066,7.000000000000006,-12.12435565298264));
#4805=IFCCARTESIANPOINT((0.,3.623466631435313,13.52296156804655));
#4804=IFCCARTESIANPOINT((5.566328496641404,-9.500000000000064,-17.56169425078369));
#4806=IFCCARTESIANPOINT((0.,0.,13.99999999999935));
#4807=IFCCARTESIANPOINT((759.9032255012066,0.,13.99999999999935));
#4808=IFCCARTESIANPOINT((759.9032255012066,3.623466631435313,13.52296156804655));
#4809=IFCCARTESIANPOINT((0.,-13.43502884254444,-13.43502884254377));
#4810=IFCCARTESIANPOINT((3.426755879312182,-13.43502884254444,-13.77253483805951));
#4811=IFCCARTESIANPOINT((9.758575118929969,13.43502884254444,-16.39526024160531));
#4812=IFCCARTESIANPOINT((7.026524132177414,-4.917561856947916,-20.48406349227605));
#4822=IFCCARTESIANPOINT((0.,19.00000000000002,0.));
#4821=IFCCARTESIANPOINT((4.194441923346837,-16.4544826719043,-9.913116471331307));
#4820=IFCCARTESIANPOINT((0.,-16.4544826719043,-9.499999999999176));
#4819=IFCCARTESIANPOINT((8.081056451360702,-9.500000000000064,-18.90584434646847));
#4818=IFCCARTESIANPOINT((5.088431256293546,18.35259069949224,-5.41872859226622));
#4817=IFCCARTESIANPOINT((0.,18.35259069949224,-4.917561856947472));
#4816=IFCCARTESIANPOINT((8.943068880831184,-4.917561856947916,-22.05693111916851));
#4815=IFCCARTESIANPOINT((10.28523393856329,9.499999999999954,-20.71476606143641));
#4813=IFCCARTESIANPOINT((10.51593650772453,4.917561856947916,-23.97347586782317));
#4814=IFCCARTESIANPOINT((9.977635347630631,0.,-24.33315720376505));
#4823=IFCCARTESIANPOINT((6.047799982500379,19.00000000000002,-0.5956563074995813));
#4824=IFCCARTESIANPOINT((9.981316953033392,18.35259069949224,-6.902969241641799));
#4825=IFCCARTESIANPOINT((8.227693795848978,16.4544826719043,-11.13659005100764));
#4826=IFCCARTESIANPOINT((12.09415565353122,9.499999999999954,-22.91894354863899));
#4827=IFCCARTESIANPOINT((6.721823451928621,-13.43502884254444,-14.77208265847629));
#4828=IFCCARTESIANPOINT((11.9447600099214,16.4544826719043,-13.123403335495));
#4840=IFCCARTESIANPOINT((11.68468259203159,4.917561856947916,-26.1600459983562));
#4839=IFCCARTESIANPOINT((759.9032255012066,12.1243556529822,6.999999999999673));
#4838=IFCCARTESIANPOINT((759.9032255012066,9.899494936611685,9.899494936611575));
#4837=IFCCARTESIANPOINT((0.,9.899494936611685,9.899494936611575));
#4836=IFCCARTESIANPOINT((0.,12.12435565298209,6.999999999999673));
#4835=IFCCARTESIANPOINT((12.42031021678258,13.43502884254444,-18.57968978321622));
#4834=IFCCARTESIANPOINT((0.,12.12435565298209,-6.999999999999673));
#4829=IFCCARTESIANPOINT((13.33368559247017,12.12435565298209,-11.04472930473932));
#4844=IFCCARTESIANPOINT((14.92031021678297,9.899494936611685,-16.07968978321672));
#4843=IFCCARTESIANPOINT((10.51593650772453,-4.917561856947916,-23.97347586782317));
#4842=IFCCARTESIANPOINT((759.9032255012066,12.1243556529822,-6.999999999999673));
#4833=IFCCARTESIANPOINT((759.9032255012066,7.000000000000006,12.12435565298264));
#4832=IFCCARTESIANPOINT((0.,7.000000000000006,12.12435565298264));
#4831=IFCCARTESIANPOINT((759.9032255012066,9.899494936611685,-9.899494936611575));
#4830=IFCCARTESIANPOINT((0.,9.899494936611685,-9.899494936611575));
#4845=IFCCARTESIANPOINT((16.1466780961943,3.623466631435313,-24.31182694528289));
#4860=IFCCARTESIANPOINT((0.,-13.522961568047,-3.623466631434979));
#4858=IFCCARTESIANPOINT((11.86318640331763,14.00000000000001,-2.359734492150878));
#4857=IFCCARTESIANPOINT((6.754703254441274,13.522961568047,2.958186428644538));
#4856=IFCCARTESIANPOINT((0.,13.522961568047,3.623466631434979));
#4855=IFCCARTESIANPOINT((15.69452468717536,7.000000000000006,-20.51325387173186));
#4854=IFCCARTESIANPOINT((9.184402376762435,-12.1243556529822,-8.826891219728239));
#4853=IFCCARTESIANPOINT((13.34709611704188,-7.000000000000006,-17.65290388295782));
#4852=IFCCARTESIANPOINT((759.9032255012066,13.522961568047,-3.623466631434979));
#4851=IFCCARTESIANPOINT((759.9032255012066,14.00000000000001,0.));
#4841=IFCCARTESIANPOINT((11.08655439013528,0.,-26.40779881161848));
#4850=IFCCARTESIANPOINT((11.72281251489782,-9.899494936611685,-13.45557123555707));
#4849=IFCCARTESIANPOINT((0.,14.00000000000001,0.));
#4848=IFCCARTESIANPOINT((0.,13.522961568047,-3.623466631434979));
#4847=IFCCARTESIANPOINT((14.53162636921235,-3.623466631435313,-21.29027768586766));
#4846=IFCCARTESIANPOINT((15.70595205269143,0.,-24.49438164979334));
#4867=IFCCARTESIANPOINT((16.1466780961943,-3.623466631435313,-24.31182694528289));
#4865=IFCCARTESIANPOINT((17.1412220391014,3.623466631435313,-27.59039894442239));
#4866=IFCCARTESIANPOINT((16.67334976685453,0.,-27.68346452572601));
#4864=IFCCARTESIANPOINT((17.43882147517173,7.000000000000006,-23.77660363318057));
#4863=IFCCARTESIANPOINT((17.54442876444351,9.899494936611685,-19.27718748510188));
#4859=IFCCARTESIANPOINT((15.20958702284236,13.522961568047,-8.237244413852096));
#4861=IFCCARTESIANPOINT((16.97056274847686,12.12435565298209,-14.02943725152284));
#4862=IFCCARTESIANPOINT((5.340896710558596,-13.522961568047,-4.149499043643701));
#4868=IFCCARTESIANPOINT((14.92031021678297,-9.899494936611685,-16.07968978321672));
#4870=IFCCARTESIANPOINT((15.69452468717536,-7.000000000000006,-20.51325387173186));
#4869=IFCCARTESIANPOINT((13.33368559247017,-12.1243556529822,-11.04472930473932));
#4871=IFCCARTESIANPOINT((0.,12.1243556529822,6.999999999999673));
#4872=IFCCARTESIANPOINT((7.413432236613282,12.1243556529822,6.269840655322767));
#4873=IFCCARTESIANPOINT((13.24982705089539,13.522961568047,0.9879121653710854));
#4888=IFCCARTESIANPOINT((0.,-13.522961568047,3.623466631434979));
#4887=IFCCARTESIANPOINT((11.86318640331763,-14.00000000000001,-2.359734492150878));
#4886=IFCCARTESIANPOINT((19.95527069526126,12.12435565298209,-17.66631440752953));
#4885=IFCCARTESIANPOINT((16.97056274847686,-12.1243556529822,-14.02943725152284));
#4884=IFCCARTESIANPOINT((18.5129541336817,7.000000000000006,-27.31754446607759));
#4883=IFCCARTESIANPOINT((17.00000000000035,0.,-31.00000000000058));
#4882=IFCCARTESIANPOINT((17.47703843195314,3.623466631435313,-31.00000000000058));
#4881=IFCCARTESIANPOINT((10.28523393856329,-9.500000000000064,-20.71476606143641));
#4880=IFCCARTESIANPOINT((19.49432475371538,9.899494936611685,-22.92518629770512));
#4879=IFCCARTESIANPOINT((759.9032255012066,13.522961568047,3.623466631434979));
#4878=IFCCARTESIANPOINT((0.,13.522961568047,3.623466631434979));
#4877=IFCCARTESIANPOINT((6.047799982500379,-14.00000000000001,-0.5956563074995813));
#4875=IFCCARTESIANPOINT((10.47654575573986,-13.522961568047,-5.707381149671065));
#4876=IFCCARTESIANPOINT((0.,-14.00000000000001,0.));
#4874=IFCCARTESIANPOINT((19.35813239029205,13.522961568047,-11.64186760970765));
#4890=IFCCARTESIANPOINT((17.43882147517173,-7.000000000000006,-23.77660363318057));
#4891=IFCCARTESIANPOINT((15.20958702284236,-13.522961568047,-8.237244413852096));
#4900=IFCCARTESIANPOINT((9.758575118929969,-13.43502884254444,-16.39526024160531));
#4902=IFCCARTESIANPOINT((8.227693795848978,-16.4544826719043,-11.13659005100764));
#4899=IFCCARTESIANPOINT((18.87564434701794,7.000000000000006,-31.00000000000058));
#4898=IFCCARTESIANPOINT((17.1412220391014,-3.623466631435313,-27.59039894442239));
#4897=IFCCARTESIANPOINT((21.92031021678265,14.00000000000001,-9.079689783217049));
#4896=IFCCARTESIANPOINT((22.76275558614849,13.522961568047,-15.79041297715733));
#4895=IFCCARTESIANPOINT((17.54442876444351,-9.899494936611685,-19.27718748510188));
#4894=IFCCARTESIANPOINT((17.22267722360726,14.00000000000001,-5.224442018620934));
#4893=IFCCARTESIANPOINT((7.979095637480782,9.899494936611685,9.113622609755012));
#4892=IFCCARTESIANPOINT((0.,9.899494936611685,9.899494936611575));
#4889=IFCCARTESIANPOINT((6.754703254441274,-13.522961568047,2.958186428644538));
#4915=IFCCARTESIANPOINT((13.43830574921601,9.499999999999954,-25.43367150335918));
#4914=IFCCARTESIANPOINT((15.20279579551076,16.4544826719043,-15.79720420448893));
#4913=IFCCARTESIANPOINT((14.60473975839527,13.43502884254444,-21.24142488107061));
#4912=IFCCARTESIANPOINT((14.49062623685471,18.35259069949224,-9.31324526929167));
#4911=IFCCARTESIANPOINT((19.23576742437305,13.522961568047,-2.211639623389772));
#4910=IFCCARTESIANPOINT((11.86318640331763,19.00000000000002,-2.359734492150878));
#4909=IFCCARTESIANPOINT((7.007168708706324,18.35259069949235,4.227415977267057));
#4904=IFCCARTESIANPOINT((14.54197042987371,12.1243556529822,4.10742223542826));
#4908=IFCCARTESIANPOINT((0.,18.35259069949235,4.917561856947472));
#4907=IFCCARTESIANPOINT((5.088431256293546,-18.35259069949235,-5.41872859226622));
#4906=IFCCARTESIANPOINT((0.,-18.35259069949235,-4.917561856947472));
#4905=IFCCARTESIANPOINT((22.17310878027057,12.12435565298209,-21.81559762323815));
#4903=IFCCARTESIANPOINT((17.47703843195314,-3.623466631435313,-31.00000000000058));
#4901=IFCCARTESIANPOINT((20.69506477524552,9.899494936611685,-26.88349567248061));
#4916=IFCCARTESIANPOINT((12.42031021678258,-13.43502884254444,-18.57968978321622));
#4917=IFCCARTESIANPOINT((12.40439287717265,4.917561856947916,-28.53261284689346));
#4918=IFCCARTESIANPOINT((11.9447600099214,-16.4544826719043,-13.123403335495));
#4919=IFCCARTESIANPOINT((0.,-19.00000000000002,0.));
#4927=IFCCARTESIANPOINT((17.8765966645047,16.4544826719043,-19.05523999007919));
#4921=IFCCARTESIANPOINT((0.,16.4544826719043,9.499999999999176));
#4926=IFCCARTESIANPOINT((11.68468259203159,-4.917561856947916,-26.1600459983562));
#4925=IFCCARTESIANPOINT((17.22267722360726,19.00000000000002,-5.224442018620934));
#4924=IFCCARTESIANPOINT((12.09415565353122,-9.500000000000064,-22.91894354863899));
#4923=IFCCARTESIANPOINT((13.74505585360186,18.35259069949235,2.183500257341819));
#4922=IFCCARTESIANPOINT((7.901158041653034,16.4544826719043,8.721803856330368));
#4920=IFCCARTESIANPOINT((6.047799982500379,-19.00000000000002,-0.5956563074995813));
#4930=IFCCARTESIANPOINT((11.76942336483844,0.,-28.65891613580729));
#4929=IFCCARTESIANPOINT((14.26602929124599,9.499999999999954,-28.16231034057104));
#4931=IFCCARTESIANPOINT((12.40439287717265,-4.917561856947916,-28.53261284689346));
#4932=IFCCARTESIANPOINT((13.43830574921601,-9.500000000000064,-25.43367150335918));
#4928=IFCCARTESIANPOINT((16.22791734152429,13.43502884254444,-24.27817654807107));
#4933=IFCCARTESIANPOINT((15.20279579551076,-16.4544826719043,-15.79720420448893));
#4934=IFCCARTESIANPOINT((18.44306888083036,18.35259069949224,-12.55693111916933));
#4935=IFCCARTESIANPOINT((9.981316953033392,-18.35259069949235,-6.902969241641799));
#4944=IFCCARTESIANPOINT((8.668844085687688,13.43502884254444,12.58122222306035));
#4943=IFCCARTESIANPOINT((0.,13.43502884254444,13.43502884254377));
#4948=IFCCARTESIANPOINT((11.99999999999957,0.,-31.00000000000058));
#4947=IFCCARTESIANPOINT((12.64740930050756,4.917561856947916,-31.00000000000058));
#4946=IFCCARTESIANPOINT((19.35813239029205,-13.522961568047,-11.64186760970765));
#4942=IFCCARTESIANPOINT((19.49432475371538,-9.899494936611685,-22.92518629770512));
#4941=IFCCARTESIANPOINT((18.5129541336817,-7.000000000000006,-27.31754446607759));
#4940=IFCCARTESIANPOINT((15.49867901078628,16.4544826719043,6.417121066707665));
#4939=IFCCARTESIANPOINT((14.60473975839527,-13.43502884254444,-21.24142488107061));
#4938=IFCCARTESIANPOINT((7.007168708706324,-18.35259069949235,4.227415977267057));
#4936=IFCCARTESIANPOINT((11.86318640331763,-19.00000000000002,-2.359734492150878));
#4937=IFCCARTESIANPOINT((0.,-18.35259069949235,4.917561856947472));
#4949=IFCCARTESIANPOINT((17.22267722360726,-14.00000000000001,-5.224442018620934));
#4956=IFCCARTESIANPOINT((25.77555798137876,14.00000000000001,-13.77732277639154));
#4957=IFCCARTESIANPOINT((25.29261885032952,13.522961568047,-20.52345424426072));
#4955=IFCCARTESIANPOINT((7.413432236613282,-12.12435565298209,6.269840655322767));
#4954=IFCCARTESIANPOINT((0.,-12.12435565298209,6.999999999999673));
#4945=IFCCARTESIANPOINT((19.95527069526126,-12.1243556529822,-17.66631440752953));
#4958=IFCCARTESIANPOINT((23.53884672967776,12.12435565298209,-26.31783227161222));
#4953=IFCCARTESIANPOINT((21.11166885474525,12.1243556529822,0.5958452674974524));
#4952=IFCCARTESIANPOINT((13.24982705089539,-13.522961568047,0.9879121653710854));
#4951=IFCCARTESIANPOINT((14.49062623685471,-18.35259069949235,-9.31324526929167));
#4950=IFCCARTESIANPOINT((15.65155910434157,9.899494936611685,6.786206261985228));
#4959=IFCCARTESIANPOINT((18.87564434701794,-7.000000000000006,-31.00000000000058));
#4960=IFCCARTESIANPOINT((20.69506477524552,-9.899494936611685,-26.88349567248061));
#4961=IFCCARTESIANPOINT((22.17310878027057,-12.1243556529822,-21.81559762323815));
#4962=IFCCARTESIANPOINT((21.10050506338812,9.899494936611685,-31.00000000000058));
#4963=IFCCARTESIANPOINT((22.76275558614849,-13.522961568047,-15.79041297715733));
#4964=IFCCARTESIANPOINT((21.92031021678265,-14.00000000000001,-9.079689783217049));
#4965=IFCCARTESIANPOINT((24.48248804327413,13.522961568047,-6.517511956726452));
#4966=IFCCARTESIANPOINT((14.54197042987371,-12.12435565298209,4.10742223542826));
#4967=IFCCARTESIANPOINT((19.23576742437305,-13.522961568047,-2.211639623389772));
#4968=IFCCARTESIANPOINT((0.,-9.899494936611685,9.899494936611575));
#4969=IFCCARTESIANPOINT((0.,7.000000000000006,12.12435565298264));
#4970=IFCCARTESIANPOINT((0.,3.623466631435313,13.52296156804655));
#4972=IFCCARTESIANPOINT((8.413144431078656,7.000000000000006,11.29573325131794));
#4971=IFCCARTESIANPOINT((8.685998909421677,3.623466631435313,12.66746534589913));
#4973=IFCCARTESIANPOINT((16.50297643981613,7.000000000000006,8.841709540527987));
#4974=IFCCARTESIANPOINT((22.7225419323176,9.899494936611685,3.006687198315205));
#4976=IFCCARTESIANPOINT((28.6402655078497,14.00000000000001,-19.13681359668296));
#4975=IFCCARTESIANPOINT((28.78836037660992,13.522961568047,-11.76423257562753));
#4977=IFCCARTESIANPOINT((7.979095637480782,-9.899494936611685,9.113622609755012));
#4979=IFCCARTESIANPOINT((23.53884672967776,-12.1243556529822,-26.31783227161222));
#4978=IFCCARTESIANPOINT((24.00000000000002,12.12435565298209,-31.00000000000058));
#4981=IFCCARTESIANPOINT((25.77555798137876,-14.00000000000001,-13.77732277639154));
#4980=IFCCARTESIANPOINT((25.29261885032952,-13.522961568047,-20.52345424426072));
#4982=IFCCARTESIANPOINT((26.85050095635599,13.522961568047,-25.65910328944199));
#4983=IFCCARTESIANPOINT((24.48248804327413,-13.522961568047,-6.517511956726452));
#4984=IFCCARTESIANPOINT((21.11166885474525,-12.12435565298209,0.5958452674974524));
#4994=IFCCARTESIANPOINT((31.59584526749626,12.1243556529822,-9.888331145255336));
#4995=IFCCARTESIANPOINT((31.98791216537078,13.522961568047,-17.75017294910342));
#4993=IFCCARTESIANPOINT((28.92031021678321,9.899494936611685,-2.079689783217376));
#4992=IFCCARTESIANPOINT((23.95860831894758,7.000000000000006,4.856591275581579));
#4991=IFCCARTESIANPOINT((8.779064490726185,0.,13.13533761814512));
#4990=IFCCARTESIANPOINT((0.,0.,13.99999999999935));
#4989=IFCCARTESIANPOINT((8.413144431078656,-7.000000000000006,11.29573325131794));
#4988=IFCCARTESIANPOINT((0.,-7.000000000000006,12.12435565298264));
#4996=IFCCARTESIANPOINT((30.40434369250011,14.00000000000001,-24.9522000175002));
#4999=IFCCARTESIANPOINT((24.00000000000002,-12.1243556529822,-31.00000000000058));
#4998=IFCCARTESIANPOINT((27.37653336856471,13.522961568047,-31.00000000000058));
#4987=IFCCARTESIANPOINT((15.65155910434157,-9.899494936611685,6.786206261985228));
#4985=IFCCARTESIANPOINT((26.87005768508843,12.1243556529822,-4.129942314911261));
#4986=IFCCARTESIANPOINT((21.10050506338812,-9.899494936611685,-31.00000000000058));
#5000=IFCCARTESIANPOINT((17.03819975191934,3.623466631435313,10.13385291950542));
#5001=IFCCARTESIANPOINT((26.87005768508843,-12.12435565298209,-4.129942314911261));
#5013=IFCCARTESIANPOINT((17.22746516194018,13.43502884254444,-27.5732441206884));
#5011=IFCCARTESIANPOINT((21.68675473070891,18.35259069949224,-16.50937376314587));
#5010=IFCCARTESIANPOINT((21.92031021678265,19.00000000000002,-9.079689783217049));
#5009=IFCCARTESIANPOINT((19.95472821036071,18.35259069949235,-1.135638767950198));
#5008=IFCCARTESIANPOINT((28.6402655078497,-14.00000000000001,-19.13681359668296));
#5007=IFCCARTESIANPOINT((24.7356321330825,3.623466631435313,6.019489593544591));
#5006=IFCCARTESIANPOINT((17.2207544564289,0.,10.5745789630074));
#5012=IFCCARTESIANPOINT((28.78836037660992,-13.522961568047,-11.76423257562753));
#4997=IFCCARTESIANPOINT((26.85050095635599,-13.522961568047,-25.65910328944199));
#5005=IFCCARTESIANPOINT((8.685998909421677,-3.623466631435313,12.66746534589913));
#5004=IFCCARTESIANPOINT((22.7225419323176,-9.899494936611685,3.006687198315205));
#5003=IFCCARTESIANPOINT((0.,-3.623466631435313,13.52296156804655));
#5002=IFCCARTESIANPOINT((16.50297643981613,-7.000000000000006,8.841709540527987));
#5014=IFCCARTESIANPOINT((12.64740930050756,-4.917561856947916,-31.00000000000058));
#5015=IFCCARTESIANPOINT((34.00668719831401,9.899494936611685,-8.277458067682986));
#5016=IFCCARTESIANPOINT((14.26602929124599,-9.500000000000064,-28.16231034057104));
#5017=IFCCARTESIANPOINT((19.86340994899294,16.4544826719043,-22.77230620414983));
#5018=IFCCARTESIANPOINT((14.54551732809595,9.499999999999954,-31.00000000000058));
#5019=IFCCARTESIANPOINT((17.8765966645047,-16.4544826719043,-19.05523999007919));
#5020=IFCCARTESIANPOINT((17.22267722360726,-19.00000000000002,-5.224442018620934));
#5021=IFCCARTESIANPOINT((13.74505585360186,-18.35259069949235,2.183500257341819));
#5023=IFCCARTESIANPOINT((7.901158041653034,-16.4544826719043,8.721803856330368));
#5024=IFCCARTESIANPOINT((0.,9.500000000000064,16.45448267190375));
#5025=IFCCARTESIANPOINT((9.257910305570327,9.500000000000064,15.54265809375366));
#5033=IFCCARTESIANPOINT((24.0970307583579,18.35259069949224,-21.0186830469663));
#5032=IFCCARTESIANPOINT((18.44306888083036,-18.35259069949235,-12.55693111916933));
#5031=IFCCARTESIANPOINT((25.77555798137876,19.00000000000002,-13.77732277639154));
#5022=IFCCARTESIANPOINT((0.,-16.4544826719043,9.499999999999176));
#5030=IFCCARTESIANPOINT((30.4935243165243,7.000000000000006,-0.5064756834762818));
#5029=IFCCARTESIANPOINT((25.39755155273493,18.35259069949235,-5.602448447264763));
#5028=IFCCARTESIANPOINT((22.50059443729402,16.4544826719043,2.674519298253131));
#5027=IFCCARTESIANPOINT((16.22791734152429,-13.43502884254444,-24.27817654807107));
#5026=IFCCARTESIANPOINT((17.00454935470663,13.43502884254444,10.05261367417631));
#5036=IFCCARTESIANPOINT((17.22746516194018,-13.43502884254444,-27.5732441206884));
#5034=IFCCARTESIANPOINT((21.08688352866928,16.4544826719043,-26.80555807665286));
#5042=IFCCARTESIANPOINT((0.,-13.43502884254444,13.43502884254377));
#5035=IFCCARTESIANPOINT((17.56497115745592,13.43502884254444,-31.00000000000058));
#5040=IFCCARTESIANPOINT((14.54551732809595,-9.500000000000064,-31.00000000000058));
#5039=IFCCARTESIANPOINT((19.95472821036071,-18.35259069949235,-1.135638767950198));
#5038=IFCCARTESIANPOINT((21.92031021678265,-19.00000000000002,-9.079689783217049));
#5037=IFCCARTESIANPOINT((21.68675473070891,-18.35259069949235,-16.50937376314587));
#5041=IFCCARTESIANPOINT((15.49867901078628,-16.4544826719043,6.417121066707665));
#5043=IFCCARTESIANPOINT((8.668844085687688,-13.43502884254444,12.58122222306035));
#5044=IFCCARTESIANPOINT((0.,4.917561856947916,18.35259069949302));
#5045=IFCCARTESIANPOINT((9.628212811894521,4.917561856947916,17.40429450782699));
#5046=IFCCARTESIANPOINT((18.16004430999385,9.500000000000064,12.84222526648371));
#5047=IFCCARTESIANPOINT((24.68677932828545,13.43502884254444,5.946376204363446));
#5048=IFCCARTESIANPOINT((28.63782463805542,16.4544826719043,-2.362175361945162));
#5049=IFCCARTESIANPOINT((28.6402655078497,19.00000000000002,-19.13681359668296));
#5050=IFCCARTESIANPOINT((19.86340994899294,-16.4544826719043,-22.77230620414983));
#5051=IFCCARTESIANPOINT((25.58127140773347,18.35259069949224,-25.91156874370704));
#5052=IFCCARTESIANPOINT((21.49999999999963,16.4544826719043,-31.00000000000058));
#5053=IFCCARTESIANPOINT((21.08688352866928,-16.4544826719043,-26.80555807665286));
#5054=IFCCARTESIANPOINT((24.0970307583579,-18.35259069949235,-21.0186830469663));
#5055=IFCCARTESIANPOINT((25.77555798137876,-19.00000000000002,-13.77732277639154));
#5056=IFCCARTESIANPOINT((25.39755155273493,-18.35259069949235,-5.602448447264763));
#5057=IFCCARTESIANPOINT((22.50059443729402,-16.4544826719043,2.674519298253131));
#5063=IFCCARTESIANPOINT((33.67451929825283,16.4544826719043,-8.499405562705675));
#5062=IFCCARTESIANPOINT((0.,-9.499999999999954,16.45448267190375));
#5061=IFCCARTESIANPOINT((31.42031021678271,13.43502884254444,0.4203102167821271));
#5060=IFCCARTESIANPOINT((17.56497115745592,-13.43502884254444,-31.00000000000058));
#5059=IFCCARTESIANPOINT((29.8643612320495,18.35259069949235,-11.04527178963899));
#5064=IFCCARTESIANPOINT((26.36429799585471,9.500000000000064,8.456960309226602));
#5065=IFCCARTESIANPOINT((0.,0.,19.00000000000013));
#5074=IFCCARTESIANPOINT((29.8643612320495,-18.35259069949235,-11.04527178963899));
#5073=IFCCARTESIANPOINT((28.6402655078497,-19.00000000000002,-19.13681359668296));
#5072=IFCCARTESIANPOINT((25.58127140773347,-18.35259069949235,-25.91156874370704));
#5071=IFCCARTESIANPOINT((9.257910305570327,-9.499999999999954,15.54265809375366));
#5070=IFCCARTESIANPOINT((21.49999999999963,-16.4544826719043,-31.00000000000058));
#5058=IFCCARTESIANPOINT((17.00454935470663,-13.43502884254444,10.05261367417631));
#5069=IFCCARTESIANPOINT((26.08243814305222,18.35259069949224,-31.00000000000058));
#5068=IFCCARTESIANPOINT((33.1835002573424,18.35259069949235,-17.25494414639783));
#5067=IFCCARTESIANPOINT((18.88641880499087,4.917561856947916,14.59584842366723));
#5066=IFCCARTESIANPOINT((9.754516100806576,0.,18.03926402016209));
#5076=IFCCARTESIANPOINT((0.,-18.35259069949224,-4.917561856947472));
#5075=IFCCARTESIANPOINT((0.,-19.00000000000002,0.));
#5077=IFCCARTESIANPOINT((759.9032255012066,-18.35259069949224,-4.917561856947472));
#5086=IFCCARTESIANPOINT((759.9032255012066,-16.4544826719043,9.499999999999176));
#5093=IFCCARTESIANPOINT((0.,0.,-19.00000000000013));
#5094=IFCCARTESIANPOINT((759.9032255012066,0.,-19.00000000000013));
#5095=IFCCARTESIANPOINT((0.,-9.499999999999954,16.45448267190375));
#5092=IFCCARTESIANPOINT((759.9032255012066,-4.917561856947805,-18.35259069949302));
#5099=IFCCARTESIANPOINT((0.,4.917561856947916,-18.35259069949302));
#5098=IFCCARTESIANPOINT((759.9032255012066,-4.917561856947805,18.35259069949302));
#5091=IFCCARTESIANPOINT((0.,-4.917561856947916,-18.35259069949302));
#5090=IFCCARTESIANPOINT((759.9032255012066,-9.499999999999954,-16.45448267190375));
#5089=IFCCARTESIANPOINT((0.,-9.499999999999954,-16.45448267190375));
#5088=IFCCARTESIANPOINT((759.9032255012066,-13.43502884254433,13.43502884254377));
#5087=IFCCARTESIANPOINT((0.,-13.43502884254444,13.43502884254377));
#5085=IFCCARTESIANPOINT((0.,-16.4544826719043,9.499999999999176));
#5104=IFCCARTESIANPOINT((759.9032255012066,0.,19.00000000000013));
#5107=IFCCARTESIANPOINT((759.9032255012066,9.500000000000064,-16.45448267190375));
#5106=IFCCARTESIANPOINT((0.,9.499999999999954,-16.45448267190375));
#5103=IFCCARTESIANPOINT((0.,0.,19.00000000000013));
#5102=IFCCARTESIANPOINT((0.,4.917561856947916,18.35259069949302));
#5097=IFCCARTESIANPOINT((0.,-4.917561856947916,18.35259069949302));
#5101=IFCCARTESIANPOINT((28.63782463805542,-16.4544826719043,-2.362175361945162));
#5096=IFCCARTESIANPOINT((759.9032255012066,-9.499999999999954,16.45448267190375));
#5100=IFCCARTESIANPOINT((759.9032255012066,4.917561856947916,-18.35259069949302));
#5084=IFCCARTESIANPOINT((759.9032255012066,-13.43502884254433,-13.43502884254377));
#5083=IFCCARTESIANPOINT((0.,-13.43502884254444,-13.43502884254377));
#5082=IFCCARTESIANPOINT((759.9032255012066,-18.35259069949224,4.917561856947472));
#5081=IFCCARTESIANPOINT((0.,-18.35259069949224,4.917561856947472));
#5080=IFCCARTESIANPOINT((759.9032255012066,-16.4544826719043,-9.499999999999176));
#5078=IFCCARTESIANPOINT((759.9032255012066,-18.99999999999991,0.));
#5079=IFCCARTESIANPOINT((0.,-16.4544826719043,-9.499999999999176));
#5114=IFCCARTESIANPOINT((759.9032255012066,13.43502884254444,-13.43502884254377));
#5113=IFCCARTESIANPOINT((0.,13.43502884254444,-13.43502884254377));
#5108=IFCCARTESIANPOINT((0.,9.500000000000064,16.45448267190375));
#5112=IFCCARTESIANPOINT((9.628212811894521,-4.917561856947916,17.40429450782699));
#5105=IFCCARTESIANPOINT((759.9032255012066,4.917561856947916,18.35259069949302));
#5111=IFCCARTESIANPOINT((0.,-4.917561856947916,18.35259069949302));
#5110=IFCCARTESIANPOINT((35.10742223542884,12.1243556529822,-16.45802957012599));
#5109=IFCCARTESIANPOINT((759.9032255012066,9.500000000000064,16.45448267190375));
#5115=IFCCARTESIANPOINT((18.16004430999385,-9.499999999999954,12.84222526648371));
#5116=IFCCARTESIANPOINT((19.13417161825404,0.,15.19397662556443));
#5117=IFCCARTESIANPOINT((24.68677932828545,-13.43502884254444,5.946376204363446));
#5118=IFCCARTESIANPOINT((27.418830315038,4.917561856947916,10.03517945503241));
#5119=IFCCARTESIANPOINT((30.99999999999969,14.00000000000001,-31.00000000000058));
#5125=IFCCARTESIANPOINT((27.37653336856471,-13.522961568047,-31.00000000000058));
#5124=IFCCARTESIANPOINT((37.41712106670736,16.4544826719043,-15.50132098921431));
#5129=IFCCARTESIANPOINT((30.40434369250011,-19.00000000000002,-24.9522000175002));
#5128=IFCCARTESIANPOINT((30.99999999999969,19.00000000000002,-31.00000000000058));
#5127=IFCCARTESIANPOINT((35.22741597726675,18.35259069949235,-23.99283129129337));
#5123=IFCCARTESIANPOINT((30.40434369250011,19.00000000000002,-24.9522000175002));
#5122=IFCCARTESIANPOINT((36.94637620436314,13.43502884254444,-6.313220671714248));
#5120=IFCCARTESIANPOINT((0.,16.4544826719043,-9.499999999999176));
#5121=IFCCARTESIANPOINT((759.9032255012066,16.45448267190442,-9.499999999999176));
#5130=IFCCARTESIANPOINT((33.1835002573424,-18.35259069949235,-17.25494414639783));
#5132=IFCCARTESIANPOINT((31.98791216537078,-13.522961568047,-17.75017294910342));
#5131=IFCCARTESIANPOINT((30.40434369250011,-14.00000000000001,-24.9522000175002));
#5133=IFCCARTESIANPOINT((31.59584526749626,-12.12435565298209,-9.888331145255336));
#5126=IFCCARTESIANPOINT((33.95818642864423,13.522961568047,-24.24529674555842));
#5134=IFCCARTESIANPOINT((28.92031021678321,-9.899494936611685,-2.079689783217376));
#5135=IFCCARTESIANPOINT((33.55538649500289,9.500000000000064,2.55538649500231));
#5136=IFCCARTESIANPOINT((17.03819975191934,-3.623466631435313,10.13385291950542));
#5137=IFCCARTESIANPOINT((31.4824880432738,3.623466631435313,0.4824880432732215));
#5138=IFCCARTESIANPOINT((25.00066048588234,0.,6.416132553614062));
#5139=IFCCARTESIANPOINT((37.78620626198492,9.899494936611685,-15.34844089565901));
#5140=IFCCARTESIANPOINT((0.,13.43502884254444,13.43502884254377));
#5141=IFCCARTESIANPOINT((759.9032255012066,13.43502884254444,13.43502884254377));
#5142=IFCCARTESIANPOINT((0.,18.35259069949224,-4.917561856947472));
#5143=IFCCARTESIANPOINT((759.9032255012066,18.35259069949235,-4.917561856947472));
#5144=IFCCARTESIANPOINT((26.08243814305222,-18.35259069949235,-31.00000000000058));
#5145=IFCCARTESIANPOINT((37.26984065532246,12.1243556529822,-23.58656776338641));
#5146=IFCCARTESIANPOINT((0.,16.4544826719043,9.499999999999176));
#5147=IFCCARTESIANPOINT((759.9032255012066,16.45448267190442,9.499999999999176));
#5148=IFCCARTESIANPOINT((30.99999999999969,-14.00000000000001,-31.00000000000058));
#5149=IFCCARTESIANPOINT((33.95818642864423,-13.522961568047,-24.24529674555842));
#5150=IFCCARTESIANPOINT((35.85659127558216,7.000000000000006,-7.041391681053));
#5151=IFCCARTESIANPOINT((35.10742223542884,-12.12435565298209,-16.45802957012599));
#5152=IFCCARTESIANPOINT((33.67451929825283,-16.4544826719043,-8.499405562705675));
#5153=IFCCARTESIANPOINT((0.,19.00000000000002,0.));
#5154=IFCCARTESIANPOINT((759.9032255012066,19.00000000000002,0.));
#5155=IFCCARTESIANPOINT((0.,18.35259069949224,4.917561856947472));
#5156=IFCCARTESIANPOINT((759.9032255012066,18.35259069949235,4.917561856947472));
#5157=IFCCARTESIANPOINT((34.00668719831401,-9.899494936611685,-8.277458067682986));
#5158=IFCCARTESIANPOINT((23.95860831894758,-7.000000000000006,4.856591275581579));
#5159=IFCCARTESIANPOINT((31.42031021678271,-13.43502884254444,0.4203102167821271));
#5160=IFCCARTESIANPOINT((26.36429799585471,-9.499999999999954,8.456960309226602));
#5161=IFCCARTESIANPOINT((18.88641880499087,-4.917561856947916,14.59584842366723));
#5162=IFCCARTESIANPOINT((27.77851165097989,0.,10.5734806151272));
#5163=IFCCARTESIANPOINT((34.62346663143556,13.522961568047,-31.00000000000058));
#5164=IFCCARTESIANPOINT((39.4569603092263,9.500000000000064,-4.63570200414587));
#5165=IFCCARTESIANPOINT((41.05261367417512,13.43502884254444,-13.99545064529306));
#5166=IFCCARTESIANPOINT((39.72180385633095,16.4544826719043,-23.09884195834755));
#5167=IFCCARTESIANPOINT((35.22741597726675,-18.35259069949235,-23.99283129129337));
#5168=IFCCARTESIANPOINT((35.91756185694805,18.35259069949235,-31.00000000000058));
#5169=IFCCARTESIANPOINT((33.55538649500289,-9.499999999999954,2.55538649500231));
#5182=IFCCARTESIANPOINT((34.897551552735,-4.917561856947916,3.897551552734413));
#5181=IFCCARTESIANPOINT((41.05261367417512,-13.43502884254444,-13.99545064529306));
#5180=IFCCARTESIANPOINT((39.72180385633095,-16.4544826719043,-23.09884195834755));
#5185=IFCCARTESIANPOINT((46.54265809375424,9.500000000000064,-21.74208969442937));
#5184=IFCCARTESIANPOINT((39.4569603092263,-9.499999999999954,-4.63570200414587));
#5179=IFCCARTESIANPOINT((35.91756185694805,-18.35259069949235,-31.00000000000058));
#5183=IFCCARTESIANPOINT((40.49999999999976,16.4544826719043,-31.00000000000058));
#5190=IFCCARTESIANPOINT((45.59584842366782,4.917561856947916,-12.11358119500971));
#5189=IFCCARTESIANPOINT((44.43502884254436,13.43502884254444,-31.00000000000058));
#5188=IFCCARTESIANPOINT((41.03517945503299,-4.917561856947916,-3.581169684961694));
#5187=IFCCARTESIANPOINT((41.57348061512689,0.,-3.221488349019808));
#5191=IFCCARTESIANPOINT((46.19397662556413,0.,-11.86582838174566));
#5186=IFCCARTESIANPOINT((43.58122222306093,-13.43502884254444,-22.33115591431201));
#5178=IFCCARTESIANPOINT((43.58122222306093,13.43502884254444,-22.33115591431201));
#5171=IFCCARTESIANPOINT((30.99999999999969,-19.00000000000002,-31.00000000000058));
#5177=IFCCARTESIANPOINT((43.84222526648429,9.500000000000064,-12.83995569000673));
#5176=IFCCARTESIANPOINT((41.03517945503299,4.917561856947916,-3.581169684961694));
#5175=IFCCARTESIANPOINT((36.94637620436314,-13.43502884254444,-6.313220671714248));
#5174=IFCCARTESIANPOINT((34.897551552735,4.917561856947916,3.897551552734413));
#5173=IFCCARTESIANPOINT((35.35533905932731,0.,4.355339059326724));
#5172=IFCCARTESIANPOINT((37.41712106670736,-16.4544826719043,-15.50132098921431));
#5170=IFCCARTESIANPOINT((27.418830315038,-4.917561856947916,10.03517945503241));
#5192=IFCCARTESIANPOINT((48.40429450782757,4.917561856947916,-21.37178718810517));
#5193=IFCCARTESIANPOINT((40.49999999999976,-16.4544826719043,-31.00000000000058));
#5194=IFCCARTESIANPOINT((44.43502884254436,-13.43502884254444,-31.00000000000058));
#5195=IFCCARTESIANPOINT((43.84222526648429,-9.499999999999954,-12.83995569000673));
#5196=IFCCARTESIANPOINT((46.54265809375424,-9.499999999999954,-21.74208969442937));
#5198=IFCCARTESIANPOINT((49.03926402016179,0.,-21.24548389919312));
#5197=IFCCARTESIANPOINT((45.59584842366782,-4.917561856947916,-12.11358119500971));
#5199=IFCCARTESIANPOINT((47.45448267190433,9.500000000000064,-31.00000000000058));
#5205=IFCCARTESIANPOINT((40.11362260975559,9.899494936611685,-23.0209043625198));
#5208=IFCCARTESIANPOINT((38.00000000000026,12.1243556529822,-31.00000000000058));
#5207=IFCCARTESIANPOINT((34.62346663143556,-13.522961568047,-31.00000000000058));
#5204=IFCCARTESIANPOINT((24.7356321330825,-3.623466631435313,6.019489593544591));
#5203=IFCCARTESIANPOINT((48.40429450782757,-4.917561856947916,-21.37178718810517));
#5202=IFCCARTESIANPOINT((30.4935243165243,-7.000000000000006,-0.5064756834762818));
#5201=IFCCARTESIANPOINT((47.45448267190433,-9.499999999999954,-31.00000000000058));
#5200=IFCCARTESIANPOINT((49.35259069949272,4.917561856947916,-31.00000000000058));
#5219=IFCCARTESIANPOINT((49.99999999999982,0.,-31.00000000000058));
#5218=IFCCARTESIANPOINT((42.29573325131852,7.000000000000006,-22.58685556892104));
#5217=IFCCARTESIANPOINT((41.13385291950511,3.623466631435313,-13.96180024808125));
#5216=IFCCARTESIANPOINT((37.01948959354517,3.623466631435313,-6.264367866917198));
#5221=IFCDIRECTION((0.,0.,-1.));
#5215=IFCCARTESIANPOINT((37.41613255361464,0.,-5.999339514117352));
#5214=IFCCARTESIANPOINT((31.4824880432738,-3.623466631435313,0.4824880432732215));
#5213=IFCCARTESIANPOINT((37.26984065532246,-12.12435565298209,-23.58656776338641));
#5206=IFCCARTESIANPOINT((39.84170954052768,7.000000000000006,-14.49702356018356));
#5212=IFCCARTESIANPOINT((49.35259069949272,-4.917561856947916,-31.00000000000058));
#5211=IFCCARTESIANPOINT((35.85659127558216,-7.000000000000006,-7.041391681053));
#5210=IFCCARTESIANPOINT((37.78620626198492,-9.899494936611685,-15.34844089565901));
#5209=IFCCARTESIANPOINT((31.81980515339422,0.,0.8198051533945261));
#5222=IFCDIRECTION((-1.,0.,0.));
#5229=IFCDIRECTION((0.,0.,1.));
#5230=IFCCARTESIANPOINT((759.9032255012066,0.,0.));
#5228=IFCDIRECTION((-1.,0.,0.));
#5220=IFCCARTESIANPOINT((30.99999999999969,0.,-31.00000000000058));
#5227=IFCCARTESIANPOINT((0.,0.,0.));
#5232=IFCDIRECTION((0.,0.,-1.));
#5226=IFCDIRECTION((0.,0.,1.));
#5225=IFCDIRECTION((-1.,0.,0.));
#5223=IFCCARTESIANPOINT((40.89949493661127,9.899494936611685,-31.00000000000058));
#5224=IFCCARTESIANPOINT((0.,0.,0.));
#5233=IFCCARTESIANPOINT((40.11362260975559,-9.899494936611685,-23.0209043625198));
#5235=IFCCARTESIANPOINT((38.00000000000026,-12.12435565298209,-31.00000000000058));
#5234=IFCCARTESIANPOINT((39.84170954052768,-7.000000000000006,-14.49702356018356));
#5231=IFCDIRECTION((1.,0.,0.));
#5236=IFCCARTESIANPOINT((37.01948959354517,-3.623466631435313,-6.264367866917198));
#5237=IFCPROPERTYSET('124YdcL8IcdYcRS4aUedcW',#2,'Pset_DistributionPortCommon',$,(#5372));
#5241=IFCCARTESIANPOINT((42.29573325131852,-7.000000000000006,-22.58685556892104));
#5238=IFCPROPERTYSET('32o$NneXznLlNocHdZwsC9',#2,'MEPPortPipe',$,(#5373,#5374));
#5240=IFCCARTESIANPOINT((43.12435565298234,7.000000000000006,-31.00000000000058));
#5239=IFCCARTESIANPOINT((41.57457896300798,0.,-13.7792455435708));
#5242=IFCCARTESIANPOINT((41.13385291950511,-3.623466631435313,-13.96180024808125));
#5243=IFCCARTESIANPOINT((40.89949493661127,-9.899494936611685,-31.00000000000058));
#5245=IFCCARTESIANPOINT((43.12435565298234,-7.000000000000006,-31.00000000000058));
#5250=IFCCARTESIANPOINT((44.1353376181457,0.,-22.2209355092744));
#5248=IFCCARTESIANPOINT((43.66746534589883,-3.623466631435313,-22.31400109057802));
#5249=IFCCARTESIANPOINT((44.52296156804714,-3.623466631435313,-31.00000000000058));
#5247=IFCCARTESIANPOINT((44.52296156804714,3.623466631435313,-31.00000000000058));
#5244=IFCPROPERTYSET('3EqxRTbGt2C_Y8IAuHE60f',#2,'Pset_DistributionPortTypePipe',$,(#5375,#5376));
#5246=IFCCARTESIANPOINT((43.66746534589883,3.623466631435313,-22.31400109057802));
#5253=IFCCARTESIANPOINT((0.,-14.00000000000001,0.));
#5254=IFCCARTESIANPOINT((-3.623466631434979,-13.522961568047,0.));
#5251=IFCPROPERTYSET('33SnoDpRZB9ICCJdmx_HhC',#2,'Pset_DistributionPortTypePipe',$,(#5378,#5379));
#5252=IFCPROPERTYSET('1pWHu2IW4jN8QT1ZkVvQcH',#2,'MEPPortPipe',$,(#5377,#5380));
#5256=IFCCARTESIANPOINT((0.,-14.00000000000001,-558.0173200032359));
#5255=IFCCARTESIANPOINT((-3.623466631434091,-13.52296156804689,-558.0173200032359));
#5257=IFCPROPERTYSET('2qEknb$Rg4KY_M1NsnKzgu',#2,'Pset_DistributionPortCommon',$,(#5381));
#5258=IFCCARTESIANPOINT((-6.999999999999673,-12.12435565298209,0.));
#5259=IFCCARTESIANPOINT((-6.999999999998785,-12.12435565298209,-558.0173200032359));
#5260=IFCCARTESIANPOINT((3.623466631434979,-13.522961568047,0.));
#5261=IFCCARTESIANPOINT((3.623466631435868,-13.52296156804689,-558.0173200032359));
#5262=IFCCARTESIANPOINT((44.99999999999993,0.,-31.00000000000058));
#5263=IFCCARTESIANPOINT((6.999999999999673,-12.12435565298209,0.));
#5264=IFCCARTESIANPOINT((7.000000000000561,-12.12435565298209,-558.0173200032359));
#5265=IFCCARTESIANPOINT((-9.899494936611575,-9.899494936611685,0.));
#5266=IFCCARTESIANPOINT((-9.899494936610687,-9.899494936611685,-558.0173200032359));
#5267=IFCCARTESIANPOINT((9.899494936611575,-9.899494936611685,0.));
#5268=IFCCARTESIANPOINT((9.899494936612463,-9.899494936611575,-558.0173200032359));
#5269=IFCCARTESIANPOINT((-12.12435565298176,-7.000000000000006,0.));
#5270=IFCCARTESIANPOINT((-12.12435565298087,-7.000000000000006,-558.0173200032359));
#5271=IFCCARTESIANPOINT((12.12435565298176,-7.000000000000006,0.));
#5272=IFCCARTESIANPOINT((12.12435565298264,-7.000000000000006,-558.0173200032359));
#5275=IFCCARTESIANPOINT((-13.99999999999935,0.,-558.0173200032359));
#5274=IFCCARTESIANPOINT((-14.00000000000023,0.,0.));
#5276=IFCCARTESIANPOINT((-13.52296156804655,-3.623466631435202,-558.0173200032359));
#5273=IFCCARTESIANPOINT((-13.52296156804655,-3.623466631435313,0.));
#5291=IFCCARTESIANPOINT((-12.12435565298087,7.000000000000006,-558.0173200032359));
#5290=IFCCARTESIANPOINT((-12.12435565298176,7.000000000000006,0.));
#5289=IFCCARTESIANPOINT((-3.623466631434091,13.522961568047,-558.0173200032359));
#5292=IFCCARTESIANPOINT((6.999999999999673,12.12435565298209,0.));
#5288=IFCCARTESIANPOINT((-3.623466631434979,13.522961568047,0.));
#5294=IFCCARTESIANPOINT((9.899494936611575,9.899494936611685,0.));
#5287=IFCCARTESIANPOINT((-9.899494936610687,9.899494936611685,-558.0173200032359));
#5297=IFCCARTESIANPOINT((0.,14.00000000000001,0.));
#5296=IFCCARTESIANPOINT((12.12435565298264,7.000000000000006,-558.0173200032359));
#5295=IFCCARTESIANPOINT((12.12435565298176,7.000000000000006,0.));
#5286=IFCCARTESIANPOINT((-6.999999999998785,12.1243556529822,-558.0173200032359));
#5285=IFCCARTESIANPOINT((-6.999999999999673,12.12435565298209,0.));
#5283=IFCCARTESIANPOINT((13.52296156804744,-3.623466631435202,-558.0173200032359));
#5284=IFCCARTESIANPOINT((-9.899494936611575,9.899494936611685,0.));
#5277=IFCCARTESIANPOINT((-13.52296156804655,3.623466631435313,0.));
#5282=IFCCARTESIANPOINT((13.52296156804655,-3.623466631435313,0.));
#5281=IFCCARTESIANPOINT((14.00000000000112,0.,-558.0173200032359));
#5280=IFCCARTESIANPOINT((13.52296156804655,3.623466631435313,0.));
#5309=IFCCARTESIANPOINT((-9.499999999999176,-16.4544826719043,-558.0173200032359));
#5310=IFCCARTESIANPOINT((-4.917561856947472,-18.35259069949224,-558.0173200032359));
#5307=IFCCARTESIANPOINT((4.91756185694836,-18.35259069949224,-558.0173200032359));
#5313=IFCPROPERTYSET('0i0vqs1COxOsHcVmMjEpfe',#2,'MEPPortPipe',$,(#5385,#5386));
#5311=IFCPROPERTYSET('2uBQuSZtb0EjXD1DDUg1ap',#2,'Pset_DistributionPortCommon',$,(#5382));
#5308=IFCCARTESIANPOINT((-9.500000000000064,-16.4544826719043,0.));
#5306=IFCCARTESIANPOINT((0.,-19.00000000000002,-558.0173200032359));
#5304=IFCCARTESIANPOINT((4.917561856947472,-18.35259069949224,0.));
#5305=IFCCARTESIANPOINT((0.,-19.00000000000002,0.));
#5303=IFCCARTESIANPOINT((-4.917561856947472,-18.35259069949224,0.));
#5302=IFCCARTESIANPOINT((3.623466631435868,13.522961568047,-558.0173200032359));
#5293=IFCCARTESIANPOINT((13.52296156804744,3.623466631435313,-558.0173200032359));
#5301=IFCCARTESIANPOINT((3.623466631434979,13.522961568047,0.));
#5300=IFCCARTESIANPOINT((7.000000000000561,12.1243556529822,-558.0173200032359));
#5299=IFCCARTESIANPOINT((9.899494936612463,9.899494936611685,-558.0173200032359));
#5298=IFCCARTESIANPOINT((0.,14.00000000000001,-558.0173200032359));
#5279=IFCCARTESIANPOINT((-13.52296156804655,3.623466631435313,-558.0173200032359));
#5278=IFCCARTESIANPOINT((14.00000000000023,0.,0.));
#5312=IFCPROPERTYSET('1htpaw_npq4L6N0evIkQID',#2,'Pset_DistributionPortTypePipe',$,(#5383,#5384));
#5316=IFCDIRECTION((1.,0.,0.));
#5324=IFCCARTESIANPOINT((-13.43502884254377,-13.43502884254433,-558.0173200032359));
#5323=IFCCARTESIANPOINT((-13.43502884254466,-13.43502884254444,0.));
#5322=IFCDIRECTION((-1.,0.,0.));
#5321=IFCDIRECTION((0.,0.,-1.));
#5314=IFCCARTESIANPOINT((0.,0.,0.));
#5318=IFCPROPERTYSET('2KNFrWHtMyEu5Lm8hfSPhi',#2,'Pset_DistributionPortCommon',$,(#5387));
#5315=IFCDIRECTION((0.,0.,1.));
#5317=IFCCARTESIANPOINT((0.,0.,-558.0173200032359));
#5325=IFCPROPERTYSET('37yZZhy33xNR6o796lG30D',#2,'Pset_DistributionPortCommon',$,(#5392));
#5327=IFCCARTESIANPOINT((9.500000000000952,-16.4544826719043,-558.0173200032359));
#5319=IFCPROPERTYSET('3zR4cNOT$$IBHFQwQlBKv1',#2,'MEPPortPipe',$,(#5389,#5390));
#5326=IFCCARTESIANPOINT((9.500000000000064,-16.4544826719043,0.));
#5320=IFCPROPERTYSET('126Bdzi8lYQHPuWjErWcf1',#2,'Pset_DistributionPortTypePipe',$,(#5388,#5391));
#5329=IFCPROPERTYSET('2n$kLHDyxIbFT3jA850kqL',#2,'MEPPortPipe',$,(#5394,#5395));
#5331=IFCCARTESIANPOINT((-16.45448267190464,-9.499999999999954,0.));
#5338=IFCCARTESIANPOINT((18.35259069949213,-4.917561856947916,0.));
#5337=IFCPROPERTYSET('0ib9UhtH0yhPjjNmsCkow2',#2,'MEPPortPipe',$,(#5398,#5399));
#5336=IFCCARTESIANPOINT((13.43502884254466,-13.43502884254444,0.));
#5334=IFCCARTESIANPOINT((-16.45448267190375,-9.499999999999954,-558.0173200032359));
#5333=IFCCARTESIANPOINT((-18.35259069949124,-4.917561856947805,-558.0173200032359));
#5328=IFCPROPERTYSET('1d8YK4hTQzuVc2Zp67YXYL',#2,'Pset_DistributionPortTypePipe',$,(#5393,#5396));
#5332=IFCCARTESIANPOINT((-18.35259069949213,-4.917561856947916,0.));
#5339=IFCCARTESIANPOINT((16.45448267190464,-9.499999999999954,0.));
#5335=IFCPROPERTYSET('36XRYKWOAQZdyaaYbCuvCO',#2,'Pset_DistributionPortCommon',$,(#5400));
#5340=IFCCARTESIANPOINT((16.45448267190552,-9.499999999999954,-558.0173200032359));
#5341=IFCCARTESIANPOINT((18.35259069949302,-4.917561856947805,-558.0173200032359));
#5330=IFCPROPERTYSET('3oqPWztmCgaw_FBTtIU4BT',#2,'Pset_DistributionPortTypePipe',$,(#5397,#5401));
#5343=IFCCARTESIANPOINT((19.00000000000013,0.,0.));
#5342=IFCCARTESIANPOINT((13.43502884254555,-13.43502884254433,-558.0173200032359));
#5344=IFCCARTESIANPOINT((19.00000000000102,0.,-558.0173200032359));
#5346=IFCCARTESIANPOINT((-16.45448267190464,9.499999999999954,0.));
#5345=IFCCARTESIANPOINT((-18.35259069949213,4.917561856947916,0.));
#5347=IFCCARTESIANPOINT((-16.45448267190375,9.500000000000064,-558.0173200032359));
#5348=IFCCARTESIANPOINT((-18.35259069949124,4.917561856947916,-558.0173200032359));
#5349=IFCCARTESIANPOINT((18.35259069949213,4.917561856947916,0.));
#5350=IFCCARTESIANPOINT((18.35259069949302,4.917561856947916,-558.0173200032359));
#5354=IFCCARTESIANPOINT((-19.00000000000013,0.,0.));
#5353=IFCCARTESIANPOINT((16.45448267190464,9.500000000000064,0.));
#5352=IFCCARTESIANPOINT((-13.43502884254377,13.43502884254444,-558.0173200032359));
#5366=IFCCARTESIANPOINT((16.45448267190552,9.500000000000064,-558.0173200032359));
#5367=IFCCARTESIANPOINT((4.917561856947472,18.35259069949224,0.));
#5365=IFCCARTESIANPOINT((0.,19.00000000000002,-558.0173200032359));
#5363=IFCCARTESIANPOINT((9.500000000000952,16.45448267190442,-558.0173200032359));
#5364=IFCCARTESIANPOINT((0.,19.00000000000002,0.));
#5362=IFCCARTESIANPOINT((13.43502884254555,13.43502884254444,-558.0173200032359));
#5361=IFCCARTESIANPOINT((13.43502884254466,13.43502884254444,0.));
#5360=IFCCARTESIANPOINT((9.500000000000064,16.4544826719043,0.));
#5359=IFCCARTESIANPOINT((-9.499999999999176,16.45448267190442,-558.0173200032359));
#5358=IFCCARTESIANPOINT((-4.917561856947472,18.35259069949235,-558.0173200032359));
#5351=IFCCARTESIANPOINT((-13.43502884254466,13.43502884254444,0.));
#5357=IFCCARTESIANPOINT((-4.917561856947472,18.35259069949224,0.));
#5356=IFCCARTESIANPOINT((-9.500000000000064,16.4544826719043,0.));
#5355=IFCCARTESIANPOINT((-18.99999999999924,0.,-558.0173200032359));
#5368=IFCCARTESIANPOINT((4.91756185694836,18.35259069949235,-558.0173200032359));
#5373=IFCPROPERTYSINGLEVALUE('ProfileShape',$,IFCTEXT('Round'),$);
#5372=IFCPROPERTYSINGLEVALUE('PortNumber',$,IFCINTEGER(2),$);
#5371=IFCPROPERTYSINGLEVALUE('Renovation Status',$,IFCLABEL('New'),$);
#5369=IFCPROPERTYSINGLEVALUE('Design Option Set',$,IFCLABEL('Modelo Principal'),$);
#5374=IFCPROPERTYSINGLEVALUE('ConnectorWidth',$,IFCPOSITIVELENGTHMEASURE(12.),$);
#5375=IFCPROPERTYSINGLEVALUE('ConnectionType',$,IFCLABEL('Welded'),$);
#5376=IFCPROPERTYSINGLEVALUE('OuterDiameter',$,IFCPOSITIVELENGTHMEASURE(28.),$);
#5379=IFCPROPERTYSINGLEVALUE('OuterDiameter',$,IFCPOSITIVELENGTHMEASURE(28.),$);
#5378=IFCPROPERTYSINGLEVALUE('ConnectionType',$,IFCLABEL('Welded'),$);
#5377=IFCPROPERTYSINGLEVALUE('ProfileShape',$,IFCTEXT('Round'),$);
#5380=IFCPROPERTYSINGLEVALUE('ConnectorWidth',$,IFCPOSITIVELENGTHMEASURE(12.),$);
#5381=IFCPROPERTYSINGLEVALUE('PortNumber',$,IFCINTEGER(1),$);
#5382=IFCPROPERTYSINGLEVALUE('PortNumber',$,IFCINTEGER(1),$);
#5370=IFCPROPERTYSINGLEVALUE('Design Option',$,IFCLABEL('Modelo Principal'),$);
#5383=IFCPROPERTYSINGLEVALUE('ConnectionType',$,IFCLABEL('Welded'),$);
#5385=IFCPROPERTYSINGLEVALUE('ProfileShape',$,IFCTEXT('Round'),$);
#5384=IFCPROPERTYSINGLEVALUE('OuterDiameter',$,IFCPOSITIVELENGTHMEASURE(28.),$);
#5386=IFCPROPERTYSINGLEVALUE('ConnectorWidth',$,IFCPOSITIVELENGTHMEASURE(12.),$);
#5387=IFCPROPERTYSINGLEVALUE('PortNumber',$,IFCINTEGER(2),$);
#5388=IFCPROPERTYSINGLEVALUE('ConnectionType',$,IFCLABEL('Welded'),$);
#5389=IFCPROPERTYSINGLEVALUE('ProfileShape',$,IFCTEXT('Round'),$);
#5390=IFCPROPERTYSINGLEVALUE('ConnectorWidth',$,IFCPOSITIVELENGTHMEASURE(12.),$);
#5392=IFCPROPERTYSINGLEVALUE('PortNumber',$,IFCINTEGER(1),$);
#5393=IFCPROPERTYSINGLEVALUE('ConnectionType',$,IFCLABEL('Welded'),$);
#5391=IFCPROPERTYSINGLEVALUE('OuterDiameter',$,IFCPOSITIVELENGTHMEASURE(28.),$);
#5394=IFCPROPERTYSINGLEVALUE('ProfileShape',$,IFCTEXT('Round'),$);
#5396=IFCPROPERTYSINGLEVALUE('OuterDiameter',$,IFCPOSITIVELENGTHMEASURE(28.),$);
#5395=IFCPROPERTYSINGLEVALUE('ConnectorWidth',$,IFCPOSITIVELENGTHMEASURE(12.),$);
#5397=IFCPROPERTYSINGLEVALUE('ConnectionType',$,IFCLABEL('Welded'),$);
#5398=IFCPROPERTYSINGLEVALUE('ProfileShape',$,IFCTEXT('Round'),$);
#5401=IFCPROPERTYSINGLEVALUE('OuterDiameter',$,IFCPOSITIVELENGTHMEASURE(28.),$);
#5400=IFCPROPERTYSINGLEVALUE('PortNumber',$,IFCINTEGER(2),$);
#5399=IFCPROPERTYSINGLEVALUE('ConnectorWidth',$,IFCPOSITIVELENGTHMEASURE(12.),$);
ENDSEC;
END-ISO-10303-21;
