ISO-10303-21;
HEADER;
FILE_DESCRIPTION(('ViewDefinition [ReferenceView_V1.2]','ExchangeRequirement [Architecture]','Option [Elements to export: Visible elements (on all stories)]','Option [Partial Structure Display: Entire Model]','Option [IFC Domain: All]','Option [Structural Function: All Elements]','Option [Convert Grid elements: On]','Option [Convert IFC Annotations and Archicad 2D elements: Off]','Option [Convert 2D symbols of Doors and Windows: On]','Option [Export geometries that Participates in Collision Detection only: On]','Option [Split complex elements: Off]','Option [Material Preservation: Explode all]','Option [IFC Model position: Project Origin only]','Option [Curtain Wall export mode: Single Element]','Option [Railing export mode: Single Element]','Option [Stair export mode: Single Element]','Option [Properties To Export: All properties]','Option [Space containment: On]','Option [IFC Domain For Space Containment: All]','Option [Geometry to type objects: Off]','Option [Element Properties: Off]','Option [Building Material Properties: Off]','Option [Element Parameters: Off]','Option [Component Parameters: Off]','Option [IFC Base Quantities: On]','Option [Door Window Parameters: On]','Option [IFC Space boundaries: On]','Option [Archicad Zone Categories as IFC Space classification data: On]','Option [Element Classifications: On]'),'2;1');
FILE_NAME('/Users/chevi/Documents/bw-central/public/EOFF-SPC-IFC-I01.ifc','2026-08-05T09:30:04',('Architect'),('Building Designer Office'),'DDS_IFC v3.0','Graphisoft - Archicad - 29.0.0','The authorising person');
FILE_SCHEMA(('IFC4'));
ENDSEC;
DATA;
#1=IFCPROJECT('1x$GGcNQfQVhdpy9PUV1Ql',#2,'UPeU','UPeU',$,$,$,(#3),#4);
#3=IFCGEOMETRICREPRESENTATIONCONTEXT($,'Model',3,0.01,#8,#9);
#2=IFCOWNERHISTORY(#6,#7,$,.NOCHANGE.,$,$,$,1785951004);
#6=IFCPERSONANDORGANIZATION(#26,#27,$);
#4=IFCUNITASSIGNMENT((#12,#13,#14,#15,#16,#17,#18,#19,#20,#21,#22,#23,#24,#25));
#10=IFCGEOMETRICREPRESENTATIONSUBCONTEXT('Body','Model',*,*,*,*,#3,$,.MODEL_VIEW.,$);
#9=IFCDIRECTION((0.,1.));
#8=IFCAXIS2PLACEMENT3D(#29,#30,#31);
#7=IFCAPPLICATION(#28,'29.0.0','Archicad 29.0.0 (3000) SPA FULL','Archicad');
#11=IFCGEOMETRICREPRESENTATIONSUBCONTEXT('FootPrint','Model',*,*,*,*,#3,$,.MODEL_VIEW.,$);
#5=IFCRELAGGREGATES('2uVKPuCsDjBpZs6jUTQUKk',#2,$,$,#1,(#50));
#12=IFCSIUNIT(*,.LENGTHUNIT.,.MILLI.,.METRE.);
#13=IFCSIUNIT(*,.AREAUNIT.,$,.SQUARE_METRE.);
#14=IFCSIUNIT(*,.VOLUMEUNIT.,$,.CUBIC_METRE.);
#16=IFCCONVERSIONBASEDUNIT(#52,.SOLIDANGLEUNIT.,'SQUAREDEGREE',#53);
#17=IFCMONETARYUNIT('USD');
#15=IFCCONVERSIONBASEDUNIT(#51,.PLANEANGLEUNIT.,'DEGREE',#54);
#21=IFCSIUNIT(*,.LUMINOUSINTENSITYUNIT.,$,.LUMEN.);
#22=IFCSIUNIT(*,.ENERGYUNIT.,.MEGA.,.JOULE.);
#20=IFCSIUNIT(*,.THERMODYNAMICTEMPERATUREUNIT.,$,.DEGREE_CELSIUS.);
#19=IFCSIUNIT(*,.MASSUNIT.,.KILO.,.GRAM.);
#18=IFCCONVERSIONBASEDUNIT(#55,.TIMEUNIT.,'Year',#56);
#31=IFCDIRECTION((1.,0.,0.));
#30=IFCDIRECTION((0.,0.,1.));
#29=IFCCARTESIANPOINT((0.,0.,0.));
#28=IFCORGANIZATION('GS','Graphisoft',$,$,$);
#27=IFCORGANIZATION($,'Indefinido',$,$,$);
#24=IFCDERIVEDUNIT((#61,#62,#63),.SPECIFICHEATCAPACITYUNIT.,$);
#26=IFCPERSON($,'Indefinido',$,$,$,$,$,$);
#25=IFCDERIVEDUNIT((#60,#64),.MASSDENSITYUNIT.,$);
#23=IFCDERIVEDUNIT((#57,#58,#59),.THERMALCONDUCTANCEUNIT.,$);
#32=IFCSHAPEREPRESENTATION(#10,'Body','Tessellation',(#73));
#36=IFCSHAPEREPRESENTATION(#10,'Body','Tessellation',(#72));
#35=IFCSHAPEREPRESENTATION(#10,'Body','Tessellation',(#70));
#34=IFCSHAPEREPRESENTATION(#10,'Body','Tessellation',(#68));
#33=IFCSHAPEREPRESENTATION(#10,'Body','Tessellation',(#65));
#38=IFCSHAPEREPRESENTATION(#10,'Body','Tessellation',(#76));
#40=IFCSHAPEREPRESENTATION(#10,'Body','Tessellation',(#78));
#39=IFCSHAPEREPRESENTATION(#10,'Body','Tessellation',(#80));
#41=IFCSHAPEREPRESENTATION(#11,'FootPrint','GeometricCurveSet',(#82));
#42=IFCSHAPEREPRESENTATION(#11,'FootPrint','GeometricCurveSet',(#83));
#49=IFCSHAPEREPRESENTATION(#11,'FootPrint','GeometricCurveSet',(#91));
#48=IFCSHAPEREPRESENTATION(#11,'FootPrint','GeometricCurveSet',(#90));
#43=IFCSHAPEREPRESENTATION(#11,'FootPrint','GeometricCurveSet',(#84));
#46=IFCSHAPEREPRESENTATION(#11,'FootPrint','GeometricCurveSet',(#88));
#45=IFCSHAPEREPRESENTATION(#11,'FootPrint','GeometricCurveSet',(#87));
#37=IFCSHAPEREPRESENTATION(#10,'Body','Tessellation',(#85));
#47=IFCSHAPEREPRESENTATION(#11,'FootPrint','GeometricCurveSet',(#89));
#51=IFCDIMENSIONALEXPONENTS(0,0,0,0,0,0,0);
#50=IFCSITE('20FpTZCqJy2vhVJYtjuIce',#2,'UPeU',$,$,#92,$,$,.ELEMENT.,(40,24,59,760000),(-3,-42,-59,-760000),0.,$,$);
#44=IFCSHAPEREPRESENTATION(#11,'FootPrint','GeometricCurveSet',(#93));
#52=IFCDIMENSIONALEXPONENTS(0,0,0,0,0,0,0);
#55=IFCDIMENSIONALEXPONENTS(0,0,1,0,0,0,0);
#54=IFCMEASUREWITHUNIT(IFCPLANEANGLEMEASURE(0.0174532925199433),#96);
#53=IFCMEASUREWITHUNIT(IFCPOSITIVELENGTHMEASURE(0.0003046174197867086),#97);
#56=IFCMEASUREWITHUNIT(IFCTIMEMEASURE(31557600.),#98);
#57=IFCDERIVEDUNITELEMENT(#99,1);
#67=IFCPRODUCTDEFINITIONSHAPE($,$,(#33,#42));
#64=IFCDERIVEDUNITELEMENT(#106,-1);
#63=IFCDERIVEDUNITELEMENT(#105,-1);
#62=IFCDERIVEDUNITELEMENT(#104,-1);
#61=IFCDERIVEDUNITELEMENT(#103,1);
#60=IFCDERIVEDUNITELEMENT(#102,1);
#59=IFCDERIVEDUNITELEMENT(#101,-1);
#58=IFCDERIVEDUNITELEMENT(#100,-1);
#66=IFCPRESENTATIONLAYERASSIGNMENT('Unidad Modelo - Zonas',$,(#32,#33,#34,#35,#36,#37,#38,#39,#40),$);
#69=IFCPRODUCTDEFINITIONSHAPE($,$,(#34,#43));
#65=IFCPOLYGONALFACESET(#107,.T.,(#110,#111,#112,#119,#120,#121),$);
#72=IFCPOLYGONALFACESET(#124,.T.,(#125,#126,#127,#128,#129,#130),$);
#71=IFCPRODUCTDEFINITIONSHAPE($,$,(#35,#44));
#68=IFCPOLYGONALFACESET(#109,.T.,(#113,#115,#117,#135,#138,#147),$);
#70=IFCPOLYGONALFACESET(#116,.T.,(#118,#141,#142,#143,#144,#145),$);
#74=IFCPRODUCTDEFINITIONSHAPE($,$,(#32,#41));
#73=IFCPOLYGONALFACESET(#132,.T.,(#133,#134,#136,#137,#139,#140),$);
#77=IFCPRODUCTDEFINITIONSHAPE($,$,(#38,#47));
#76=IFCPOLYGONALFACESET(#151,.T.,(#154,#155,#156,#157,#158,#159),$);
#75=IFCPRODUCTDEFINITIONSHAPE($,$,(#36,#45));
#80=IFCPOLYGONALFACESET(#171,.T.,(#172,#173,#174,#175,#176,#177,#178,#179),$);
#79=IFCPRODUCTDEFINITIONSHAPE($,$,(#40,#49));
#78=IFCPOLYGONALFACESET(#161,.T.,(#162,#163,#164,#165,#166,#167,#168,#169,#170,#181,#183,#184,#185,#186,#187,#188),$);
#84=IFCGEOMETRICCURVESET((#192));
#82=IFCGEOMETRICCURVESET((#190));
#81=IFCPRODUCTDEFINITIONSHAPE($,$,(#39,#48));
#87=IFCGEOMETRICCURVESET((#202));
#86=IFCPRODUCTDEFINITIONSHAPE($,$,(#37,#46));
#85=IFCPOLYGONALFACESET(#193,.T.,(#194,#195,#196,#197,#198,#199),$);
#83=IFCGEOMETRICCURVESET((#203));
#90=IFCGEOMETRICCURVESET((#204));
#91=IFCGEOMETRICCURVESET((#205));
#88=IFCGEOMETRICCURVESET((#207));
#92=IFCLOCALPLACEMENT($,#208);
#89=IFCGEOMETRICCURVESET((#206));
#93=IFCGEOMETRICCURVESET((#210));
#98=IFCSIUNIT(*,.TIMEUNIT.,$,.SECOND.);
#94=IFCRELAGGREGATES('2b_h_mYcGArd6glJG2Fmbt',#2,$,$,#50,(#211));
#97=IFCSIUNIT(*,.SOLIDANGLEUNIT.,$,.STERADIAN.);
#96=IFCSIUNIT(*,.PLANEANGLEUNIT.,$,.RADIAN.);
#100=IFCSIUNIT(*,.LENGTHUNIT.,$,.METRE.);
#95=IFCRELDEFINESBYPROPERTIES('0pBGPALghvQfb7QG1ayJ2$',#2,$,$,(#50),#212);
#99=IFCSIUNIT(*,.POWERUNIT.,$,.WATT.);
#103=IFCSIUNIT(*,.ENERGYUNIT.,$,.JOULE.);
#101=IFCSIUNIT(*,.THERMODYNAMICTEMPERATUREUNIT.,$,.KELVIN.);
#104=IFCSIUNIT(*,.MASSUNIT.,.KILO.,.GRAM.);
#105=IFCSIUNIT(*,.THERMODYNAMICTEMPERATUREUNIT.,$,.KELVIN.);
#107=IFCCARTESIANPOINTLIST3D(((0.,0.,0.),(3000.000000000001,0.,0.),(3000.000000000001,0.,3200.),(0.,0.,3200.),(0.,3000.,0.),(3000.000000000001,3000.,0.),(3000.000000000001,3000.,3200.),(0.,3000.,3200.)));
#108=IFCSPACE('3QNzgOX$_wJfS4LQedEtce',#2,'02',$,$,#213,#67,'Box',.ELEMENT.,.SPACE.,$);
#102=IFCSIUNIT(*,.MASSUNIT.,.KILO.,.GRAM.);
#106=IFCSIUNIT(*,.VOLUMEUNIT.,$,.CUBIC_METRE.);
#110=IFCINDEXEDPOLYGONALFACE((1,2,3,4));
#111=IFCINDEXEDPOLYGONALFACE((1,5,6,2));
#112=IFCINDEXEDPOLYGONALFACE((2,6,7,3));
#109=IFCCARTESIANPOINTLIST3D(((0.,0.,0.),(4000.,0.,0.),(4000.,0.,3200.),(0.,0.,3200.),(0.,3000.,0.),(4000.,3000.,0.),(4000.,3000.,3200.),(0.,3000.,3200.)));
#122=IFCSTYLEDITEM(#65,(#240),$);
#121=IFCINDEXEDPOLYGONALFACE((6,5,8,7));
#120=IFCINDEXEDPOLYGONALFACE((5,1,4,8));
#114=IFCSPACE('3$tY1pWGijIfUdIQ3QOqCR',#2,'03',$,$,#228,#69,'Box',.ELEMENT.,.SPACE.,$);
#118=IFCINDEXEDPOLYGONALFACE((1,2,3,4));
#116=IFCCARTESIANPOINTLIST3D(((0.,0.,0.),(3000.,0.,0.),(3000.,0.,3200.),(0.,0.,3200.),(0.,3000.,0.),(3000.,3000.,0.),(3000.,3000.,3200.),(0.,3000.,3200.)));
#115=IFCINDEXEDPOLYGONALFACE((1,5,6,2));
#113=IFCINDEXEDPOLYGONALFACE((1,2,3,4));
#126=IFCINDEXEDPOLYGONALFACE((1,5,6,2));
#125=IFCINDEXEDPOLYGONALFACE((1,2,3,4));
#119=IFCINDEXEDPOLYGONALFACE((4,3,7,8));
#123=IFCSPACE('20O_gCstp9H8hu298Qsaoc',#2,'04',$,$,#241,#71,'Box',.ELEMENT.,.SPACE.,$);
#127=IFCINDEXEDPOLYGONALFACE((2,6,7,3));
#128=IFCINDEXEDPOLYGONALFACE((4,3,7,8));
#129=IFCINDEXEDPOLYGONALFACE((5,1,4,8));
#124=IFCCARTESIANPOINTLIST3D(((0.,0.,0.),(4000.,0.,0.),(4000.,0.,3200.),(0.,0.,3200.),(0.,3000.,0.),(4000.,3000.,0.),(4000.,3000.,3200.),(0.,3000.,3200.)));
#130=IFCINDEXEDPOLYGONALFACE((6,5,8,7));
#131=IFCSTYLEDITEM(#72,(#240),$);
#133=IFCINDEXEDPOLYGONALFACE((1,2,3,4));
#134=IFCINDEXEDPOLYGONALFACE((1,5,6,2));
#135=IFCINDEXEDPOLYGONALFACE((4,3,7,8));
#117=IFCINDEXEDPOLYGONALFACE((2,6,7,3));
#136=IFCINDEXEDPOLYGONALFACE((2,6,7,3));
#132=IFCCARTESIANPOINTLIST3D(((0.,0.,0.),(3000.,0.,0.),(3000.,0.,3200.),(0.,0.,3200.),(0.,3000.,0.),(3000.,3000.,0.),(3000.,3000.,3200.),(0.,3000.,3200.)));
#137=IFCINDEXEDPOLYGONALFACE((4,3,7,8));
#139=IFCINDEXEDPOLYGONALFACE((5,1,4,8));
#141=IFCINDEXEDPOLYGONALFACE((1,5,6,2));
#142=IFCINDEXEDPOLYGONALFACE((2,6,7,3));
#140=IFCINDEXEDPOLYGONALFACE((6,5,8,7));
#143=IFCINDEXEDPOLYGONALFACE((4,3,7,8));
#138=IFCINDEXEDPOLYGONALFACE((5,1,4,8));
#144=IFCINDEXEDPOLYGONALFACE((5,1,4,8));
#146=IFCSTYLEDITEM(#70,(#240),$);
#148=IFCSTYLEDITEM(#68,(#240),$);
#147=IFCINDEXEDPOLYGONALFACE((6,5,8,7));
#145=IFCINDEXEDPOLYGONALFACE((6,5,8,7));
#150=IFCSPACE('0HwjVhp1r5Jew5LpB2oMO1',#2,'01',$,$,#252,#74,'Box',.ELEMENT.,.SPACE.,$);
#152=IFCSTYLEDITEM(#73,(#240),$);
#151=IFCCARTESIANPOINTLIST3D(((0.,0.,0.),(1694.980494401654,0.,0.),(1694.980494401654,0.,3200.),(0.,0.,3200.),(0.,1371.428278204617,0.),(1694.980494401654,1371.428278204617,0.),(1694.980494401654,1371.428278204617,3200.),(0.,1371.428278204617,3200.)));
#154=IFCINDEXEDPOLYGONALFACE((1,2,3,4));
#155=IFCINDEXEDPOLYGONALFACE((1,5,6,2));
#156=IFCINDEXEDPOLYGONALFACE((2,6,7,3));
#149=IFCSPACE('11Bx1gJfrQGuXjPuACbo$7',#2,'02',$,$,#263,#75,'Sala Reuniones',.ELEMENT.,.SPACE.,$);
#158=IFCINDEXEDPOLYGONALFACE((5,1,4,8));
#159=IFCINDEXEDPOLYGONALFACE((6,5,8,7));
#160=IFCSTYLEDITEM(#76,(#240),$);
#157=IFCINDEXEDPOLYGONALFACE((4,3,7,8));
#166=IFCINDEXEDPOLYGONALFACE((5,1,4,28));
#153=IFCSPACE('1GHI8kUcc1GvuISnKo8F23',#2,'01',$,$,#264,#77,'Ba\X\F1o',.ELEMENT.,.SPACE.,$);
#164=IFCINDEXEDPOLYGONALFACE((2,16,17,3));
#163=IFCINDEXEDPOLYGONALFACE((1,5,6,7,8,9,10,11,12,13,14,15,16,2));
#162=IFCINDEXEDPOLYGONALFACE((1,2,3,4));
#167=IFCINDEXEDPOLYGONALFACE((6,5,28,27));
#168=IFCINDEXEDPOLYGONALFACE((7,6,27,26));
#169=IFCINDEXEDPOLYGONALFACE((8,7,26,25));
#170=IFCINDEXEDPOLYGONALFACE((9,8,25,24));
#165=IFCINDEXEDPOLYGONALFACE((4,3,17,18,19,20,21,22,23,24,25,26,27,28));
#172=IFCINDEXEDPOLYGONALFACE((1,2,3,4));
#173=IFCINDEXEDPOLYGONALFACE((1,5,6,7,8,2));
#174=IFCINDEXEDPOLYGONALFACE((2,8,9,3));
#175=IFCINDEXEDPOLYGONALFACE((4,3,9,10,11,12));
#176=IFCINDEXEDPOLYGONALFACE((5,1,4,12));
#177=IFCINDEXEDPOLYGONALFACE((6,5,12,11));
#178=IFCINDEXEDPOLYGONALFACE((7,6,11,10));
#179=IFCINDEXEDPOLYGONALFACE((8,7,10,9));
#180=IFCSTYLEDITEM(#80,(#240),$);
#181=IFCINDEXEDPOLYGONALFACE((10,9,24,23));
#161=IFCCARTESIANPOINTLIST3D(((0.,0.,0.),(3000.,0.,0.),(3000.,0.,3200.),(0.,0.,3200.),(0.,6000.,0.),(6000.,6000.000000000002,0.),(5999.999999999999,9000.000000000002,0.),(7999.999999999999,9000.000000000002,0.),(7999.999999999999,6000.000000000003,0.),(15000.,6000.000000000005,0.),(15000.,4000.000000000004,0.),(9000.,4000.000000000003,0.),(9000.000000000002,0.,0.),(6000.000000000002,0.,0.),(6000.000000000001,4000.000000000002,0.),(3000.,4000.000000000001,0.),(3000.,4000.000000000001,3200.),(6000.000000000001,4000.000000000002,3200.),(6000.000000000002,0.,3200.),(9000.000000000002,0.,3200.),(9000.,4000.000000000003,3200.),(15000.,4000.000000000004,3200.),(15000.,6000.000000000005,3200.),(7999.999999999999,6000.000000000003,3200.),(7999.999999999999,9000.000000000002,3200.),(5999.999999999999,9000.000000000002,3200.),(6000.,6000.000000000002,3200.),(0.,6000.,3200.)));
#171=IFCCARTESIANPOINTLIST3D(((0.,0.,0.),(1628.571721795382,0.,0.),(1628.571721795382,0.,3200.),(0.,0.,3200.),(0.,4000.,0.),(3000.000000000001,4000.,0.),(3000.000000000001,1694.980494401654,0.),(1628.571721795382,1694.980494401654,0.),(1628.571721795382,1694.980494401654,3200.),(3000.000000000001,1694.980494401654,3200.),(3000.000000000001,4000.,3200.),(0.,4000.,3200.)));
#183=IFCINDEXEDPOLYGONALFACE((11,10,23,22));
#187=IFCINDEXEDPOLYGONALFACE((15,14,19,18));
#188=IFCINDEXEDPOLYGONALFACE((16,15,18,17));
#184=IFCINDEXEDPOLYGONALFACE((12,11,22,21));
#186=IFCINDEXEDPOLYGONALFACE((14,13,20,19));
#182=IFCSPACE('2uWnqb9DWxI93kDO_8r9nz',#2,'Com\X\FAn',$,$,#288,#79,'Circulaciones',.ELEMENT.,.SPACE.,$);
#185=IFCINDEXEDPOLYGONALFACE((13,12,21,20));
#192=IFCINDEXEDPOLYCURVE(#317,(IFCLINEINDEX((1,2,3,4,1))),$);
#191=IFCSTYLEDITEM(#78,(#240),$);
#190=IFCINDEXEDPOLYCURVE(#316,(IFCLINEINDEX((1,2,3,4,1))),$);
#195=IFCINDEXEDPOLYGONALFACE((1,5,6,2));
#193=IFCCARTESIANPOINTLIST3D(((0.,0.,0.),(3000.,0.,0.),(3000.,0.,3200.),(0.,0.,3200.),(0.,4000.,0.),(3000.,4000.,0.),(3000.,4000.,3200.),(0.,4000.,3200.)));
#194=IFCINDEXEDPOLYGONALFACE((1,2,3,4));
#189=IFCSPACE('1IPzSR39fvHv5DVKiC2Vls',#2,'05',$,$,#318,#81,'Box',.ELEMENT.,.SPACE.,$);
#203=IFCINDEXEDPOLYCURVE(#333,(IFCLINEINDEX((1,2,3,4,1))),$);
#202=IFCINDEXEDPOLYCURVE(#332,(IFCLINEINDEX((1,2,3,4,1))),$);
#200=IFCSTYLEDITEM(#85,(#240),$);
#199=IFCINDEXEDPOLYGONALFACE((6,5,8,7));
#198=IFCINDEXEDPOLYGONALFACE((5,1,4,8));
#197=IFCINDEXEDPOLYGONALFACE((4,3,7,8));
#196=IFCINDEXEDPOLYGONALFACE((2,6,7,3));
#207=IFCINDEXEDPOLYCURVE(#346,(IFCLINEINDEX((1,2,3,4,1))),$);
#206=IFCINDEXEDPOLYCURVE(#345,(IFCLINEINDEX((1,2,3,4,1))),$);
#205=IFCINDEXEDPOLYCURVE(#344,(IFCLINEINDEX((1,2,3,4,5,6,7,8,9,10,11,12,13,14,1))),$);
#201=IFCSPACE('2EIerdp1J5GQsmzj0$nfdG',#2,'01',$,$,#331,#86,'Sla Reuniones',.ELEMENT.,.SPACE.,$);
#208=IFCAXIS2PLACEMENT3D(#347,#348,#349);
#204=IFCINDEXEDPOLYCURVE(#350,(IFCLINEINDEX((1,2,3,4,5,6,1))),$);
#210=IFCINDEXEDPOLYCURVE(#351,(IFCLINEINDEX((1,2,3,4,1))),$);
#209=IFCLOCALPLACEMENT(#92,#352);
#211=IFCBUILDING('00tMo7QcxqWdIGvc4sMN2A',#2,'UPeU',$,$,#209,$,$,.ELEMENT.,$,$,$);
#212=IFCELEMENTQUANTITY('3lQVKSZddSGI4fNX33_83_',#2,'Qto_SiteBaseQuantities',$,'Archicad BIM Base Quantities',(#355,#356));
#213=IFCLOCALPLACEMENT(#353,#358);
#216=IFCRELASSOCIATESCLASSIFICATION('0oSN9T4pd1rVsk9GpFlnxI',#2,'AC Zone Category',$,(#150,#108,#114,#123,#149,#201,#189),#361);
#217=IFCRELDEFINESBYTYPE('3mmqlIiQzyP1IH2xGDtiqu',#2,$,$,(#150,#108,#114,#123,#149,#201,#189),#360);
#214=IFCRELAGGREGATES('0XiO0afmfWQtAq7oy7PsI2',#2,$,$,#359,(#150,#108,#114,#123,#149,#201,#153,#189,#182));
#218=IFCRELDEFINESBYPROPERTIES('1395_NLcstrHw_RVBa5xOU',#2,$,$,(#108),#362);
#219=IFCRELDEFINESBYPROPERTIES('2IWIqPiJB4yMDfkTzNxNqb',#2,$,$,(#108),#363);
#221=IFCRELDEFINESBYPROPERTIES('1M$$5kOEu09G_X60xMMxhd',#2,$,$,(#108),#364);
#222=IFCRELSPACEBOUNDARY('0sYE_8W9X0y23STz4rWgF_',#2,'2ndLevel','2a',#108,#365,#366,.VIRTUAL.,.INTERNAL.);
#223=IFCRELSPACEBOUNDARY('2HxmOybLxgwFHYXxuev1UT',#2,'2ndLevel','2a',#108,#367,#368,.VIRTUAL.,.INTERNAL.);
#220=IFCRELDEFINESBYPROPERTIES('3HXExrmc_WXKOL9X6w21sS',#2,$,$,(#108),#369);
#215=IFCRELASSOCIATESCLASSIFICATION('30ouKt3$UeuwX0022P2Wt0',#2,'Clasificaci\X\F3n de Archicad v 2.0',$,(#150,#108,#114,#123,#149,#201,#153,#189,#182),#371);
#225=IFCRELSPACEBOUNDARY('1SoB$Bs_N4aHeS4JkFDCIv',#2,'2ndLevel','2a',#108,$,#370,.VIRTUAL.,.EXTERNAL.);
#229=IFCRELDEFINESBYPROPERTIES('0gcYAYLpmn1o3AJiw6SvyS',#2,$,$,(#114),#374);
#226=IFCRELSPACEBOUNDARY('1IHu5icv4wu5NYgdSH2jI0',#2,'2ndLevel','2a',#108,$,#373,.VIRTUAL.,.EXTERNAL.);
#227=IFCRELSPACEBOUNDARY('0jSKC3t48QfsXjHhd$gPNf',#2,'2ndLevel','2a',#108,$,#372,.VIRTUAL.,.EXTERNAL.);
#224=IFCRELSPACEBOUNDARY('07r$jxPLhK$zbe$eBSKs3s',#2,'2ndLevel','2a',#108,#382,#383,.VIRTUAL.,.INTERNAL.);
#234=IFCRELSPACEBOUNDARY('16WwHQmsg6HPI$1tGPELpI',#2,'2ndLevel','2a',#114,#380,#381,.VIRTUAL.,.INTERNAL.);
#233=IFCRELSPACEBOUNDARY('26GGGvloaTeHn1EOuSko7L',#2,'2ndLevel','2a',#114,#378,#379,.VIRTUAL.,.INTERNAL.);
#232=IFCRELDEFINESBYPROPERTIES('2laBICUTOm2LmfnJvERRkt',#2,$,$,(#114),#377);
#231=IFCRELDEFINESBYPROPERTIES('0zcyg8CKs9fsz6KTnzUb8f',#2,$,$,(#114),#376);
#230=IFCRELDEFINESBYPROPERTIES('08QBd3BnsKmGaVPYJZZf_7',#2,$,$,(#114),#375);
#228=IFCLOCALPLACEMENT(#353,#385);
#235=IFCRELSPACEBOUNDARY('0Pi5c4_caw95GnEgXpT$6F',#2,'2ndLevel','2a',#114,#384,#386,.VIRTUAL.,.INTERNAL.);
#236=IFCRELSPACEBOUNDARY('0PtkB$N5TzeZncIgYCYO0g',#2,'2ndLevel','2a',#114,$,#388,.VIRTUAL.,.EXTERNAL.);
#237=IFCRELSPACEBOUNDARY('3weOeVhPRijtfXdVkkqgB$',#2,'2ndLevel','2a',#114,$,#387,.VIRTUAL.,.EXTERNAL.);
#239=IFCRELSPACEBOUNDARY('0SzlO_oacH_Lxj5mWn6z4h',#2,'2ndLevel','2a',#114,$,#389,.VIRTUAL.,.EXTERNAL.);
#240=IFCSURFACESTYLE('Vidrio - Claro R\X\E1pido',.BOTH.,(#390));
#242=IFCRELDEFINESBYPROPERTIES('07LrX_i7bpEfXTorIHCVxE',#2,$,$,(#123),#391);
#243=IFCRELDEFINESBYPROPERTIES('2AsGfOK1jdVZtdPABzX6tI',#2,$,$,(#123),#392);
#244=IFCRELDEFINESBYPROPERTIES('0qwjQz_sSBkqyGoeQhWods',#2,$,$,(#123),#393);
#241=IFCLOCALPLACEMENT(#353,#397);
#246=IFCRELSPACEBOUNDARY('2ifU1afBAZTK6PqdqJxcvs',#2,'2ndLevel','2a',#123,#395,#396,.VIRTUAL.,.INTERNAL.);
#245=IFCRELDEFINESBYPROPERTIES('1Ern8Z2C3_ZdaXoeoZjaal',#2,$,$,(#123),#394);
#247=IFCRELSPACEBOUNDARY('2A6eTSDpAib2HRTh_jo2ij',#2,'2ndLevel','2a',#123,#384,#398,.VIRTUAL.,.INTERNAL.);
#238=IFCRELSPACEBOUNDARY('2YX5pggbNtZsrmLdZK3_E_',#2,'2ndLevel','2a',#114,$,#399,.VIRTUAL.,.EXTERNAL.);
#249=IFCRELSPACEBOUNDARY('0_egPD3Iz68kInIt66VFAj',#2,'2ndLevel','2a',#123,$,#400,.VIRTUAL.,.EXTERNAL.);
#248=IFCRELSPACEBOUNDARY('3EMejZmQxw4BgYF9Zu0uRW',#2,'2ndLevel','2a',#123,$,#401,.VIRTUAL.,.EXTERNAL.);
#265=IFCRELDEFINESBYPROPERTIES('3Ux9Onng36pB6qifLN5Fwu',#2,$,$,(#149),#418);
#264=IFCLOCALPLACEMENT(#353,#417);
#267=IFCRELDEFINESBYPROPERTIES('0rj6X$Izyr1tQ7ZtjLDg8b',#2,$,$,(#149),#420);
#257=IFCRELSPACEBOUNDARY('13aQ6gcOkxJpfMoYbdmMPp',#2,'2ndLevel','2a',#150,#415,#416,.VIRTUAL.,.INTERNAL.);
#262=IFCRELSPACEBOUNDARY('1GzIWVIQR8m9S25bJQFLoU',#2,'2ndLevel','2a',#150,$,#414,.VIRTUAL.,.EXTERNAL.);
#261=IFCRELSPACEBOUNDARY('0EzgrqzU8QsbGQkupSf5gx',#2,'2ndLevel','2a',#150,$,#412,.VIRTUAL.,.EXTERNAL.);
#260=IFCRELSPACEBOUNDARY('2y9Pxy7cghzP1xoq15Urvc',#2,'2ndLevel','2a',#150,$,#411,.VIRTUAL.,.EXTERNAL.);
#256=IFCRELDEFINESBYPROPERTIES('23DDnwwoSqWC6_nk1B$Zg9',#2,$,$,(#150),#410);
#259=IFCRELSPACEBOUNDARY('2HcGJg0xjgmk4Es3chplzb',#2,'2ndLevel','2a',#150,$,#409,.VIRTUAL.,.EXTERNAL.);
#258=IFCRELSPACEBOUNDARY('3Z_ie0vr0AAIwh61B2i9Ie',#2,'2ndLevel','2a',#150,#382,#408,.VIRTUAL.,.INTERNAL.);
#255=IFCRELDEFINESBYPROPERTIES('2ZdYnSI$AdJfe_dADvruPi',#2,$,$,(#150),#407);
#250=IFCRELSPACEBOUNDARY('0NQxYG263bWepidG8eyCuM',#2,'2ndLevel','2a',#123,$,#406,.VIRTUAL.,.EXTERNAL.);
#254=IFCRELDEFINESBYPROPERTIES('2Os$UFFwxHY3eXd5klphj8',#2,$,$,(#150),#405);
#251=IFCRELSPACEBOUNDARY('3bUIXEQkWGAy7vcrhPmgjK',#2,'2ndLevel','2a',#123,$,#403,.VIRTUAL.,.EXTERNAL.);
#253=IFCRELDEFINESBYPROPERTIES('0RnUeaciNDoq1k_N1e06mp',#2,$,$,(#150),#404);
#252=IFCLOCALPLACEMENT(#353,#402);
#272=IFCRELSPACEBOUNDARY('0piWkbaeaXysio$wIo8lKn',#2,'2ndLevel','2a',#149,$,#426,.VIRTUAL.,.EXTERNAL.);
#266=IFCRELDEFINESBYPROPERTIES('042h8lo0_M0hUO9PeSRslU',#2,$,$,(#149),#419);
#270=IFCRELSPACEBOUNDARY('1UtMuFNxb7jRv9Gr_JL$zM',#2,'2ndLevel','2a',#149,#424,#425,.VIRTUAL.,.INTERNAL.);
#263=IFCLOCALPLACEMENT(#353,#413);
#269=IFCRELSPACEBOUNDARY('0nIRPoqo$u6jnDr4BlMaeF',#2,'2ndLevel','2a',#149,#422,#423,.VIRTUAL.,.INTERNAL.);
#268=IFCRELDEFINESBYPROPERTIES('176t_o7LyjP5MdcwY$W9jf',#2,$,$,(#149),#421);
#273=IFCRELSPACEBOUNDARY('3NOCrwHfuxt3SJ1F$oVTxn',#2,'2ndLevel','2a',#149,$,#427,.VIRTUAL.,.EXTERNAL.);
#271=IFCRELSPACEBOUNDARY('2eT_yHgO1gdgJjuzXdbWIx',#2,'2ndLevel','2a',#149,$,#429,.VIRTUAL.,.EXTERNAL.);
#274=IFCRELSPACEBOUNDARY('0ZW0EN0qZCTygQDVHE5rl9',#2,'2ndLevel','2a',#149,$,#428,.VIRTUAL.,.EXTERNAL.);
#277=IFCRELDEFINESBYTYPE('3ZH8naaCjLpOfn7h0ofDif',#2,$,$,(#153),#430);
#278=IFCRELDEFINESBYPROPERTIES('0XBqmAprRwD81dPVm7lvQL',#2,$,$,(#153),#431);
#276=IFCRELASSOCIATESCLASSIFICATION('0gjThCbSC3PSwTXpIzR78q',#2,'AC Zone Category',$,(#153),#432);
#279=IFCRELDEFINESBYPROPERTIES('27YNLtkktaarMEKD81d3dR',#2,$,$,(#153),#433);
#284=IFCRELSPACEBOUNDARY('3Qh5M90rPXMI9gWFEPyyLK',#2,'2ndLevel','2a',#153,#437,#438,.VIRTUAL.,.INTERNAL.);
#275=IFCRELSPACEBOUNDARY('2svx3NTKos8x3i9ngZg9_q',#2,'2ndLevel','2a',#149,$,#436,.VIRTUAL.,.EXTERNAL.);
#281=IFCRELDEFINESBYPROPERTIES('26xzrMMs_s8CECNu0dEU9_',#2,$,$,(#153),#435);
#280=IFCRELDEFINESBYPROPERTIES('2xRos8SYEWaccKqcBdODtF',#2,$,$,(#153),#434);
#285=IFCRELSPACEBOUNDARY('1XGdewHqiSOdJd$lzL0j8A',#2,'2ndLevel','2a',#153,$,#439,.VIRTUAL.,.EXTERNAL.);
#283=IFCRELSPACEBOUNDARY('2EgCGd$OOepocdPOWNedah',#2,'2ndLevel','2a',#153,#440,#441,.VIRTUAL.,.INTERNAL.);
#287=IFCRELSPACEBOUNDARY('1KN0ojn9PpwYvKkBlZcBEy',#2,'2ndLevel','2a',#153,$,#442,.VIRTUAL.,.EXTERNAL.);
#288=IFCLOCALPLACEMENT(#353,#443);
#286=IFCRELSPACEBOUNDARY('0C4qLpl53f7AjlAZxMv$f5',#2,'2ndLevel','2a',#153,$,#444,.VIRTUAL.,.EXTERNAL.);
#290=IFCRELDEFINESBYTYPE('09QGkE_svjBC_by15srC5P',#2,$,$,(#182),#445);
#291=IFCRELDEFINESBYPROPERTIES('2NziGtv$$BWCbe9MwvX6Fu',#2,$,$,(#182),#446);
#293=IFCRELDEFINESBYPROPERTIES('0jTbhVG$1BmgWy0aNDKUf9',#2,$,$,(#182),#450);
#292=IFCRELDEFINESBYPROPERTIES('2$R4gtvIJRW0wYKsccEWGG',#2,$,$,(#182),#449);
#282=IFCRELSPACEBOUNDARY('3fKbyTL4ljSeBVOCkmXgcG',#2,'2ndLevel','2a',#153,#447,#448,.VIRTUAL.,.INTERNAL.);
#289=IFCRELASSOCIATESCLASSIFICATION('1c341EObx14DUPPeHVxgpX',#2,'AC Zone Category',$,(#182),#452);
#295=IFCRELSPACEBOUNDARY('2Nu7XJ$6P96Fm54enYK$Rp',#2,'2ndLevel','2a',#182,#453,#456,.VIRTUAL.,.INTERNAL.);
#296=IFCRELSPACEBOUNDARY('3iH3Xfmgo9fqXO0V1aHsob',#2,'2ndLevel','2a',#182,#454,#455,.VIRTUAL.,.INTERNAL.);
#294=IFCRELDEFINESBYPROPERTIES('2P_7Jp5tjVQWOr1OPHXs6d',#2,$,$,(#182),#451);
#298=IFCRELSPACEBOUNDARY('087vpnO4wO4H6Pp$gDSelc',#2,'2ndLevel','2a',#182,#447,#457,.VIRTUAL.,.INTERNAL.);
#300=IFCRELSPACEBOUNDARY('12gg0LJAz4SpDVWXCAYzLt',#2,'2ndLevel','2a',#182,#458,#459,.VIRTUAL.,.INTERNAL.);
#299=IFCRELSPACEBOUNDARY('13GnIfnaaO6Wf6LmHPdx2K',#2,'2ndLevel','2a',#182,#463,#464,.VIRTUAL.,.INTERNAL.);
#297=IFCRELSPACEBOUNDARY('0lKCaYGtmiwwmPcvLSkYcn',#2,'2ndLevel','2a',#182,#461,#462,.VIRTUAL.,.INTERNAL.);
#301=IFCRELSPACEBOUNDARY('3B_VOj7IG$iam62BVhWpyp',#2,'2ndLevel','2a',#182,#422,#460,.VIRTUAL.,.INTERNAL.);
#302=IFCRELSPACEBOUNDARY('0mPf5yW3XN8d4RzWqcUbOn',#2,'2ndLevel','2a',#182,#395,#465,.VIRTUAL.,.INTERNAL.);
#304=IFCRELSPACEBOUNDARY('3_vzgMH2OfZoq1nVhX5wbz',#2,'2ndLevel','2a',#182,#378,#467,.VIRTUAL.,.INTERNAL.);
#305=IFCRELSPACEBOUNDARY('1RXaQsWq62VQerSePHXYaH',#2,'2ndLevel','2a',#182,#380,#466,.VIRTUAL.,.INTERNAL.);
#307=IFCRELSPACEBOUNDARY('2K3zaDagzHFNG1l$1JvStk',#2,'2ndLevel','2a',#182,#367,#468,.VIRTUAL.,.INTERNAL.);
#310=IFCRELSPACEBOUNDARY('1V$$oUMiX5aaIsVBo6_wqv',#2,'2ndLevel','2a',#182,$,#472,.VIRTUAL.,.EXTERNAL.);
#309=IFCRELSPACEBOUNDARY('2wcbuxeRFPnhCz9yjJBgtk',#2,'2ndLevel','2a',#182,$,#471,.VIRTUAL.,.EXTERNAL.);
#308=IFCRELSPACEBOUNDARY('2_rkXm9GYUykmVqJ55uyfc',#2,'2ndLevel','2a',#182,$,#470,.VIRTUAL.,.EXTERNAL.);
#303=IFCRELSPACEBOUNDARY('3EBoyAzHhF_cCTFsNila7d',#2,'2ndLevel','2a',#182,#415,#469,.VIRTUAL.,.INTERNAL.);
#306=IFCRELSPACEBOUNDARY('049qAb4s$AX__i1WZvaLqo',#2,'2ndLevel','2a',#182,#365,#473,.VIRTUAL.,.INTERNAL.);
#313=IFCRELSPACEBOUNDARY('1afb3G1q8n_hZrZL0vm6hp',#2,'2ndLevel','2a',#182,$,#474,.VIRTUAL.,.EXTERNAL.);
#312=IFCRELSPACEBOUNDARY('1IHRDC7ExZDHv_bVVKhx$l',#2,'2ndLevel','2a',#182,$,#477,.VIRTUAL.,.EXTERNAL.);
#316=IFCCARTESIANPOINTLIST2D(((0.,0.),(3000.,0.),(3000.,3000.),(0.,3000.)));
#315=IFCRELSPACEBOUNDARY('0uj16UmlvlznGy3gmjV5kL',#2,'2ndLevel','2a',#182,$,#476,.VIRTUAL.,.EXTERNAL.);
#314=IFCRELSPACEBOUNDARY('0LlppTb__tKnYCcF8NERcT',#2,'2ndLevel','2a',#182,$,#475,.VIRTUAL.,.EXTERNAL.);
#311=IFCRELSPACEBOUNDARY('2cdM19BqFMbZvWn2JIlzU1',#2,'2ndLevel','2a',#182,$,#478,.VIRTUAL.,.EXTERNAL.);
#317=IFCCARTESIANPOINTLIST2D(((0.,0.),(4000.,0.),(4000.,3000.),(0.,3000.)));
#318=IFCLOCALPLACEMENT(#353,#479);
#320=IFCRELDEFINESBYPROPERTIES('0Zcj20RJtyUjydFWOkO3Kh',#2,$,$,(#189),#480);
#322=IFCRELDEFINESBYPROPERTIES('04HmkPbkVXxHI2eE2wDY1s',#2,$,$,(#189),#481);
#321=IFCRELDEFINESBYPROPERTIES('1m8RDxFuIJedapHJ1I4fC_',#2,$,$,(#189),#484);
#324=IFCRELSPACEBOUNDARY('0PT1AJgvKwUJoG9w9UJ60B',#2,'2ndLevel','2a',#189,#437,#483,.VIRTUAL.,.INTERNAL.);
#319=IFCRELDEFINESBYPROPERTIES('3dqMd6RlOmJS46psshR4$X',#2,$,$,(#189),#482);
#327=IFCRELSPACEBOUNDARY('0XNPsY6Ysmri$zQQAJ6pv9',#2,'2ndLevel','2a',#189,#461,#486,.VIRTUAL.,.INTERNAL.);
#325=IFCRELSPACEBOUNDARY('2KHsvUt8KkVhcO9ug3r0tM',#2,'2ndLevel','2a',#189,#453,#485,.VIRTUAL.,.INTERNAL.);
#328=IFCRELSPACEBOUNDARY('1C7MVzEOGPXayTnrZddunv',#2,'2ndLevel','2a',#189,$,#487,.VIRTUAL.,.EXTERNAL.);
#331=IFCLOCALPLACEMENT(#353,#490);
#323=IFCRELSPACEBOUNDARY('31A9Ff_poIiwe3wwtVbwbV',#2,'2ndLevel','2a',#189,#440,#489,.VIRTUAL.,.INTERNAL.);
#329=IFCRELSPACEBOUNDARY('28Oo8LzSoGw0eLh4Fjrf$M',#2,'2ndLevel','2a',#189,$,#488,.VIRTUAL.,.EXTERNAL.);
#336=IFCRELDEFINESBYPROPERTIES('1a7PbnWyTYO_QE4kxZYXod',#2,$,$,(#201),#494);
#335=IFCRELDEFINESBYPROPERTIES('1XuYwNF_YxgGpxIvXdul2$',#2,$,$,(#201),#493);
#333=IFCCARTESIANPOINTLIST2D(((0.,0.),(3000.000000000001,0.),(3000.000000000001,3000.),(0.,3000.)));
#334=IFCRELDEFINESBYPROPERTIES('0Lw9j7fSBepxWiL8OJdCG3',#2,$,$,(#201),#492);
#330=IFCRELSPACEBOUNDARY('1p4ICZi6v7Tgnvwu9oJdXW',#2,'2ndLevel','2a',#189,$,#491,.VIRTUAL.,.EXTERNAL.);
#332=IFCCARTESIANPOINTLIST2D(((0.,0.),(4000.,0.),(4000.,3000.),(0.,3000.)));
#337=IFCRELDEFINESBYPROPERTIES('3uRpyoAOM8LrLTrcpbrZM8',#2,$,$,(#201),#495);
#338=IFCRELSPACEBOUNDARY('29QvQY2K6AGjgFmiRXDv_9',#2,'2ndLevel','2a',#201,#424,#496,.VIRTUAL.,.INTERNAL.);
#339=IFCRELSPACEBOUNDARY('2$bupuNLAiR0huHDQQbf0T',#2,'2ndLevel','2a',#201,#463,#497,.VIRTUAL.,.INTERNAL.);
#341=IFCRELSPACEBOUNDARY('1G2XbrWmRGYMtvDN4E4NK5',#2,'2ndLevel','2a',#201,$,#498,.VIRTUAL.,.EXTERNAL.);
#326=IFCRELSPACEBOUNDARY('0oKnFLUSYFpdlE$L3pZ_K2',#2,'2ndLevel','2a',#189,#454,#499,.VIRTUAL.,.INTERNAL.);
#343=IFCRELSPACEBOUNDARY('0NX7fw7$OX$HgpkflWCCFd',#2,'2ndLevel','2a',#201,$,#500,.VIRTUAL.,.EXTERNAL.);
#340=IFCRELSPACEBOUNDARY('01o7y$yNaG34GYMbRQjrlW',#2,'2ndLevel','2a',#201,#458,#501,.VIRTUAL.,.INTERNAL.);
#342=IFCRELSPACEBOUNDARY('0aiLlXnGU9eXpoegVY6mXV',#2,'2ndLevel','2a',#201,$,#502,.VIRTUAL.,.EXTERNAL.);
#346=IFCCARTESIANPOINTLIST2D(((0.,0.),(3000.,0.),(3000.,4000.),(0.,4000.)));
#347=IFCCARTESIANPOINT((0.,0.,0.));
#345=IFCCARTESIANPOINTLIST2D(((0.,0.),(1694.980494401654,0.),(1694.980494401654,1371.428278204617),(0.,1371.428278204617)));
#348=IFCDIRECTION((0.,0.,1.));
#349=IFCDIRECTION((1.,0.,0.));
#344=IFCCARTESIANPOINTLIST2D(((0.,0.),(3000.,0.),(3000.,4000.000000000001),(6000.000000000001,4000.000000000002),(6000.000000000002,0.),(9000.000000000002,0.),(9000.,4000.000000000003),(15000.,4000.000000000004),(15000.,6000.000000000005),(7999.999999999999,6000.000000000003),(7999.999999999999,9000.000000000002),(5999.999999999999,9000.000000000002),(6000.,6000.000000000002),(0.,6000.)));
#351=IFCCARTESIANPOINTLIST2D(((0.,0.),(3000.,0.),(3000.,3000.),(0.,3000.)));
#352=IFCAXIS2PLACEMENT3D(#503,#504,#505);
#350=IFCCARTESIANPOINTLIST2D(((0.,0.),(1628.571721795382,0.),(1628.571721795382,1694.980494401654),(3000.000000000001,1694.980494401654),(3000.000000000001,4000.),(0.,4000.)));
#353=IFCLOCALPLACEMENT(#209,#506);
#354=IFCRELAGGREGATES('118jwqMnuwK1xuf97w7fU5',#2,$,$,#211,(#359));
#355=IFCQUANTITYLENGTH('GrossPerimeter',$,$,0.,$);
#356=IFCQUANTITYAREA('GrossArea',$,$,0.,$);
#358=IFCAXIS2PLACEMENT3D(#507,#508,#509);
#357=IFCRELDEFINESBYPROPERTIES('1$_EH$3FH5bPdJZHFETtiq',#2,$,$,(#211),#510);
#360=IFCSPACETYPE('25mj25lkwWNVgsi3DimU4K',#2,'Oficina',$,$,$,$,'85C2D085-BEEE-A05D-FAB6-B0336CC1E114',$,.SPACE.,$);
#361=IFCCLASSIFICATIONREFERENCE($,'2','Oficina',$,$,$);
#363=IFCPROPERTYSET('12xDHyoVsl3C0IVJtPEG49',#2,'Pset_SpaceCoveringRequirements',$,(#511));
#359=IFCBUILDINGSTOREY('1oZ0wPs_PE8ANCPg3bIs4j',#2,'Planta Baja',$,$,#353,$,$,.ELEMENT.,0.);
#362=IFCPROPERTYSET('1_9KsNYFQkonyIfQomXOBG',#2,'Pset_SpaceCommon',$,(#514));
#365=IFCVIRTUALELEMENT('2OCbdBBq8NuarEYpczWAbu',#2,$,$,$,#513,$,$);
#366=IFCCONNECTIONSURFACEGEOMETRY(#515,$);
#369=IFCPROPERTYSET('2n$jpg3T70FP96yBrnevr_',#2,'Pset_SpaceOccupancyRequirements',$,(#529,#530));
#364=IFCELEMENTQUANTITY('20IABKKsBqsKMjaqqJiwqm',#2,'Qto_SpaceBaseQuantities',$,'Archicad BIM Base Quantities',(#516,#517,#518,#519,#520,#521,#522,#523,#524,#525,#526,#527,#528));
#367=IFCVIRTUALELEMENT('1nXgOu8i2JOpSkGRGUIuzA',#2,$,$,$,#531,$,$);
#371=IFCCLASSIFICATIONREFERENCE($,'Espacio',$,#535,$,$);
#370=IFCCONNECTIONSURFACEGEOMETRY(#536,$);
#374=IFCPROPERTYSET('2OQE8$idYoW2SYQojYcDNH',#2,'Pset_SpaceCommon',$,(#537));
#373=IFCCONNECTIONSURFACEGEOMETRY(#534,$);
#372=IFCCONNECTIONSURFACEGEOMETRY(#533,$);
#368=IFCCONNECTIONSURFACEGEOMETRY(#532,$);
#376=IFCPROPERTYSET('2kv7$FC4PJNO$IXoJghKsT',#2,'Pset_SpaceOccupancyRequirements',$,(#538,#539));
#378=IFCVIRTUALELEMENT('1muJCTth5jLwz9LAn708uq',#2,$,$,$,#540,$,$);
#383=IFCCONNECTIONSURFACEGEOMETRY(#558,$);
#385=IFCAXIS2PLACEMENT3D(#559,#560,#561);
#377=IFCELEMENTQUANTITY('1_qINJoak5TJaAl2CLBCjY',#2,'Qto_SpaceBaseQuantities',$,'Archicad BIM Base Quantities',(#545,#546,#547,#548,#549,#550,#551,#552,#553,#554,#555,#556,#557));
#382=IFCVIRTUALELEMENT('0iD8eUYkAMw3MUVjX5NH3S',#2,$,$,$,#544,$,$);
#375=IFCPROPERTYSET('3yuuliGJ8XtNohWTeY0709',#2,'Pset_SpaceCoveringRequirements',$,(#543));
#380=IFCVIRTUALELEMENT('28rL6Zm3ceyGtI4EmlhKRe',#2,$,$,$,#542,$,$);
#379=IFCCONNECTIONSURFACEGEOMETRY(#541,$);
#386=IFCCONNECTIONSURFACEGEOMETRY(#564,$);
#381=IFCCONNECTIONSURFACEGEOMETRY(#563,$);
#387=IFCCONNECTIONSURFACEGEOMETRY(#565,$);
#388=IFCCONNECTIONSURFACEGEOMETRY(#566,$);
#389=IFCCONNECTIONSURFACEGEOMETRY(#567,$);
#391=IFCPROPERTYSET('39ZxLxOPuYtT$JMEkv3kUk',#2,'Pset_SpaceCommon',$,(#569));
#390=IFCSURFACESTYLERENDERING(#568,0.6899999999999999,IFCNORMALISEDRATIOMEASURE(0.6),$,$,$,IFCNORMALISEDRATIOMEASURE(1.),$,.NOTDEFINED.);
#392=IFCPROPERTYSET('151LZOaSFtVxnRH397gxjD',#2,'Pset_SpaceCoveringRequirements',$,(#570));
#393=IFCPROPERTYSET('09DpcR2w6M7i8i6T78JL5g',#2,'Pset_SpaceOccupancyRequirements',$,(#571,#572));
#384=IFCVIRTUALELEMENT('3BMc9KMOuXP7VWY$aIkhkv',#2,$,$,$,#562,$,$);
#395=IFCVIRTUALELEMENT('19Biu8gNPpbetP52BkXtd0',#2,$,$,$,#573,$,$);
#396=IFCCONNECTIONSURFACEGEOMETRY(#582,$);
#398=IFCCONNECTIONSURFACEGEOMETRY(#585,$);
#399=IFCCONNECTIONSURFACEGEOMETRY(#588,$);
#404=IFCPROPERTYSET('2dm82aXIaLCTEgDCsFHuFA',#2,'Pset_SpaceCommon',$,(#595));
#394=IFCELEMENTQUANTITY('0uaRyi84A1zgWVykyHjR6G',#2,'Qto_SpaceBaseQuantities',$,'Archicad BIM Base Quantities',(#574,#575,#576,#577,#578,#579,#580,#581,#583,#584,#586,#587,#596));
#403=IFCCONNECTIONSURFACEGEOMETRY(#594,$);
#402=IFCAXIS2PLACEMENT3D(#591,#592,#593);
#401=IFCCONNECTIONSURFACEGEOMETRY(#590,$);
#400=IFCCONNECTIONSURFACEGEOMETRY(#589,$);
#405=IFCPROPERTYSET('2Ku8rT$GMg05msj7fxpS26',#2,'Pset_SpaceCoveringRequirements',$,(#597));
#406=IFCCONNECTIONSURFACEGEOMETRY(#598,$);
#408=IFCCONNECTIONSURFACEGEOMETRY(#601,$);
#409=IFCCONNECTIONSURFACEGEOMETRY(#602,$);
#410=IFCELEMENTQUANTITY('2W$5S7pze7f853HnUbL9Bc',#2,'Qto_SpaceBaseQuantities',$,'Archicad BIM Base Quantities',(#603,#604,#605,#606,#607,#608,#609,#610,#611,#612,#613,#614,#615));
#412=IFCCONNECTIONSURFACEGEOMETRY(#618,$);
#411=IFCCONNECTIONSURFACEGEOMETRY(#616,$);
#397=IFCAXIS2PLACEMENT3D(#599,#600,#623);
#414=IFCCONNECTIONSURFACEGEOMETRY(#624,$);
#407=IFCPROPERTYSET('22ZHm0pBGS1mneXphle6z1',#2,'Pset_SpaceOccupancyRequirements',$,(#617,#621));
#419=IFCPROPERTYSET('0_6cI0O425r8fAb3ycXU3i',#2,'Pset_SpaceCoveringRequirements',$,(#631));
#418=IFCPROPERTYSET('0hZJmr4CUihwSCg88YtEDU',#2,'Pset_SpaceCommon',$,(#630));
#417=IFCAXIS2PLACEMENT3D(#627,#628,#629);
#416=IFCCONNECTIONSURFACEGEOMETRY(#626,$);
#413=IFCAXIS2PLACEMENT3D(#619,#620,#622);
#415=IFCVIRTUALELEMENT('1ui8beyRXWWJiHRfbOD8dP',#2,$,$,$,#625,$,$);
#423=IFCCONNECTIONSURFACEGEOMETRY(#634,$);
#422=IFCVIRTUALELEMENT('2jH70f2ywaDnyb2QcDUag_',#2,$,$,$,#633,$,$);
#420=IFCPROPERTYSET('1LFt3wJZs0RLbefSwpoe2a',#2,'Pset_SpaceOccupancyRequirements',$,(#632,#635));
#429=IFCCONNECTIONSURFACEGEOMETRY(#654,$);
#428=IFCCONNECTIONSURFACEGEOMETRY(#653,$);
#425=IFCCONNECTIONSURFACEGEOMETRY(#649,$);
#427=IFCCONNECTIONSURFACEGEOMETRY(#652,$);
#426=IFCCONNECTIONSURFACEGEOMETRY(#651,$);
#424=IFCVIRTUALELEMENT('1njN05Rmx5OrKBUcK8YDc_',#2,$,$,$,#650,$,$);
#421=IFCELEMENTQUANTITY('2nBOotnHhFJT6PAZ9sgU1F',#2,'Qto_SpaceBaseQuantities',$,'Archicad BIM Base Quantities',(#636,#637,#638,#639,#640,#641,#642,#643,#644,#645,#646,#647,#648));
#430=IFCSPACETYPE('2QLa_PVQnTIp_9p22QqKKR',#2,'Ba\X\F1os',$,$,$,$,'9A564F99-7DAC-5D4B-3F89-CC209AD1451B',$,.SPACE.,$);
#432=IFCCLASSIFICATIONREFERENCE($,'','Ba\X\F1os',$,$,$);
#431=IFCPROPERTYSET('24TvL$7GFKyfytAnYHVRDl',#2,'Pset_SpaceCommon',$,(#655));
#434=IFCPROPERTYSET('0Y1av6u3EtSQ8BFC25WTrn',#2,'Pset_SpaceOccupancyRequirements',$,(#656,#657));
#438=IFCCONNECTIONSURFACEGEOMETRY(#660,$);
#436=IFCCONNECTIONSURFACEGEOMETRY(#659,$);
#433=IFCPROPERTYSET('0jiZ2rB6knPLBCxZkFHFRw',#2,'Pset_SpaceCoveringRequirements',$,(#658));
#437=IFCVIRTUALELEMENT('1nu66HEkG9h64DJ2JYpSXK',#2,$,$,$,#663,$,$);
#440=IFCVIRTUALELEMENT('3iBsPz9uFt4AXF4SmqPx4n',#2,$,$,$,#665,$,$);
#439=IFCCONNECTIONSURFACEGEOMETRY(#666,$);
#442=IFCCONNECTIONSURFACEGEOMETRY(#667,$);
#445=IFCSPACETYPE('3RpLuAuZzMBFucd_Lf0xMJ',#2,'Circulaciones',$,$,$,$,'DBCD5E0A-E23F-562C-FE26-9FE56903B593',$,.SPACE.,$);
#444=IFCCONNECTIONSURFACEGEOMETRY(#671,$);
#443=IFCAXIS2PLACEMENT3D(#668,#669,#670);
#448=IFCCONNECTIONSURFACEGEOMETRY(#685,$);
#447=IFCVIRTUALELEMENT('1ulojQKtRjPtXt4$UF_jr9',#2,$,$,$,#684,$,$);
#441=IFCCONNECTIONSURFACEGEOMETRY(#683,$);
#435=IFCELEMENTQUANTITY('17TywWitl0tLI8L13Vo9Qs',#2,'Qto_SpaceBaseQuantities',$,'Archicad BIM Base Quantities',(#661,#662,#664,#672,#673,#674,#675,#676,#677,#678,#679,#680,#681));
#446=IFCPROPERTYSET('2ZmRWNbhssRKzMTUI8DYtV',#2,'Pset_SpaceCommon',$,(#682));
#455=IFCCONNECTIONSURFACEGEOMETRY(#690,$);
#465=IFCCONNECTIONSURFACEGEOMETRY(#713,$);
#464=IFCCONNECTIONSURFACEGEOMETRY(#712,$);
#463=IFCVIRTUALELEMENT('1FpqxazD$EAsi8mSjCBYzF',#2,$,$,$,#711,$,$);
#451=IFCELEMENTQUANTITY('0CYj6Jfobp0jPJUXgBTYLP',#2,'Qto_SpaceBaseQuantities',$,'Archicad BIM Base Quantities',(#698,#699,#700,#701,#702,#703,#704,#705,#706,#707,#708,#709,#710));
#462=IFCCONNECTIONSURFACEGEOMETRY(#697,$);
#461=IFCVIRTUALELEMENT('1we7DPgiONh4_U5hmaNumk',#2,$,$,$,#696,$,$);
#460=IFCCONNECTIONSURFACEGEOMETRY(#695,$);
#459=IFCCONNECTIONSURFACEGEOMETRY(#694,$);
#458=IFCVIRTUALELEMENT('02oRTIId4cWy8JEX6ShUFF',#2,$,$,$,#693,$,$);
#457=IFCCONNECTIONSURFACEGEOMETRY(#692,$);
#456=IFCCONNECTIONSURFACEGEOMETRY(#691,$);
#454=IFCVIRTUALELEMENT('3IGQDM$D3rzvHiYoJMqwYZ',#2,$,$,$,#689,$,$);
#452=IFCCLASSIFICATIONREFERENCE($,'','Circulaciones',$,$,$);
#450=IFCPROPERTYSET('3Nf9K70CT9SHc6sCII0GJc',#2,'Pset_SpaceOccupancyRequirements',$,(#687,#688));
#449=IFCPROPERTYSET('0t0qJ28z64httsFcLmEYrB',#2,'Pset_SpaceCoveringRequirements',$,(#686));
#473=IFCCONNECTIONSURFACEGEOMETRY(#722,$);
#472=IFCCONNECTIONSURFACEGEOMETRY(#721,$);
#471=IFCCONNECTIONSURFACEGEOMETRY(#720,$);
#466=IFCCONNECTIONSURFACEGEOMETRY(#714,$);
#467=IFCCONNECTIONSURFACEGEOMETRY(#715,$);
#470=IFCCONNECTIONSURFACEGEOMETRY(#719,$);
#469=IFCCONNECTIONSURFACEGEOMETRY(#718,$);
#468=IFCCONNECTIONSURFACEGEOMETRY(#717,$);
#453=IFCVIRTUALELEMENT('1WWPB6onj$$skCv5rMYL5e',#2,$,$,$,#716,$,$);
#475=IFCCONNECTIONSURFACEGEOMETRY(#723,$);
#476=IFCCONNECTIONSURFACEGEOMETRY(#724,$);
#477=IFCCONNECTIONSURFACEGEOMETRY(#725,$);
#478=IFCCONNECTIONSURFACEGEOMETRY(#726,$);
#480=IFCPROPERTYSET('2sMKz_13YH8DB5$a1GpM5J',#2,'Pset_SpaceCoveringRequirements',$,(#729));
#474=IFCCONNECTIONSURFACEGEOMETRY(#728,$);
#479=IFCAXIS2PLACEMENT3D(#727,#742,#743);
#483=IFCCONNECTIONSURFACEGEOMETRY(#744,$);
#481=IFCELEMENTQUANTITY('2kmtDhh$m01vGNhEoHr6ex',#2,'Qto_SpaceBaseQuantities',$,'Archicad BIM Base Quantities',(#730,#731,#732,#733,#734,#735,#736,#737,#738,#739,#740,#741,#745));
#491=IFCCONNECTIONSURFACEGEOMETRY(#755,$);
#484=IFCPROPERTYSET('2_3I$Vokhwv172HfUfkf9u',#2,'Pset_SpaceOccupancyRequirements',$,(#753,#754));
#489=IFCCONNECTIONSURFACEGEOMETRY(#750,$);
#488=IFCCONNECTIONSURFACEGEOMETRY(#749,$);
#487=IFCCONNECTIONSURFACEGEOMETRY(#748,$);
#486=IFCCONNECTIONSURFACEGEOMETRY(#747,$);
#485=IFCCONNECTIONSURFACEGEOMETRY(#746,$);
#482=IFCPROPERTYSET('2Hv1CHgFyE2GDfD2ABqLoZ',#2,'Pset_SpaceCommon',$,(#752));
#490=IFCAXIS2PLACEMENT3D(#751,#756,#757);
#492=IFCPROPERTYSET('0tPkpkiJfLZt7TJB_WwsF_',#2,'Pset_SpaceCommon',$,(#759));
#494=IFCPROPERTYSET('0NKtBHxp04kBv7geU7Nq2r',#2,'Pset_SpaceOccupancyRequirements',$,(#760,#761));
#493=IFCPROPERTYSET('0t2$HH0CrojdlA09abDvis',#2,'Pset_SpaceCoveringRequirements',$,(#758));
#497=IFCCONNECTIONSURFACEGEOMETRY(#765,$);
#498=IFCCONNECTIONSURFACEGEOMETRY(#773,$);
#499=IFCCONNECTIONSURFACEGEOMETRY(#775,$);
#496=IFCCONNECTIONSURFACEGEOMETRY(#774,$);
#500=IFCCONNECTIONSURFACEGEOMETRY(#776,$);
#502=IFCCONNECTIONSURFACEGEOMETRY(#778,$);
#501=IFCCONNECTIONSURFACEGEOMETRY(#781,$);
#495=IFCELEMENTQUANTITY('2GDHHzRqgRdMABaB9vR_7L',#2,'Qto_SpaceBaseQuantities',$,'Archicad BIM Base Quantities',(#762,#763,#764,#766,#767,#768,#769,#770,#771,#772,#777,#779,#780));
#503=IFCCARTESIANPOINT((0.,0.,0.));
#504=IFCDIRECTION((0.,0.,1.));
#505=IFCDIRECTION((1.,0.,0.));
#507=IFCCARTESIANPOINT((2999.999999999999,6000.,100.));
#508=IFCDIRECTION((0.,0.,1.));
#506=IFCAXIS2PLACEMENT3D(#782,#783,#784);
#511=IFCPROPERTYSINGLEVALUE('FloorCoveringThickness',$,IFCPOSITIVELENGTHMEASURE(100.),$);
#510=IFCELEMENTQUANTITY('12dgCydrmtNRhrFDiwRwPX',#2,'Qto_BuildingBaseQuantities',$,'Archicad BIM Base Quantities',(#785));
#509=IFCDIRECTION((1.,0.,0.));
#517=IFCQUANTITYLENGTH('FinishCeilingHeight',$,$,3200.,$);
#512=IFCRELDEFINESBYPROPERTIES('2ISvUWUpvBIL0BTT9kK$4j',#2,$,$,(#359),#788);
#516=IFCQUANTITYLENGTH('Height',$,$,3200.,$);
#515=IFCCURVEBOUNDEDPLANE(#786,#787,());
#514=IFCPROPERTYSINGLEVALUE('Reference',$,IFCIDENTIFIER('Espacio'),$);
#518=IFCQUANTITYLENGTH('FinishFloorHeight',$,$,100.,$);
#519=IFCQUANTITYAREA('GrossFloorArea',$,$,9.000000000000004,$);
#529=IFCPROPERTYSINGLEVALUE('OccupancyNumber',$,IFCCOUNTMEASURE(1.),$);
#530=IFCPROPERTYSINGLEVALUE('AreaPerOccupant',$,IFCAREAMEASURE(6.),$);
#528=IFCQUANTITYVOLUME('NetVolume',$,$,28.80000000000001,$);
#527=IFCQUANTITYVOLUME('GrossVolume',$,$,28.80000000000001,$);
#526=IFCQUANTITYLENGTH('NetPerimeter',$,$,12000.,$);
#525=IFCQUANTITYLENGTH('GrossPerimeter',$,$,12000.,$);
#524=IFCQUANTITYAREA('NetWallArea',$,$,0.6399999999999991,$);
#523=IFCQUANTITYAREA('GrossWallArea',$,$,0.6399999999999991,$);
#522=IFCQUANTITYAREA('NetCeilingArea',$,$,9.000000000000004,$);
#521=IFCQUANTITYAREA('GrossCeilingArea',$,$,9.000000000000004,$);
#520=IFCQUANTITYAREA('NetFloorArea',$,$,9.000000000000004,$);
#513=IFCLOCALPLACEMENT($,#789);
#539=IFCPROPERTYSINGLEVALUE('AreaPerOccupant',$,IFCAREAMEASURE(6.),$);
#538=IFCPROPERTYSINGLEVALUE('OccupancyNumber',$,IFCCOUNTMEASURE(2.),$);
#535=IFCCLASSIFICATION('www.graphisoft.com','v 2.0','2019-03-15','Clasificaci\X\F3n de Archicad',$,'www.graphisoft.com',$);
#534=IFCCURVEBOUNDEDPLANE(#796,#797,());
#533=IFCCURVEBOUNDEDPLANE(#793,#794,(#795));
#532=IFCCURVEBOUNDEDPLANE(#791,#792,());
#531=IFCLOCALPLACEMENT($,#790);
#546=IFCQUANTITYLENGTH('FinishCeilingHeight',$,$,3200.,$);
#544=IFCLOCALPLACEMENT($,#802);
#545=IFCQUANTITYLENGTH('Height',$,$,3200.,$);
#543=IFCPROPERTYSINGLEVALUE('FloorCoveringThickness',$,IFCPOSITIVELENGTHMEASURE(100.),$);
#537=IFCPROPERTYSINGLEVALUE('Reference',$,IFCIDENTIFIER('Espacio'),$);
#542=IFCLOCALPLACEMENT($,#801);
#541=IFCCURVEBOUNDEDPLANE(#799,#800,());
#540=IFCLOCALPLACEMENT($,#798);
#547=IFCQUANTITYLENGTH('FinishFloorHeight',$,$,100.,$);
#548=IFCQUANTITYAREA('GrossFloorArea',$,$,12.,$);
#549=IFCQUANTITYAREA('NetFloorArea',$,$,12.,$);
#550=IFCQUANTITYAREA('GrossCeilingArea',$,$,12.,$);
#551=IFCQUANTITYAREA('NetCeilingArea',$,$,12.,$);
#536=IFCCURVEBOUNDEDPLANE(#803,#804,());
#552=IFCQUANTITYAREA('GrossWallArea',$,$,0.6399999999999948,$);
#560=IFCDIRECTION((0.,0.,1.));
#561=IFCDIRECTION((1.,0.,0.));
#558=IFCCURVEBOUNDEDPLANE(#805,#806,());
#557=IFCQUANTITYVOLUME('NetVolume',$,$,38.39999999999999,$);
#556=IFCQUANTITYVOLUME('GrossVolume',$,$,38.4,$);
#555=IFCQUANTITYLENGTH('NetPerimeter',$,$,14000.,$);
#553=IFCQUANTITYAREA('NetWallArea',$,$,0.6399999999999948,$);
#554=IFCQUANTITYLENGTH('GrossPerimeter',$,$,14000.,$);
#559=IFCCARTESIANPOINT((8000.,6000.,100.));
#566=IFCCURVEBOUNDEDPLANE(#813,#814,());
#565=IFCCURVEBOUNDEDPLANE(#811,#812,());
#564=IFCCURVEBOUNDEDPLANE(#809,#810,());
#563=IFCCURVEBOUNDEDPLANE(#807,#808,());
#567=IFCCURVEBOUNDEDPLANE(#816,#817,(#818));
#574=IFCQUANTITYLENGTH('Height',$,$,3200.,$);
#572=IFCPROPERTYSINGLEVALUE('AreaPerOccupant',$,IFCAREAMEASURE(6.),$);
#576=IFCQUANTITYLENGTH('FinishFloorHeight',$,$,100.,$);
#571=IFCPROPERTYSINGLEVALUE('OccupancyNumber',$,IFCCOUNTMEASURE(1.),$);
#575=IFCQUANTITYLENGTH('FinishCeilingHeight',$,$,3200.,$);
#562=IFCLOCALPLACEMENT($,#815);
#570=IFCPROPERTYSINGLEVALUE('FloorCoveringThickness',$,IFCPOSITIVELENGTHMEASURE(100.),$);
#569=IFCPROPERTYSINGLEVALUE('Reference',$,IFCIDENTIFIER('Espacio'),$);
#568=IFCCOLOURRGB($,0.9411764705882353,0.9686274509803922,0.9529411764705882);
#590=IFCCURVEBOUNDEDPLANE(#828,#829,());
#587=IFCQUANTITYVOLUME('GrossVolume',$,$,28.8,$);
#589=IFCCURVEBOUNDEDPLANE(#826,#827,());
#588=IFCCURVEBOUNDEDPLANE(#824,#825,());
#586=IFCQUANTITYLENGTH('NetPerimeter',$,$,12000.,$);
#584=IFCQUANTITYLENGTH('GrossPerimeter',$,$,12000.,$);
#585=IFCCURVEBOUNDEDPLANE(#822,#823,());
#582=IFCCURVEBOUNDEDPLANE(#820,#821,());
#583=IFCQUANTITYAREA('NetWallArea',$,$,1.439999999999995,$);
#581=IFCQUANTITYAREA('GrossWallArea',$,$,1.439999999999995,$);
#573=IFCLOCALPLACEMENT($,#819);
#580=IFCQUANTITYAREA('NetCeilingArea',$,$,9.,$);
#579=IFCQUANTITYAREA('GrossCeilingArea',$,$,9.,$);
#578=IFCQUANTITYAREA('NetFloorArea',$,$,9.,$);
#577=IFCQUANTITYAREA('GrossFloorArea',$,$,9.,$);
#593=IFCDIRECTION((0.,1.,0.));
#592=IFCDIRECTION((0.,0.,1.));
#591=IFCCARTESIANPOINT((2999.999999999999,6000.,100.));
#597=IFCPROPERTYSINGLEVALUE('FloorCoveringThickness',$,IFCPOSITIVELENGTHMEASURE(100.),$);
#596=IFCQUANTITYVOLUME('NetVolume',$,$,28.8,$);
#595=IFCPROPERTYSINGLEVALUE('Reference',$,IFCIDENTIFIER('Espacio'),$);
#594=IFCCURVEBOUNDEDPLANE(#830,#831,());
#600=IFCDIRECTION((0.,0.,1.));
#599=IFCCARTESIANPOINT((12000.,6000.,100.));
#613=IFCQUANTITYLENGTH('NetPerimeter',$,$,12000.,$);
#612=IFCQUANTITYLENGTH('GrossPerimeter',$,$,12000.,$);
#611=IFCQUANTITYAREA('NetWallArea',$,$,1.44,$);
#610=IFCQUANTITYAREA('GrossWallArea',$,$,1.44,$);
#609=IFCQUANTITYAREA('NetCeilingArea',$,$,8.999999999999998,$);
#608=IFCQUANTITYAREA('GrossCeilingArea',$,$,8.999999999999998,$);
#607=IFCQUANTITYAREA('NetFloorArea',$,$,8.999999999999998,$);
#606=IFCQUANTITYAREA('GrossFloorArea',$,$,8.999999999999998,$);
#605=IFCQUANTITYLENGTH('FinishFloorHeight',$,$,100.,$);
#604=IFCQUANTITYLENGTH('FinishCeilingHeight',$,$,3200.,$);
#603=IFCQUANTITYLENGTH('Height',$,$,3200.,$);
#602=IFCCURVEBOUNDEDPLANE(#836,#837,());
#614=IFCQUANTITYVOLUME('GrossVolume',$,$,28.79999999999999,$);
#601=IFCCURVEBOUNDEDPLANE(#834,#835,());
#598=IFCCURVEBOUNDEDPLANE(#832,#833,());
#616=IFCCURVEBOUNDEDPLANE(#838,#839,());
#617=IFCPROPERTYSINGLEVALUE('OccupancyNumber',$,IFCCOUNTMEASURE(1.),$);
#618=IFCCURVEBOUNDEDPLANE(#840,#841,());
#627=IFCCARTESIANPOINT((5999.999999999998,0.,100.));
#615=IFCQUANTITYVOLUME('NetVolume',$,$,28.79999999999999,$);
#624=IFCCURVEBOUNDEDPLANE(#842,#843,());
#623=IFCDIRECTION((1.,0.,0.));
#622=IFCDIRECTION((0.,-1.,0.));
#621=IFCPROPERTYSINGLEVALUE('AreaPerOccupant',$,IFCAREAMEASURE(6.),$);
#620=IFCDIRECTION((0.,0.,1.));
#619=IFCCARTESIANPOINT((12000.,4000.,100.));
#628=IFCDIRECTION((0.,0.,1.));
#625=IFCLOCALPLACEMENT($,#846);
#629=IFCDIRECTION((0.,1.,0.));
#630=IFCPROPERTYSINGLEVALUE('Reference',$,IFCIDENTIFIER('Espacio'),$);
#626=IFCCURVEBOUNDEDPLANE(#844,#845,());
#631=IFCPROPERTYSINGLEVALUE('FloorCoveringThickness',$,IFCPOSITIVELENGTHMEASURE(100.),$);
#633=IFCLOCALPLACEMENT($,#847);
#634=IFCCURVEBOUNDEDPLANE(#848,#849,());
#635=IFCPROPERTYSINGLEVALUE('AreaPerOccupant',$,IFCAREAMEASURE(6.),$);
#636=IFCQUANTITYLENGTH('Height',$,$,3200.,$);
#632=IFCPROPERTYSINGLEVALUE('OccupancyNumber',$,IFCCOUNTMEASURE(2.),$);
#637=IFCQUANTITYLENGTH('FinishCeilingHeight',$,$,3200.,$);
#638=IFCQUANTITYLENGTH('FinishFloorHeight',$,$,100.,$);
#639=IFCQUANTITYAREA('GrossFloorArea',$,$,12.,$);
#640=IFCQUANTITYAREA('NetFloorArea',$,$,12.,$);
#642=IFCQUANTITYAREA('NetCeilingArea',$,$,12.,$);
#648=IFCQUANTITYVOLUME('NetVolume',$,$,38.39999999999999,$);
#647=IFCQUANTITYVOLUME('GrossVolume',$,$,38.4,$);
#646=IFCQUANTITYLENGTH('NetPerimeter',$,$,14000.,$);
#645=IFCQUANTITYLENGTH('GrossPerimeter',$,$,14000.,$);
#644=IFCQUANTITYAREA('NetWallArea',$,$,0.64,$);
#643=IFCQUANTITYAREA('GrossWallArea',$,$,0.64,$);
#641=IFCQUANTITYAREA('GrossCeilingArea',$,$,12.,$);
#650=IFCLOCALPLACEMENT($,#850);
#649=IFCCURVEBOUNDEDPLANE(#853,#854,());
#653=IFCCURVEBOUNDEDPLANE(#855,#856,());
#651=IFCCURVEBOUNDEDPLANE(#851,#852,());
#654=IFCCURVEBOUNDEDPLANE(#857,#861,());
#656=IFCPROPERTYSINGLEVALUE('OccupancyNumber',$,IFCCOUNTMEASURE(0.),$);
#655=IFCPROPERTYSINGLEVALUE('Reference',$,IFCIDENTIFIER('Espacio'),$);
#652=IFCCURVEBOUNDEDPLANE(#858,#859,(#860));
#659=IFCCURVEBOUNDEDPLANE(#862,#863,());
#660=IFCCURVEBOUNDEDPLANE(#864,#865,());
#670=IFCDIRECTION((1.,0.,0.));
#669=IFCDIRECTION((0.,0.,1.));
#668=IFCCARTESIANPOINT((0.,0.,100.));
#666=IFCCURVEBOUNDEDPLANE(#868,#869,());
#667=IFCCURVEBOUNDEDPLANE(#870,#871,());
#657=IFCPROPERTYSINGLEVALUE('AreaPerOccupant',$,IFCAREAMEASURE(6.),$);
#665=IFCLOCALPLACEMENT($,#867);
#664=IFCQUANTITYLENGTH('FinishFloorHeight',$,$,100.,$);
#663=IFCLOCALPLACEMENT($,#866);
#662=IFCQUANTITYLENGTH('FinishCeilingHeight',$,$,3200.,$);
#661=IFCQUANTITYLENGTH('Height',$,$,3200.,$);
#658=IFCPROPERTYSINGLEVALUE('FloorCoveringThickness',$,IFCPOSITIVELENGTHMEASURE(100.),$);
#674=IFCQUANTITYAREA('GrossCeilingArea',$,$,2.324544181027671,$);
#673=IFCQUANTITYAREA('NetFloorArea',$,$,2.324544181027671,$);
#672=IFCQUANTITYAREA('GrossFloorArea',$,$,2.324544181027671,$);
#671=IFCCURVEBOUNDEDPLANE(#872,#873,(#874));
#675=IFCQUANTITYAREA('NetCeilingArea',$,$,2.324544181027671,$);
#676=IFCQUANTITYAREA('GrossWallArea',$,$,0.64,$);
#677=IFCQUANTITYAREA('NetWallArea',$,$,0.64,$);
#678=IFCQUANTITYLENGTH('GrossPerimeter',$,$,6132.817545212542,$);
#679=IFCQUANTITYLENGTH('NetPerimeter',$,$,6132.817545212542,$);
#680=IFCQUANTITYVOLUME('GrossVolume',$,$,7.438541379288545,$);
#681=IFCQUANTITYVOLUME('NetVolume',$,$,7.438541379288544,$);
#682=IFCPROPERTYSINGLEVALUE('Reference',$,IFCIDENTIFIER('Espacio'),$);
#683=IFCCURVEBOUNDEDPLANE(#875,#876,());
#686=IFCPROPERTYSINGLEVALUE('FloorCoveringThickness',$,IFCPOSITIVELENGTHMEASURE(100.),$);
#687=IFCPROPERTYSINGLEVALUE('OccupancyNumber',$,IFCCOUNTMEASURE(10.),$);
#688=IFCPROPERTYSINGLEVALUE('AreaPerOccupant',$,IFCAREAMEASURE(6.),$);
#692=IFCCURVEBOUNDEDPLANE(#884,#886,());
#693=IFCLOCALPLACEMENT($,#885);
#691=IFCCURVEBOUNDEDPLANE(#882,#883,());
#690=IFCCURVEBOUNDEDPLANE(#880,#881,());
#684=IFCLOCALPLACEMENT($,#877);
#689=IFCLOCALPLACEMENT($,#879);
#685=IFCCURVEBOUNDEDPLANE(#878,#887,());
#694=IFCCURVEBOUNDEDPLANE(#888,#889,());
#697=IFCCURVEBOUNDEDPLANE(#891,#892,());
#698=IFCQUANTITYLENGTH('Height',$,$,3200.,$);
#699=IFCQUANTITYLENGTH('FinishCeilingHeight',$,$,3200.,$);
#700=IFCQUANTITYLENGTH('FinishFloorHeight',$,$,100.,$);
#695=IFCCURVEBOUNDEDPLANE(#890,#893,());
#701=IFCQUANTITYAREA('GrossFloorArea',$,$,60.00000000000001,$);
#703=IFCQUANTITYAREA('GrossCeilingArea',$,$,60.00000000000001,$);
#702=IFCQUANTITYAREA('NetFloorArea',$,$,60.00000000000001,$);
#704=IFCQUANTITYAREA('NetCeilingArea',$,$,60.00000000000001,$);
#705=IFCQUANTITYAREA('GrossWallArea',$,$,3.680000000000018,$);
#706=IFCQUANTITYAREA('NetWallArea',$,$,3.680000000000018,$);
#707=IFCQUANTITYLENGTH('GrossPerimeter',$,$,56000.,$);
#708=IFCQUANTITYLENGTH('NetPerimeter',$,$,56000.,$);
#709=IFCQUANTITYVOLUME('GrossVolume',$,$,192.,$);
#710=IFCQUANTITYVOLUME('NetVolume',$,$,192.,$);
#711=IFCLOCALPLACEMENT($,#894);
#696=IFCLOCALPLACEMENT($,#895);
#712=IFCCURVEBOUNDEDPLANE(#896,#897,());
#714=IFCCURVEBOUNDEDPLANE(#898,#899,());
#715=IFCCURVEBOUNDEDPLANE(#900,#901,());
#713=IFCCURVEBOUNDEDPLANE(#903,#904,());
#717=IFCCURVEBOUNDEDPLANE(#905,#906,());
#716=IFCLOCALPLACEMENT($,#902);
#721=IFCCURVEBOUNDEDPLANE(#913,#914,());
#720=IFCCURVEBOUNDEDPLANE(#911,#912,());
#719=IFCCURVEBOUNDEDPLANE(#909,#910,());
#718=IFCCURVEBOUNDEDPLANE(#907,#908,());
#723=IFCCURVEBOUNDEDPLANE(#915,#916,(#917));
#722=IFCCURVEBOUNDEDPLANE(#918,#919,());
#729=IFCPROPERTYSINGLEVALUE('FloorCoveringThickness',$,IFCPOSITIVELENGTHMEASURE(100.),$);
#724=IFCCURVEBOUNDEDPLANE(#926,#927,());
#728=IFCCURVEBOUNDEDPLANE(#924,#925,());
#727=IFCCARTESIANPOINT((2999.999999999999,0.,100.));
#726=IFCCURVEBOUNDEDPLANE(#922,#923,());
#725=IFCCURVEBOUNDEDPLANE(#920,#921,());
#744=IFCCURVEBOUNDEDPLANE(#928,#929,());
#743=IFCDIRECTION((1.,0.,0.));
#742=IFCDIRECTION((0.,0.,1.));
#741=IFCQUANTITYVOLUME('GrossVolume',$,$,30.96145862071146,$);
#740=IFCQUANTITYLENGTH('NetPerimeter',$,$,14000.,$);
#739=IFCQUANTITYLENGTH('GrossPerimeter',$,$,14000.,$);
#737=IFCQUANTITYAREA('GrossWallArea',$,$,0.8000000000000023,$);
#738=IFCQUANTITYAREA('NetWallArea',$,$,0.8000000000000023,$);
#736=IFCQUANTITYAREA('NetCeilingArea',$,$,9.675455818972331,$);
#735=IFCQUANTITYAREA('GrossCeilingArea',$,$,9.675455818972331,$);
#734=IFCQUANTITYAREA('NetFloorArea',$,$,9.675455818972331,$);
#733=IFCQUANTITYAREA('GrossFloorArea',$,$,9.675455818972331,$);
#732=IFCQUANTITYLENGTH('FinishFloorHeight',$,$,100.,$);
#731=IFCQUANTITYLENGTH('FinishCeilingHeight',$,$,3200.,$);
#730=IFCQUANTITYLENGTH('Height',$,$,3200.,$);
#745=IFCQUANTITYVOLUME('NetVolume',$,$,30.96145862071145,$);
#748=IFCCURVEBOUNDEDPLANE(#934,#935,());
#747=IFCCURVEBOUNDEDPLANE(#932,#933,());
#749=IFCCURVEBOUNDEDPLANE(#936,#937,(#938));
#746=IFCCURVEBOUNDEDPLANE(#930,#931,());
#750=IFCCURVEBOUNDEDPLANE(#939,#940,());
#757=IFCDIRECTION((-1.,0.,0.));
#756=IFCDIRECTION((0.,0.,1.));
#754=IFCPROPERTYSINGLEVALUE('AreaPerOccupant',$,IFCAREAMEASURE(6.),$);
#755=IFCCURVEBOUNDEDPLANE(#941,#942,());
#753=IFCPROPERTYSINGLEVALUE('OccupancyNumber',$,IFCCOUNTMEASURE(1.),$);
#752=IFCPROPERTYSINGLEVALUE('Reference',$,IFCIDENTIFIER('Espacio'),$);
#751=IFCCARTESIANPOINT((12000.,4000.,100.));
#758=IFCPROPERTYSINGLEVALUE('FloorCoveringThickness',$,IFCPOSITIVELENGTHMEASURE(100.),$);
#775=IFCCURVEBOUNDEDPLANE(#945,#946,());
#776=IFCCURVEBOUNDEDPLANE(#947,#948,());
#772=IFCQUANTITYLENGTH('GrossPerimeter',$,$,14000.,$);
#771=IFCQUANTITYAREA('NetWallArea',$,$,1.28,$);
#770=IFCQUANTITYAREA('GrossWallArea',$,$,1.28,$);
#760=IFCPROPERTYSINGLEVALUE('OccupancyNumber',$,IFCCOUNTMEASURE(2.),$);
#769=IFCQUANTITYAREA('NetCeilingArea',$,$,12.,$);
#768=IFCQUANTITYAREA('GrossCeilingArea',$,$,12.,$);
#767=IFCQUANTITYAREA('NetFloorArea',$,$,12.,$);
#765=IFCCURVEBOUNDEDPLANE(#943,#944,());
#766=IFCQUANTITYAREA('GrossFloorArea',$,$,12.,$);
#764=IFCQUANTITYLENGTH('FinishFloorHeight',$,$,100.,$);
#763=IFCQUANTITYLENGTH('FinishCeilingHeight',$,$,3200.,$);
#762=IFCQUANTITYLENGTH('Height',$,$,3200.,$);
#759=IFCPROPERTYSINGLEVALUE('Reference',$,IFCIDENTIFIER('Espacio'),$);
#761=IFCPROPERTYSINGLEVALUE('AreaPerOccupant',$,IFCAREAMEASURE(6.),$);
#774=IFCCURVEBOUNDEDPLANE(#949,#950,());
#777=IFCQUANTITYLENGTH('NetPerimeter',$,$,14000.,$);
#773=IFCCURVEBOUNDEDPLANE(#951,#952,());
#793=IFCPLANE(#968);
#792=IFCCOMPOSITECURVE((#967),.F.);
#791=IFCPLANE(#966);
#790=IFCAXIS2PLACEMENT3D(#963,#964,#965);
#789=IFCAXIS2PLACEMENT3D(#960,#961,#962);
#787=IFCCOMPOSITECURVE((#959),.F.);
#786=IFCPLANE(#958);
#785=IFCQUANTITYAREA('GrossFloorArea',$,$,135.,$);
#784=IFCDIRECTION((1.,0.,0.));
#783=IFCDIRECTION((0.,0.,1.));
#782=IFCCARTESIANPOINT((0.,0.,0.));
#779=IFCQUANTITYVOLUME('GrossVolume',$,$,38.4,$);
#781=IFCCURVEBOUNDEDPLANE(#956,#957,());
#778=IFCCURVEBOUNDEDPLANE(#953,#954,(#955));
#780=IFCQUANTITYVOLUME('NetVolume',$,$,38.39999999999999,$);
#788=IFCELEMENTQUANTITY('07Fx_nB2nRs3xagVqHGVeb',#2,'Qto_BuildingStoreyBaseQuantities',$,'Archicad BIM Base Quantities',(#971,#972,#973));
#794=IFCCOMPOSITECURVE((#969),.F.);
#797=IFCCOMPOSITECURVE((#975),.F.);
#796=IFCPLANE(#974);
#799=IFCPLANE(#976);
#800=IFCCOMPOSITECURVE((#977),.F.);
#795=IFCCOMPOSITECURVE((#970),.F.);
#798=IFCAXIS2PLACEMENT3D(#978,#979,#980);
#801=IFCAXIS2PLACEMENT3D(#981,#982,#983);
#802=IFCAXIS2PLACEMENT3D(#984,#985,#986);
#803=IFCPLANE(#987);
#804=IFCCOMPOSITECURVE((#988),.F.);
#806=IFCCOMPOSITECURVE((#989),.F.);
#807=IFCPLANE(#990);
#805=IFCPLANE(#991);
#817=IFCCOMPOSITECURVE((#1003),.F.);
#816=IFCPLANE(#1002);
#815=IFCAXIS2PLACEMENT3D(#999,#1000,#1001);
#814=IFCCOMPOSITECURVE((#998),.F.);
#813=IFCPLANE(#997);
#812=IFCCOMPOSITECURVE((#996),.F.);
#811=IFCPLANE(#995);
#810=IFCCOMPOSITECURVE((#994),.F.);
#809=IFCPLANE(#993);
#808=IFCCOMPOSITECURVE((#992),.F.);
#830=IFCPLANE(#1018);
#829=IFCCOMPOSITECURVE((#1017),.F.);
#828=IFCPLANE(#1016);
#818=IFCCOMPOSITECURVE((#1015),.F.);
#826=IFCPLANE(#1013);
#825=IFCCOMPOSITECURVE((#1012),.F.);
#824=IFCPLANE(#1011);
#823=IFCCOMPOSITECURVE((#1010),.F.);
#822=IFCPLANE(#1009);
#821=IFCCOMPOSITECURVE((#1008),.F.);
#820=IFCPLANE(#1007);
#819=IFCAXIS2PLACEMENT3D(#1004,#1005,#1006);
#827=IFCCOMPOSITECURVE((#1014),.F.);
#832=IFCPLANE(#1019);
#841=IFCCOMPOSITECURVE((#1028),.F.);
#840=IFCPLANE(#1027);
#839=IFCCOMPOSITECURVE((#1026),.F.);
#838=IFCPLANE(#1025);
#837=IFCCOMPOSITECURVE((#1024),.F.);
#831=IFCCOMPOSITECURVE((#1023),.F.);
#835=IFCCOMPOSITECURVE((#1022),.F.);
#834=IFCPLANE(#1021);
#833=IFCCOMPOSITECURVE((#1020),.F.);
#843=IFCCOMPOSITECURVE((#1029),.F.);
#844=IFCPLANE(#1031);
#847=IFCAXIS2PLACEMENT3D(#1036,#1037,#1038);
#846=IFCAXIS2PLACEMENT3D(#1033,#1034,#1035);
#845=IFCCOMPOSITECURVE((#1032),.F.);
#842=IFCPLANE(#1030);
#848=IFCPLANE(#1040);
#861=IFCCOMPOSITECURVE((#1053),.F.);
#849=IFCCOMPOSITECURVE((#1039),.F.);
#859=IFCCOMPOSITECURVE((#1052),.F.);
#858=IFCPLANE(#1051);
#857=IFCPLANE(#1050);
#856=IFCCOMPOSITECURVE((#1049),.F.);
#855=IFCPLANE(#1048);
#854=IFCCOMPOSITECURVE((#1047),.F.);
#853=IFCPLANE(#1046);
#852=IFCCOMPOSITECURVE((#1045),.F.);
#851=IFCPLANE(#1044);
#850=IFCAXIS2PLACEMENT3D(#1041,#1042,#1043);
#860=IFCCOMPOSITECURVE((#1054),.F.);
#864=IFCPLANE(#1056);
#836=IFCPLANE(#1055);
#865=IFCCOMPOSITECURVE((#1057),.F.);
#866=IFCAXIS2PLACEMENT3D(#1058,#1059,#1060);
#867=IFCAXIS2PLACEMENT3D(#1061,#1062,#1063);
#868=IFCPLANE(#1065);
#872=IFCPLANE(#1069);
#871=IFCCOMPOSITECURVE((#1068),.F.);
#870=IFCPLANE(#1067);
#869=IFCCOMPOSITECURVE((#1066),.F.);
#873=IFCCOMPOSITECURVE((#1070),.F.);
#874=IFCCOMPOSITECURVE((#1071),.F.);
#879=IFCAXIS2PLACEMENT3D(#1078,#1079,#1080);
#881=IFCCOMPOSITECURVE((#1082),.F.);
#880=IFCPLANE(#1081);
#862=IFCPLANE(#1064);
#878=IFCPLANE(#1077);
#877=IFCAXIS2PLACEMENT3D(#1074,#1075,#1076);
#876=IFCCOMPOSITECURVE((#1073),.F.);
#875=IFCPLANE(#1072);
#882=IFCPLANE(#1083);
#883=IFCCOMPOSITECURVE((#1084),.F.);
#863=IFCCOMPOSITECURVE((#1085),.F.);
#899=IFCCOMPOSITECURVE((#1106),.F.);
#898=IFCPLANE(#1105);
#897=IFCCOMPOSITECURVE((#1103),.F.);
#896=IFCPLANE(#1101);
#892=IFCCOMPOSITECURVE((#1099),.F.);
#894=IFCAXIS2PLACEMENT3D(#1097,#1098,#1100);
#893=IFCCOMPOSITECURVE((#1096),.F.);
#891=IFCPLANE(#1095);
#890=IFCPLANE(#1094);
#889=IFCCOMPOSITECURVE((#1093),.F.);
#888=IFCPLANE(#1092);
#887=IFCCOMPOSITECURVE((#1091),.F.);
#886=IFCCOMPOSITECURVE((#1090),.F.);
#885=IFCAXIS2PLACEMENT3D(#1087,#1088,#1089);
#884=IFCPLANE(#1086);
#895=IFCAXIS2PLACEMENT3D(#1102,#1104,#1108);
#901=IFCCOMPOSITECURVE((#1109),.F.);
#902=IFCAXIS2PLACEMENT3D(#1110,#1111,#1112);
#903=IFCPLANE(#1113);
#904=IFCCOMPOSITECURVE((#1114),.F.);
#905=IFCPLANE(#1115);
#906=IFCCOMPOSITECURVE((#1116),.F.);
#900=IFCPLANE(#1107);
#908=IFCCOMPOSITECURVE((#1117),.F.);
#909=IFCPLANE(#1118);
#910=IFCCOMPOSITECURVE((#1119),.F.);
#907=IFCPLANE(#1120);
#916=IFCCOMPOSITECURVE((#1126),.F.);
#915=IFCPLANE(#1125);
#914=IFCCOMPOSITECURVE((#1124),.F.);
#913=IFCPLANE(#1123);
#912=IFCCOMPOSITECURVE((#1122),.F.);
#926=IFCPLANE(#1136);
#911=IFCPLANE(#1121);
#925=IFCCOMPOSITECURVE((#1135),.F.);
#924=IFCPLANE(#1134);
#923=IFCCOMPOSITECURVE((#1133),.F.);
#922=IFCPLANE(#1132);
#921=IFCCOMPOSITECURVE((#1131),.F.);
#920=IFCPLANE(#1130);
#919=IFCCOMPOSITECURVE((#1129),.F.);
#918=IFCPLANE(#1128);
#917=IFCCOMPOSITECURVE((#1127),.F.);
#927=IFCCOMPOSITECURVE((#1137),.F.);
#928=IFCPLANE(#1138);
#943=IFCPLANE(#1152);
#942=IFCCOMPOSITECURVE((#1151),.F.);
#941=IFCPLANE(#1150);
#940=IFCCOMPOSITECURVE((#1149),.F.);
#939=IFCPLANE(#1148);
#936=IFCPLANE(#1146);
#935=IFCCOMPOSITECURVE((#1145),.F.);
#934=IFCPLANE(#1144);
#933=IFCCOMPOSITECURVE((#1143),.F.);
#932=IFCPLANE(#1142);
#931=IFCCOMPOSITECURVE((#1141),.F.);
#930=IFCPLANE(#1140);
#929=IFCCOMPOSITECURVE((#1139),.F.);
#944=IFCCOMPOSITECURVE((#1153),.F.);
#945=IFCPLANE(#1154);
#946=IFCCOMPOSITECURVE((#1155),.F.);
#937=IFCCOMPOSITECURVE((#1147),.F.);
#947=IFCPLANE(#1156);
#957=IFCCOMPOSITECURVE((#1165),.F.);
#948=IFCCOMPOSITECURVE((#1164),.F.);
#955=IFCCOMPOSITECURVE((#1163),.F.);
#954=IFCCOMPOSITECURVE((#1162),.F.);
#953=IFCPLANE(#1161);
#952=IFCCOMPOSITECURVE((#1160),.F.);
#951=IFCPLANE(#1159);
#950=IFCCOMPOSITECURVE((#1158),.F.);
#949=IFCPLANE(#1157);
#961=IFCDIRECTION((0.,0.,1.));
#960=IFCCARTESIANPOINT((6000.,9000.,100.));
#959=IFCCOMPOSITECURVESEGMENT(.CONTINUOUS.,.F.,#1169);
#958=IFCAXIS2PLACEMENT3D(#1166,#1167,#1168);
#956=IFCPLANE(#1171);
#938=IFCCOMPOSITECURVE((#1170),.F.);
#962=IFCDIRECTION((1.,0.,0.));
#963=IFCCARTESIANPOINT((3000.,6000.000000000001,3300.000000000001));
#965=IFCDIRECTION((1.,0.,0.));
#974=IFCAXIS2PLACEMENT3D(#1181,#1182,#1183);
#972=IFCQUANTITYLENGTH('GrossHeight',$,$,3500.,$);
#973=IFCQUANTITYAREA('GrossFloorArea',$,$,135.,$);
#971=IFCQUANTITYLENGTH('NetHeight',$,$,3500.,$);
#970=IFCCOMPOSITECURVESEGMENT(.CONTINUOUS.,.F.,#1180);
#969=IFCCOMPOSITECURVESEGMENT(.CONTINUOUS.,.F.,#1179);
#968=IFCAXIS2PLACEMENT3D(#1176,#1177,#1178);
#967=IFCCOMPOSITECURVESEGMENT(.CONTINUOUS.,.F.,#1175);
#966=IFCAXIS2PLACEMENT3D(#1172,#1173,#1174);
#964=IFCDIRECTION((0.,0.,1.));
#976=IFCAXIS2PLACEMENT3D(#1184,#1185,#1186);
#975=IFCCOMPOSITECURVESEGMENT(.CONTINUOUS.,.F.,#1187);
#979=IFCDIRECTION((0.,0.,1.));
#981=IFCCARTESIANPOINT((8000.,6000.,100.));
#980=IFCDIRECTION((1.,0.,0.));
#978=IFCCARTESIANPOINT((12000.00002980235,6000.000000000001,100.));
#982=IFCDIRECTION((0.,0.,1.));
#985=IFCDIRECTION((0.,0.,1.));
#984=IFCCARTESIANPOINT((2999.999999999999,9000.,100.));
#977=IFCCOMPOSITECURVESEGMENT(.CONTINUOUS.,.F.,#1188);
#983=IFCDIRECTION((1.,0.,0.));
#986=IFCDIRECTION((1.,0.,0.));
#988=IFCCOMPOSITECURVESEGMENT(.CONTINUOUS.,.F.,#1192);
#987=IFCAXIS2PLACEMENT3D(#1189,#1190,#1191);
#990=IFCAXIS2PLACEMENT3D(#1193,#1194,#1195);
#995=IFCAXIS2PLACEMENT3D(#1204,#1205,#1206);
#994=IFCCOMPOSITECURVESEGMENT(.CONTINUOUS.,.F.,#1203);
#993=IFCAXIS2PLACEMENT3D(#1200,#1201,#1202);
#992=IFCCOMPOSITECURVESEGMENT(.CONTINUOUS.,.F.,#1199);
#991=IFCAXIS2PLACEMENT3D(#1196,#1197,#1198);
#996=IFCCOMPOSITECURVESEGMENT(.CONTINUOUS.,.F.,#1207);
#1001=IFCDIRECTION((1.,0.,0.));
#989=IFCCOMPOSITECURVESEGMENT(.CONTINUOUS.,.F.,#1212);
#1000=IFCDIRECTION((0.,0.,1.));
#999=IFCCARTESIANPOINT((12000.,9000.,100.));
#998=IFCCOMPOSITECURVESEGMENT(.CONTINUOUS.,.F.,#1211);
#997=IFCAXIS2PLACEMENT3D(#1208,#1209,#1210);
#1007=IFCAXIS2PLACEMENT3D(#1216,#1217,#1218);
#1006=IFCDIRECTION((1.,0.,0.));
#1005=IFCDIRECTION((0.,0.,1.));
#1004=IFCCARTESIANPOINT((12000.00002980235,6000.000000000001,3300.000044703527));
#1002=IFCAXIS2PLACEMENT3D(#1213,#1214,#1215);
#1010=IFCCOMPOSITECURVESEGMENT(.CONTINUOUS.,.F.,#1221);
#1008=IFCCOMPOSITECURVESEGMENT(.CONTINUOUS.,.F.,#1220);
#1009=IFCAXIS2PLACEMENT3D(#1222,#1223,#1224);
#1011=IFCAXIS2PLACEMENT3D(#1225,#1226,#1227);
#1003=IFCCOMPOSITECURVESEGMENT(.CONTINUOUS.,.F.,#1219);
#1013=IFCAXIS2PLACEMENT3D(#1228,#1229,#1232);
#1017=IFCCOMPOSITECURVESEGMENT(.CONTINUOUS.,.F.,#1237);
#1016=IFCAXIS2PLACEMENT3D(#1234,#1235,#1236);
#1015=IFCCOMPOSITECURVESEGMENT(.CONTINUOUS.,.F.,#1233);
#1022=IFCCOMPOSITECURVESEGMENT(.CONTINUOUS.,.F.,#1248);
#1014=IFCCOMPOSITECURVESEGMENT(.CONTINUOUS.,.F.,#1230);
#1021=IFCAXIS2PLACEMENT3D(#1245,#1246,#1247);
#1012=IFCCOMPOSITECURVESEGMENT(.CONTINUOUS.,.F.,#1231);
#1020=IFCCOMPOSITECURVESEGMENT(.CONTINUOUS.,.F.,#1244);
#1019=IFCAXIS2PLACEMENT3D(#1241,#1242,#1243);
#1018=IFCAXIS2PLACEMENT3D(#1238,#1239,#1240);
#1023=IFCCOMPOSITECURVESEGMENT(.CONTINUOUS.,.F.,#1249);
#1026=IFCCOMPOSITECURVESEGMENT(.CONTINUOUS.,.F.,#1250);
#1025=IFCAXIS2PLACEMENT3D(#1252,#1254,#1255);
#1028=IFCCOMPOSITECURVESEGMENT(.CONTINUOUS.,.F.,#1256);
#1027=IFCAXIS2PLACEMENT3D(#1251,#1253,#1257);
#1029=IFCCOMPOSITECURVESEGMENT(.CONTINUOUS.,.F.,#1258);
#1031=IFCAXIS2PLACEMENT3D(#1260,#1261,#1262);
#1032=IFCCOMPOSITECURVESEGMENT(.CONTINUOUS.,.F.,#1263);
#1030=IFCAXIS2PLACEMENT3D(#1259,#1264,#1265);
#1033=IFCCARTESIANPOINT((3000.,6000.000000000001,100.));
#1037=IFCDIRECTION((0.,0.,1.));
#1036=IFCCARTESIANPOINT((12000.,3999.999999999999,100.));
#1035=IFCDIRECTION((1.,0.,0.));
#1038=IFCDIRECTION((1.,0.,0.));
#1043=IFCDIRECTION((1.,0.,0.));
#1034=IFCDIRECTION((0.,0.,1.));
#1042=IFCDIRECTION((0.,0.,1.));
#1024=IFCCOMPOSITECURVESEGMENT(.CONTINUOUS.,.F.,#1266);
#1041=IFCCARTESIANPOINT((12000.,0.,100.));
#1040=IFCAXIS2PLACEMENT3D(#1268,#1269,#1270);
#1039=IFCCOMPOSITECURVESEGMENT(.CONTINUOUS.,.F.,#1267);
#1044=IFCAXIS2PLACEMENT3D(#1276,#1277,#1278);
#1046=IFCAXIS2PLACEMENT3D(#1272,#1273,#1274);
#1045=IFCCOMPOSITECURVESEGMENT(.CONTINUOUS.,.F.,#1271);
#1049=IFCCOMPOSITECURVESEGMENT(.CONTINUOUS.,.F.,#1279);
#1050=IFCAXIS2PLACEMENT3D(#1280,#1281,#1282);
#1051=IFCAXIS2PLACEMENT3D(#1283,#1284,#1285);
#1052=IFCCOMPOSITECURVESEGMENT(.CONTINUOUS.,.F.,#1286);
#1047=IFCCOMPOSITECURVESEGMENT(.CONTINUOUS.,.F.,#1275);
#1053=IFCCOMPOSITECURVESEGMENT(.CONTINUOUS.,.F.,#1287);
#1063=IFCDIRECTION((1.,0.,0.));
#1060=IFCDIRECTION((1.,0.,0.));
#1062=IFCDIRECTION((0.,0.,1.));
#1061=IFCCARTESIANPOINT((4628.571721795382,0.,100.));
#1058=IFCCARTESIANPOINT((4628.571721795382,1694.980494401654,100.));
#1059=IFCDIRECTION((0.,0.,1.));
#1057=IFCCOMPOSITECURVESEGMENT(.CONTINUOUS.,.F.,#1295);
#1048=IFCAXIS2PLACEMENT3D(#1292,#1293,#1294);
#1055=IFCAXIS2PLACEMENT3D(#1289,#1290,#1291);
#1054=IFCCOMPOSITECURVESEGMENT(.CONTINUOUS.,.F.,#1288);
#1064=IFCAXIS2PLACEMENT3D(#1296,#1297,#1298);
#1065=IFCAXIS2PLACEMENT3D(#1299,#1300,#1301);
#1056=IFCAXIS2PLACEMENT3D(#1302,#1303,#1304);
#1071=IFCCOMPOSITECURVESEGMENT(.CONTINUOUS.,.F.,#1313);
#1074=IFCCARTESIANPOINT((5999.999999999999,1694.98050926257,100.));
#1075=IFCDIRECTION((0.,0.,1.));
#1073=IFCCOMPOSITECURVESEGMENT(.CONTINUOUS.,.F.,#1317);
#1072=IFCAXIS2PLACEMENT3D(#1314,#1315,#1316);
#1070=IFCCOMPOSITECURVESEGMENT(.CONTINUOUS.,.F.,#1312);
#1069=IFCAXIS2PLACEMENT3D(#1309,#1310,#1311);
#1068=IFCCOMPOSITECURVESEGMENT(.CONTINUOUS.,.F.,#1308);
#1067=IFCAXIS2PLACEMENT3D(#1305,#1306,#1307);
#1081=IFCAXIS2PLACEMENT3D(#1320,#1321,#1322);
#1080=IFCDIRECTION((1.,0.,0.));
#1079=IFCDIRECTION((0.,0.,1.));
#1078=IFCCARTESIANPOINT((3000.,4000.,100.));
#1076=IFCDIRECTION((1.,0.,0.));
#1077=IFCAXIS2PLACEMENT3D(#1318,#1323,#1324);
#1083=IFCAXIS2PLACEMENT3D(#1325,#1326,#1327);
#1082=IFCCOMPOSITECURVESEGMENT(.CONTINUOUS.,.F.,#1328);
#1089=IFCDIRECTION((1.,0.,0.));
#1066=IFCCOMPOSITECURVESEGMENT(.CONTINUOUS.,.F.,#1319);
#1088=IFCDIRECTION((0.,0.,1.));
#1087=IFCCARTESIANPOINT((12000.,3999.999999999999,3300.));
#1086=IFCAXIS2PLACEMENT3D(#1331,#1332,#1333);
#1084=IFCCOMPOSITECURVESEGMENT(.CONTINUOUS.,.F.,#1330);
#1085=IFCCOMPOSITECURVESEGMENT(.CONTINUOUS.,.F.,#1329);
#1090=IFCCOMPOSITECURVESEGMENT(.CONTINUOUS.,.F.,#1334);
#1092=IFCAXIS2PLACEMENT3D(#1336,#1337,#1338);
#1093=IFCCOMPOSITECURVESEGMENT(.CONTINUOUS.,.F.,#1339);
#1094=IFCAXIS2PLACEMENT3D(#1340,#1341,#1342);
#1099=IFCCOMPOSITECURVESEGMENT(.CONTINUOUS.,.F.,#1347);
#1100=IFCDIRECTION((1.,0.,0.));
#1098=IFCDIRECTION((0.,0.,1.));
#1091=IFCCOMPOSITECURVESEGMENT(.CONTINUOUS.,.F.,#1335);
#1097=IFCCARTESIANPOINT((9000.,0.,100.));
#1106=IFCCOMPOSITECURVESEGMENT(.CONTINUOUS.,.F.,#1355);
#1105=IFCAXIS2PLACEMENT3D(#1352,#1353,#1354);
#1104=IFCDIRECTION((0.,0.,1.));
#1103=IFCCOMPOSITECURVESEGMENT(.CONTINUOUS.,.F.,#1351);
#1096=IFCCOMPOSITECURVESEGMENT(.CONTINUOUS.,.F.,#1346);
#1095=IFCAXIS2PLACEMENT3D(#1343,#1344,#1345);
#1101=IFCAXIS2PLACEMENT3D(#1348,#1349,#1350);
#1108=IFCDIRECTION((1.,0.,0.));
#1107=IFCAXIS2PLACEMENT3D(#1356,#1357,#1358);
#1109=IFCCOMPOSITECURVESEGMENT(.CONTINUOUS.,.F.,#1359);
#1111=IFCDIRECTION((0.,0.,1.));
#1110=IFCCARTESIANPOINT((2999.999999999999,0.,100.));
#1112=IFCDIRECTION((1.,0.,0.));
#1119=IFCCOMPOSITECURVESEGMENT(.CONTINUOUS.,.F.,#1375);
#1120=IFCAXIS2PLACEMENT3D(#1372,#1373,#1374);
#1102=IFCCARTESIANPOINT((5999.999999999999,1694.98050926257,3300.));
#1118=IFCAXIS2PLACEMENT3D(#1369,#1370,#1371);
#1117=IFCCOMPOSITECURVESEGMENT(.CONTINUOUS.,.F.,#1368);
#1116=IFCCOMPOSITECURVESEGMENT(.CONTINUOUS.,.F.,#1367);
#1115=IFCAXIS2PLACEMENT3D(#1364,#1365,#1366);
#1114=IFCCOMPOSITECURVESEGMENT(.CONTINUOUS.,.F.,#1363);
#1113=IFCAXIS2PLACEMENT3D(#1360,#1361,#1362);
#1122=IFCCOMPOSITECURVESEGMENT(.CONTINUOUS.,.F.,#1377);
#1121=IFCAXIS2PLACEMENT3D(#1376,#1378,#1379);
#1128=IFCAXIS2PLACEMENT3D(#1386,#1387,#1388);
#1127=IFCCOMPOSITECURVESEGMENT(.CONTINUOUS.,.F.,#1385);
#1126=IFCCOMPOSITECURVESEGMENT(.CONTINUOUS.,.F.,#1384);
#1125=IFCAXIS2PLACEMENT3D(#1381,#1382,#1383);
#1124=IFCCOMPOSITECURVESEGMENT(.CONTINUOUS.,.F.,#1380);
#1130=IFCAXIS2PLACEMENT3D(#1390,#1398,#1399);
#1132=IFCAXIS2PLACEMENT3D(#1395,#1396,#1397);
#1131=IFCCOMPOSITECURVESEGMENT(.CONTINUOUS.,.F.,#1394);
#1123=IFCAXIS2PLACEMENT3D(#1391,#1392,#1393);
#1134=IFCAXIS2PLACEMENT3D(#1400,#1401,#1402);
#1136=IFCAXIS2PLACEMENT3D(#1404,#1405,#1406);
#1129=IFCCOMPOSITECURVESEGMENT(.CONTINUOUS.,.F.,#1389);
#1133=IFCCOMPOSITECURVESEGMENT(.CONTINUOUS.,.F.,#1403);
#1138=IFCAXIS2PLACEMENT3D(#1407,#1408,#1411);
#1137=IFCCOMPOSITECURVESEGMENT(.CONTINUOUS.,.F.,#1410);
#1140=IFCAXIS2PLACEMENT3D(#1412,#1413,#1414);
#1135=IFCCOMPOSITECURVESEGMENT(.CONTINUOUS.,.F.,#1409);
#1142=IFCAXIS2PLACEMENT3D(#1416,#1417,#1418);
#1141=IFCCOMPOSITECURVESEGMENT(.CONTINUOUS.,.F.,#1415);
#1139=IFCCOMPOSITECURVESEGMENT(.CONTINUOUS.,.F.,#1421);
#1143=IFCCOMPOSITECURVESEGMENT(.CONTINUOUS.,.F.,#1419);
#1144=IFCAXIS2PLACEMENT3D(#1420,#1422,#1423);
#1145=IFCCOMPOSITECURVESEGMENT(.CONTINUOUS.,.F.,#1424);
#1148=IFCAXIS2PLACEMENT3D(#1426,#1427,#1428);
#1146=IFCAXIS2PLACEMENT3D(#1425,#1429,#1430);
#1150=IFCAXIS2PLACEMENT3D(#1431,#1432,#1433);
#1149=IFCCOMPOSITECURVESEGMENT(.CONTINUOUS.,.F.,#1434);
#1147=IFCCOMPOSITECURVESEGMENT(.CONTINUOUS.,.F.,#1436);
#1151=IFCCOMPOSITECURVESEGMENT(.CONTINUOUS.,.F.,#1435);
#1154=IFCAXIS2PLACEMENT3D(#1437,#1439,#1440);
#1155=IFCCOMPOSITECURVESEGMENT(.CONTINUOUS.,.F.,#1441);
#1153=IFCCOMPOSITECURVESEGMENT(.CONTINUOUS.,.F.,#1438);
#1156=IFCAXIS2PLACEMENT3D(#1442,#1443,#1444);
#1171=IFCAXIS2PLACEMENT3D(#1468,#1469,#1470);
#1170=IFCCOMPOSITECURVESEGMENT(.CONTINUOUS.,.F.,#1471);
#1169=IFCPOLYLINE((#1463,#1464,#1465,#1466,#1467));
#1162=IFCCOMPOSITECURVESEGMENT(.CONTINUOUS.,.F.,#1460);
#1168=IFCDIRECTION((0.,0.,1.));
#1167=IFCDIRECTION((-1.,0.,0.));
#1164=IFCCOMPOSITECURVESEGMENT(.CONTINUOUS.,.F.,#1461);
#1166=IFCCARTESIANPOINT((3000.,0.,0.));
#1165=IFCCOMPOSITECURVESEGMENT(.CONTINUOUS.,.F.,#1462);
#1163=IFCCOMPOSITECURVESEGMENT(.CONTINUOUS.,.F.,#1459);
#1159=IFCAXIS2PLACEMENT3D(#1449,#1450,#1458);
#1160=IFCCOMPOSITECURVESEGMENT(.CONTINUOUS.,.F.,#1457);
#1161=IFCAXIS2PLACEMENT3D(#1454,#1455,#1456);
#1152=IFCAXIS2PLACEMENT3D(#1451,#1452,#1453);
#1158=IFCCOMPOSITECURVESEGMENT(.CONTINUOUS.,.F.,#1448);
#1157=IFCAXIS2PLACEMENT3D(#1445,#1446,#1447);
#1178=IFCDIRECTION((0.,1.,0.));
#1177=IFCDIRECTION((0.,0.,1.));
#1172=IFCCARTESIANPOINT((3000.000000000001,0.,3200.));
#1174=IFCDIRECTION((0.,0.,-1.));
#1173=IFCDIRECTION((0.,1.,0.));
#1179=IFCPOLYLINE((#1476,#1477,#1478,#1479,#1480));
#1175=IFCPOLYLINE((#1472,#1473,#1474,#1475,#1489));
#1180=IFCPOLYLINE((#1481,#1482,#1483,#1484,#1485,#1486,#1487,#1488,#1490,#1491,#1492,#1493,#1494));
#1182=IFCDIRECTION((0.,0.,-1.));
#1183=IFCDIRECTION((0.,-1.,0.));
#1184=IFCCARTESIANPOINT((0.,0.,0.));
#1185=IFCDIRECTION((0.,1.,0.));
#1181=IFCCARTESIANPOINT((2999.99999427403,3000.000005725971,0.));
#1186=IFCDIRECTION((0.,0.,1.));
#1187=IFCPOLYLINE((#1495,#1496,#1497,#1498,#1499,#1500,#1501,#1502,#1503,#1504,#1505,#1506,#1507,#1508,#1509,#1510,#1511));
#1176=IFCCARTESIANPOINT((2999.999747968418,-1.171922203724307E-05,3200.));
#1189=IFCCARTESIANPOINT((0.,3000.,-9.685763982525408E-06));
#1188=IFCPOLYLINE((#1512,#1513,#1514,#1515,#1516));
#1190=IFCDIRECTION((0.,1.,0.));
#1198=IFCDIRECTION((0.,0.,1.));
#1197=IFCDIRECTION((-1.,0.,0.));
#1196=IFCCARTESIANPOINT((0.,0.,0.));
#1195=IFCDIRECTION((0.,0.,1.));
#1194=IFCDIRECTION((1.,0.,0.));
#1193=IFCCARTESIANPOINT((0.,3000.,0.));
#1199=IFCPOLYLINE((#1517,#1518,#1519,#1520,#1521));
#1200=IFCCARTESIANPOINT((4000.,0.,0.));
#1191=IFCDIRECTION((0.,0.,1.));
#1201=IFCDIRECTION((-1.,0.,0.));
#1202=IFCDIRECTION((0.,0.,1.));
#1203=IFCPOLYLINE((#1522,#1523,#1524,#1525,#1526));
#1204=IFCCARTESIANPOINT((-7.521633182960841E-05,0.0001601737409373527,0.));
#1205=IFCDIRECTION((0.,0.,-1.));
#1206=IFCDIRECTION((0.,1.,0.));
#1192=IFCPOLYLINE((#1527,#1528,#1529,#1530,#1531));
#1208=IFCCARTESIANPOINT((4000.,3000.,-2.458693942886114E-05));
#1210=IFCDIRECTION((-1.,0.,0.));
#1209=IFCDIRECTION((0.,1.,0.));
#1213=IFCCARTESIANPOINT((1.067374455487879E-05,99.99990645260759,3200.));
#1211=IFCPOLYLINE((#1549,#1550,#1551,#1552,#1553,#1554));
#1207=IFCPOLYLINE((#1532,#1533,#1534,#1535,#1536,#1537,#1538,#1539,#1540,#1541,#1542,#1543,#1544,#1545,#1546,#1547,#1548));
#1217=IFCDIRECTION((0.,1.,0.));
#1216=IFCCARTESIANPOINT((3000.,0.,3200.000044703527));
#1215=IFCDIRECTION((0.,-1.,0.));
#1214=IFCDIRECTION((0.,0.,1.));
#1212=IFCPOLYLINE((#1555,#1556,#1557,#1558,#1559));
#1218=IFCDIRECTION((0.,0.,-1.));
#1220=IFCPOLYLINE((#1566,#1569,#1570,#1571,#1572));
#1222=IFCCARTESIANPOINT((0.,0.,0.));
#1223=IFCDIRECTION((-1.,0.,0.));
#1224=IFCDIRECTION((0.,0.,1.));
#1221=IFCPOLYLINE((#1565,#1567,#1568,#1573,#1574));
#1225=IFCCARTESIANPOINT((849.9999804922425,2850.000065478952,0.));
#1227=IFCDIRECTION((0.,1.,0.));
#1228=IFCCARTESIANPOINT((1.788141013037148E-05,3000.,1.341105786145658E-05));
#1226=IFCDIRECTION((0.,0.,-1.));
#1229=IFCDIRECTION((0.,1.,0.));
#1232=IFCDIRECTION((0.,0.,1.));
#1219=IFCPOLYLINE((#1560,#1561,#1562,#1563,#1564,#1575,#1576,#1577,#1578,#1579,#1580,#1581,#1582));
#1230=IFCPOLYLINE((#1583,#1584,#1585,#1586,#1587));
#1234=IFCCARTESIANPOINT((3000.,3000.,0.));
#1235=IFCDIRECTION((1.,0.,0.));
#1236=IFCDIRECTION((0.,0.,1.));
#1233=IFCPOLYLINE((#1588,#1589,#1590,#1592,#1594,#1595,#1596,#1597,#1598,#1599,#1600,#1601,#1602));
#1239=IFCDIRECTION((0.,0.,1.));
#1240=IFCDIRECTION((0.,-1.,0.));
#1238=IFCCARTESIANPOINT((-2.469888471523518E-05,2999.999923961738,3200.));
#1237=IFCPOLYLINE((#1603,#1604,#1605,#1606,#1607));
#1241=IFCCARTESIANPOINT((3000.000059589999,2999.999975226603,0.));
#1231=IFCPOLYLINE((#1591,#1593,#1608,#1609,#1610));
#1242=IFCDIRECTION((0.,0.,-1.));
#1243=IFCDIRECTION((0.,-1.,0.));
#1247=IFCDIRECTION((0.,0.,1.));
#1246=IFCDIRECTION((0.,1.,0.));
#1244=IFCPOLYLINE((#1611,#1612,#1613,#1614,#1615,#1616,#1617,#1618,#1619,#1620,#1621,#1622,#1623,#1624,#1625,#1626,#1627));
#1245=IFCCARTESIANPOINT((0.,0.,0.));
#1248=IFCPOLYLINE((#1640,#1641,#1642,#1644,#1646));
#1250=IFCPOLYLINE((#1628,#1629,#1630,#1645,#1647));
#1251=IFCCARTESIANPOINT((-0.000118341801247368,3000.000061825172,0.));
#1252=IFCCARTESIANPOINT((0.,3000.,0.));
#1253=IFCDIRECTION((0.,0.,-1.));
#1254=IFCDIRECTION((0.,1.,0.));
#1255=IFCDIRECTION((0.,0.,1.));
#1249=IFCPOLYLINE((#1631,#1632,#1633,#1634,#1635,#1636,#1637,#1638,#1639,#1643,#1648,#1649,#1650,#1651,#1652,#1653,#1654));
#1257=IFCDIRECTION((1.,0.,0.));
#1259=IFCCARTESIANPOINT((9.870295514247118E-05,4.582062285152233E-06,3200.));
#1260=IFCCARTESIANPOINT((0.,3000.,0.));
#1261=IFCDIRECTION((1.,0.,0.));
#1262=IFCDIRECTION((0.,0.,1.));
#1265=IFCDIRECTION((1.,0.,0.));
#1264=IFCDIRECTION((0.,0.,1.));
#1263=IFCPOLYLINE((#1672,#1673,#1674,#1675,#1676));
#1266=IFCPOLYLINE((#1678,#1679,#1680,#1681,#1682));
#1267=IFCPOLYLINE((#1686,#1687,#1688,#1689,#1690));
#1256=IFCPOLYLINE((#1655,#1656,#1657,#1658,#1659,#1660,#1661,#1662,#1663,#1664,#1665,#1666,#1667,#1668,#1671,#1691,#1692));
#1268=IFCCARTESIANPOINT((0.,3000.,0.));
#1269=IFCDIRECTION((1.,0.,0.));
#1270=IFCDIRECTION((0.,0.,1.));
#1271=IFCPOLYLINE((#1694,#1695,#1696,#1697,#1698));
#1277=IFCDIRECTION((0.,1.,0.));
#1276=IFCCARTESIANPOINT((0.,3000.,0.));
#1274=IFCDIRECTION((0.,0.,1.));
#1273=IFCDIRECTION((0.,1.,0.));
#1258=IFCPOLYLINE((#1669,#1670,#1677,#1683,#1684,#1685,#1693,#1699,#1700,#1701,#1702,#1703,#1704,#1705,#1706,#1707,#1708));
#1280=IFCCARTESIANPOINT((4000.,3000.,0.));
#1275=IFCPOLYLINE((#1709,#1710,#1711,#1712,#1713));
#1272=IFCCARTESIANPOINT((0.,0.,0.));
#1281=IFCDIRECTION((1.,0.,0.));
#1282=IFCDIRECTION((0.,0.,1.));
#1279=IFCPOLYLINE((#1714,#1715,#1716,#1717,#1718,#1719,#1720,#1721,#1722,#1723,#1724,#1725,#1726,#1727,#1728,#1729,#1730,#1731,#1732));
#1278=IFCDIRECTION((0.,0.,1.));
#1284=IFCDIRECTION((0.,0.,-1.));
#1283=IFCCARTESIANPOINT((4000.,-3.056144670665617E-05,0.));
#1285=IFCDIRECTION((-1.,0.,0.));
#1289=IFCCARTESIANPOINT((3000.,2999.999999999999,3.725293851175593E-05));
#1288=IFCPOLYLINE((#1737,#1738,#1739,#1740,#1741,#1742,#1743,#1744,#1745,#1746,#1747,#1748,#1749,#1750,#1751,#1752,#1753));
#1286=IFCPOLYLINE((#1736,#1754,#1755,#1756,#1757));
#1290=IFCDIRECTION((1.,0.,0.));
#1287=IFCPOLYLINE((#1733,#1734,#1735,#1758,#1759));
#1291=IFCDIRECTION((0.,0.,1.));
#1296=IFCCARTESIANPOINT((3999.999864978973,3000.000072228843,3200.));
#1295=IFCPOLYLINE((#1760,#1761,#1762,#1763,#1764));
#1292=IFCCARTESIANPOINT((4000.000042208305,149.9998177521124,3200.));
#1294=IFCDIRECTION((-1.,0.,0.));
#1297=IFCDIRECTION((0.,0.,1.));
#1293=IFCDIRECTION((0.,0.,1.));
#1301=IFCDIRECTION((0.,0.,1.));
#1300=IFCDIRECTION((-1.,0.,0.));
#1299=IFCCARTESIANPOINT((0.,0.,0.));
#1298=IFCDIRECTION((-1.,0.,0.));
#1302=IFCCARTESIANPOINT((1694.980494401654,0.,0.));
#1304=IFCDIRECTION((0.,0.,1.));
#1309=IFCCARTESIANPOINT((1694.980487655866,3.358833033928477E-05,0.));
#1303=IFCDIRECTION((-1.,0.,0.));
#1307=IFCDIRECTION((1.,0.,0.));
#1306=IFCDIRECTION((0.,0.,1.));
#1305=IFCCARTESIANPOINT((5.513434869763856E-05,0.0001005829313172057,3200.));
#1311=IFCDIRECTION((-1.,0.,0.));
#1310=IFCDIRECTION((0.,0.,-1.));
#1308=IFCPOLYLINE((#1765,#1766,#1767,#1768,#1769,#1770,#1771));
#1313=IFCPOLYLINE((#1775,#1776,#1777,#1778,#1779,#1780,#1781));
#1315=IFCDIRECTION((0.,-1.,0.));
#1312=IFCPOLYLINE((#1772,#1773,#1774,#1782,#1783));
#1316=IFCDIRECTION((0.,0.,1.));
#1318=IFCCARTESIANPOINT((0.,0.,0.));
#1319=IFCPOLYLINE((#1785,#1786,#1787,#1788,#1789));
#1320=IFCCARTESIANPOINT((6000.000000000001,4000.000000000001,0.));
#1321=IFCDIRECTION((0.,-1.,0.));
#1314=IFCCARTESIANPOINT((1694.980494401654,1371.428278204617,0.));
#1322=IFCDIRECTION((0.,0.,1.));
#1323=IFCDIRECTION((0.,1.,0.));
#1324=IFCDIRECTION((0.,0.,1.));
#1325=IFCCARTESIANPOINT((3000.,4000.000000000001,0.));
#1326=IFCDIRECTION((1.,0.,0.));
#1327=IFCDIRECTION((0.,0.,1.));
#1328=IFCPOLYLINE((#1792,#1793,#1794,#1795,#1796));
#1333=IFCDIRECTION((0.,0.,1.));
#1332=IFCDIRECTION((-1.,0.,0.));
#1331=IFCCARTESIANPOINT((6000.000000000001,0.,0.));
#1330=IFCPOLYLINE((#1802,#1803,#1804,#1805,#1806));
#1329=IFCPOLYLINE((#1797,#1798,#1799,#1800,#1801));
#1317=IFCPOLYLINE((#1784,#1790,#1791,#1807,#1808));
#1335=IFCPOLYLINE((#1809,#1810,#1811,#1812,#1813));
#1336=IFCCARTESIANPOINT((9000.,4000.000000000003,3200.));
#1337=IFCDIRECTION((0.,-1.,0.));
#1338=IFCDIRECTION((0.,0.,-1.));
#1339=IFCPOLYLINE((#1814,#1815,#1816,#1817,#1818));
#1340=IFCCARTESIANPOINT((15000.,4000.000000000003,0.));
#1341=IFCDIRECTION((0.,-1.,0.));
#1343=IFCCARTESIANPOINT((6000.000000000001,4000.000000000001,3200.));
#1342=IFCDIRECTION((0.,0.,1.));
#1334=IFCPOLYLINE((#1819,#1820,#1821,#1822,#1823));
#1344=IFCDIRECTION((-1.,0.,0.));
#1345=IFCDIRECTION((0.,0.,-1.));
#1349=IFCDIRECTION((1.,0.,0.));
#1348=IFCCARTESIANPOINT((9000.000000000002,4000.000000000003,0.));
#1347=IFCPOLYLINE((#1829,#1830,#1831,#1832,#1833));
#1346=IFCPOLYLINE((#1824,#1825,#1826,#1827,#1828));
#1351=IFCPOLYLINE((#1834,#1835,#1836,#1837,#1838));
#1358=IFCDIRECTION((0.,0.,1.));
#1356=IFCCARTESIANPOINT((7999.999999999999,6000.000000000005,0.));
#1357=IFCDIRECTION((0.,1.,0.));
#1355=IFCPOLYLINE((#1839,#1840,#1841,#1842,#1843));
#1354=IFCDIRECTION((0.,0.,1.));
#1353=IFCDIRECTION((1.,0.,0.));
#1352=IFCCARTESIANPOINT((7999.999999999999,9000.000000000002,0.));
#1359=IFCPOLYLINE((#1844,#1845,#1846,#1847,#1848));
#1361=IFCDIRECTION((0.,1.,0.));
#1360=IFCCARTESIANPOINT((15000.,6000.000000000005,3200.000044703527));
#1350=IFCDIRECTION((0.,0.,1.));
#1362=IFCDIRECTION((0.,0.,-1.));
#1364=IFCCARTESIANPOINT((6000.,6000.000000000002,3200.));
#1365=IFCDIRECTION((0.,1.,0.));
#1367=IFCPOLYLINE((#1854,#1855,#1856,#1857,#1858));
#1366=IFCDIRECTION((0.,0.,-1.));
#1363=IFCPOLYLINE((#1849,#1850,#1851,#1852,#1853));
#1374=IFCDIRECTION((0.,0.,1.));
#1373=IFCDIRECTION((0.,1.,0.));
#1371=IFCDIRECTION((0.,0.,1.));
#1370=IFCDIRECTION((0.,-1.,0.));
#1369=IFCCARTESIANPOINT((3000.,0.,0.));
#1368=IFCPOLYLINE((#1859,#1860,#1861,#1862,#1863));
#1372=IFCCARTESIANPOINT((0.,6000.000000000002,0.));
#1376=IFCCARTESIANPOINT((9000.000000000002,0.,0.));
#1375=IFCPOLYLINE((#1864,#1865,#1866,#1867,#1868));
#1379=IFCDIRECTION((0.,0.,1.));
#1378=IFCDIRECTION((0.,-1.,0.));
#1377=IFCPOLYLINE((#1869,#1870,#1871,#1872,#1873));
#1380=IFCPOLYLINE((#1874,#1875,#1876,#1877,#1878));
#1383=IFCDIRECTION((0.9999999999954997,3.000102008514106E-06,0.));
#1382=IFCDIRECTION((0.,0.,1.));
#1381=IFCCARTESIANPOINT((-3.338059382065216E-05,5849.999481319574,3200.));
#1387=IFCDIRECTION((-1.,0.,0.));
#1386=IFCCARTESIANPOINT((5999.999999999999,6000.000000000002,0.));
#1388=IFCDIRECTION((0.,0.,1.));
#1389=IFCPOLYLINE((#1923,#1924,#1925,#1926,#1927));
#1390=IFCCARTESIANPOINT((0.,0.,0.));
#1385=IFCPOLYLINE((#1883,#1885,#1902,#1903,#1904,#1905,#1906,#1907,#1908,#1909,#1919,#1920,#1922));
#1392=IFCDIRECTION((1.,0.,0.));
#1393=IFCDIRECTION((0.,0.,1.));
#1391=IFCCARTESIANPOINT((15000.,6000.000000000005,0.));
#1394=IFCPOLYLINE((#1928,#1929,#1930,#1931,#1932));
#1395=IFCCARTESIANPOINT((7949.999999999999,9000.000000000002,0.));
#1396=IFCDIRECTION((0.,1.,0.));
#1384=IFCPOLYLINE((#1879,#1880,#1881,#1882,#1884,#1886,#1887,#1888,#1889,#1890,#1891,#1892,#1893,#1894,#1895,#1896,#1897,#1898,#1899,#1900,#1901,#1910,#1911,#1912,#1913,#1914,#1915,#1916,#1917,#1918,#1921,#1933,#1934,#1935,#1936,#1937,#1938,#1939,#1940,#1941,#1942,#1943,#1944,#1945,#1946,#1947,#1948,#1949,#1950,#1951,#1952,#1953,#1954,#1955,#1956,#1957,#1958,#1959,#1960,#1961,#1962,#1963,#1964,#1965,#1966,#1967,#1968,#1969,#1970,#1971,#1972,#1973,#1974,#1975,#1976,#1977,#1978));
#1399=IFCDIRECTION((0.,0.,1.));
#1398=IFCDIRECTION((-1.,0.,0.));
#1397=IFCDIRECTION((-0.5203701726754622,0.,0.8539407961853736));
#1401=IFCDIRECTION((0.,0.,1.));
#1400=IFCCARTESIANPOINT((9000.000011023931,4000.00003237738,0.));
#1402=IFCDIRECTION((0.,-1.,0.));
#1404=IFCCARTESIANPOINT((-2.927196799775612E-05,149.9999281523438,3200.));
#1405=IFCDIRECTION((0.,0.,1.));
#1407=IFCCARTESIANPOINT((3000.000000000001,1694.980494401654,0.));
#1408=IFCDIRECTION((0.,-1.,0.));
#1406=IFCDIRECTION((0.,-1.,0.));
#1403=IFCPOLYLINE((#1979,#1980,#1981,#1982,#1983,#1984));
#1411=IFCDIRECTION((0.,0.,1.));
#1412=IFCCARTESIANPOINT((0.,4000.,0.));
#1413=IFCDIRECTION((1.,0.,0.));
#1414=IFCDIRECTION((0.,0.,1.));
#1410=IFCPOLYLINE((#2017,#2018,#2019,#2020,#2021));
#1416=IFCCARTESIANPOINT((3000.000000000001,4000.,3200.));
#1417=IFCDIRECTION((-1.,0.,0.));
#1415=IFCPOLYLINE((#2016,#2022,#2023,#2024,#2025));
#1418=IFCDIRECTION((0.,0.,-1.));
#1420=IFCCARTESIANPOINT((1628.571721795382,0.,0.));
#1419=IFCPOLYLINE((#2026,#2027,#2028,#2029,#2036));
#1422=IFCDIRECTION((0.,-1.,0.));
#1423=IFCDIRECTION((0.,0.,1.));
#1421=IFCPOLYLINE((#2030,#2031,#2034,#2042,#2043));
#1425=IFCCARTESIANPOINT((1628.571672264607,1694.980408029094,0.));
#1426=IFCCARTESIANPOINT((1628.571721795382,1694.980494401654,0.));
#1424=IFCPOLYLINE((#2039,#2041,#2053,#2054,#2057));
#1427=IFCDIRECTION((1.,0.,0.));
#1428=IFCDIRECTION((0.,0.,1.));
#1429=IFCDIRECTION((0.,0.,1.));
#1430=IFCDIRECTION((0.,-1.,0.));
#1431=IFCCARTESIANPOINT((0.0001065974366554201,4000.000054712468,3200.));
#1432=IFCDIRECTION((0.,0.,1.));
#1409=IFCPOLYLINE((#1985,#1986,#1987,#1988,#1989,#1990,#1991,#1992,#1993,#1994,#1995,#1996,#1997,#1998,#1999,#2000,#2001,#2002,#2003,#2004,#2005,#2006,#2007,#2008,#2009,#2010,#2011,#2012,#2013,#2014,#2015,#2032,#2033,#2035,#2037,#2038,#2040,#2044,#2045,#2046,#2047,#2048,#2049,#2050,#2051,#2052,#2055,#2056,#2058,#2059,#2060,#2061,#2062,#2063,#2064,#2065,#2066,#2067,#2068,#2069,#2070,#2071,#2072,#2073,#2074,#2075,#2076,#2077,#2078,#2079,#2080,#2081,#2082,#2083,#2084,#2085,#2086,#2087,#2088,#2089));
#1433=IFCDIRECTION((0.,-1.,0.));
#1434=IFCPOLYLINE((#2090,#2091,#2092,#2094,#2095));
#1437=IFCCARTESIANPOINT((3000.000000000001,3999.999999999999,0.));
#1439=IFCDIRECTION((0.,-1.,0.));
#1435=IFCPOLYLINE((#2096,#2097,#2098,#2099,#2100,#2101,#2102,#2103,#2104,#2105,#2106,#2110,#2112,#2115,#2117,#2118,#2119,#2120,#2121,#2122,#2123,#2124,#2125));
#1440=IFCDIRECTION((0.,0.,1.));
#1436=IFCPOLYLINE((#2093,#2113,#2114,#2116,#2126,#2127,#2128));
#1438=IFCPOLYLINE((#2107,#2108,#2109,#2111,#2136));
#1447=IFCDIRECTION((0.,0.,1.));
#1446=IFCDIRECTION((-1.,0.,0.));
#1445=IFCCARTESIANPOINT((0.,0.,0.));
#1442=IFCCARTESIANPOINT((2999.999950775756,-0.0003300514457293957,3200.));
#1444=IFCDIRECTION((0.,1.,0.));
#1443=IFCDIRECTION((0.,0.,1.));
#1441=IFCPOLYLINE((#2129,#2130,#2131,#2132,#2133));
#1449=IFCCARTESIANPOINT((0.,4000.,0.));
#1451=IFCCARTESIANPOINT((2999.999999999998,0.,0.));
#1450=IFCDIRECTION((0.,1.,0.));
#1452=IFCDIRECTION((-1.,0.,0.));
#1448=IFCPOLYLINE((#2134,#2135,#2137,#2138,#2139));
#1453=IFCDIRECTION((0.,0.,1.));
#1454=IFCCARTESIANPOINT((-3.817587312937576E-05,4000.,0.));
#1455=IFCDIRECTION((0.,0.,-1.));
#1456=IFCDIRECTION((1.,0.,0.));
#1460=IFCPOLYLINE((#2146,#2147,#2148,#2149,#2150));
#1458=IFCDIRECTION((0.,0.,1.));
#1457=IFCPOLYLINE((#2140,#2141,#2142,#2143,#2144));
#1464=IFCCARTESIANPOINT((3200.,3000.,0.));
#1463=IFCCARTESIANPOINT((0.,3000.,0.));
#1462=IFCPOLYLINE((#2155,#2166,#2167,#2168,#2169));
#1466=IFCCARTESIANPOINT((0.,0.,0.));
#1465=IFCCARTESIANPOINT((3200.,0.,0.));
#1459=IFCPOLYLINE((#2145,#2178,#2179,#2180,#2181,#2182,#2183,#2184,#2185,#2186,#2187,#2188,#2189,#2190,#2191,#2192,#2193));
#1461=IFCPOLYLINE((#2151,#2152,#2153,#2154,#2156,#2157,#2158,#2159,#2160,#2161,#2162,#2163,#2164,#2165,#2170,#2171,#2172,#2173,#2174,#2175,#2176,#2177,#2194,#2195,#2196));
#1468=IFCCARTESIANPOINT((3000.,0.,3200.));
#1469=IFCDIRECTION((0.,1.,0.));
#1470=IFCDIRECTION((0.,0.,-1.));
#1472=IFCCARTESIANPOINT((0.,3000.,0.));
#1467=IFCCARTESIANPOINT((0.,3000.,0.));
#1476=IFCCARTESIANPOINT((2999.999875706783,2999.999787789847,0.));
#1475=IFCCARTESIANPOINT((0.,0.,0.));
#1474=IFCCARTESIANPOINT((3200.,0.,0.));
#1473=IFCCARTESIANPOINT((3200.,3000.,0.));
#1477=IFCCARTESIANPOINT((2999.999875706783,0.,0.));
#1478=IFCCARTESIANPOINT((0.,0.,0.));
#1479=IFCCARTESIANPOINT((0.,2999.999787789847,0.));
#1483=IFCCARTESIANPOINT((149.9999190559444,2849.999780816967,0.));
#1494=IFCCARTESIANPOINT((2850.000044567774,2899.999724529971,0.));
#1493=IFCCARTESIANPOINT((2850.000132484712,2849.999780816967,0.));
#1496=IFCCARTESIANPOINT((149.9998421440463,150.0001073849679,0.));
#1498=IFCCARTESIANPOINT((2850.000051007476,50.00003579498902,0.));
#1495=IFCCARTESIANPOINT((0.,150.0001073849679,0.));
#1500=IFCCARTESIANPOINT((2949.999989976994,150.0001073849679,0.));
#1499=IFCCARTESIANPOINT((2850.000051007476,150.0001073849679,0.));
#1492=IFCCARTESIANPOINT((2899.999812446907,2849.999780816967,0.));
#1491=IFCCARTESIANPOINT((2899.999812446907,149.9998311390076,0.));
#1490=IFCCARTESIANPOINT((2850.000132484712,149.9998311390076,0.));
#1489=IFCCARTESIANPOINT((0.,3000.,0.));
#1488=IFCCARTESIANPOINT((2850.000044567774,99.99971159213405,0.));
#1487=IFCCARTESIANPOINT((150.0000948898146,99.99971159213405,0.));
#1486=IFCCARTESIANPOINT((149.9999190559444,149.9998311390076,0.));
#1485=IFCCARTESIANPOINT((100.000151176812,149.9998311390076,0.));
#1484=IFCCARTESIANPOINT((100.000151176812,2849.999780816967,0.));
#1482=IFCCARTESIANPOINT((150.0000948898146,2899.999724529971,0.));
#1481=IFCCARTESIANPOINT((2850.000044567774,2899.999724529971,0.));
#1480=IFCCARTESIANPOINT((2999.999875706783,2999.999787789847,0.));
#1471=IFCPOLYLINE((#2197,#2198,#2199,#2200,#2201,#2202,#2203,#2204,#2205,#2206,#2207,#2208,#2209,#2210,#2211,#2212,#2213,#2214,#2215));
#1502=IFCCARTESIANPOINT((2850.000051007476,2849.999918387015,0.));
#1501=IFCCARTESIANPOINT((2949.999989976994,2849.999918387015,0.));
#1503=IFCCARTESIANPOINT((2850.000051007476,2949.999989976994,0.));
#1504=IFCCARTESIANPOINT((149.9998421440463,2949.999989976994,0.));
#1497=IFCCARTESIANPOINT((149.9998421440463,50.00003579498902,0.));
#1505=IFCCARTESIANPOINT((149.9998421440463,2849.999918387015,0.));
#1506=IFCCARTESIANPOINT((0.,2849.999918387015,0.));
#1507=IFCCARTESIANPOINT((0.,3000.000025771983,0.));
#1509=IFCCARTESIANPOINT((2999.999893151522,0.,0.));
#1508=IFCCARTESIANPOINT((2999.999893151522,3000.000025771983,0.));
#1511=IFCCARTESIANPOINT((0.,150.0001073849679,0.));
#1512=IFCCARTESIANPOINT((0.,4000.000029802351,0.));
#1524=IFCCARTESIANPOINT((3200.,0.,0.));
#1525=IFCCARTESIANPOINT((0.,0.,0.));
#1521=IFCCARTESIANPOINT((0.,3000.,0.));
#1523=IFCCARTESIANPOINT((3200.,3000.,0.));
#1522=IFCCARTESIANPOINT((0.,3000.,0.));
#1520=IFCCARTESIANPOINT((0.,0.,0.));
#1519=IFCCARTESIANPOINT((3200.,0.,0.));
#1510=IFCCARTESIANPOINT((0.,0.,0.));
#1518=IFCCARTESIANPOINT((3200.,3000.,0.));
#1517=IFCCARTESIANPOINT((0.,3000.,0.));
#1516=IFCCARTESIANPOINT((0.,4000.000029802351,0.));
#1515=IFCCARTESIANPOINT((0.,0.,0.));
#1514=IFCCARTESIANPOINT((3200.000044703527,0.,0.));
#1513=IFCCARTESIANPOINT((3200.000044703527,4000.000029802351,0.));
#1527=IFCCARTESIANPOINT((0.,3000.000010430823,0.));
#1526=IFCCARTESIANPOINT((0.,3000.,0.));
#1528=IFCCARTESIANPOINT((3199.999991059296,3000.000010430823,0.));
#1529=IFCCARTESIANPOINT((3199.999991059296,0.,0.));
#1530=IFCCARTESIANPOINT((0.,0.,0.));
#1531=IFCCARTESIANPOINT((0.,3000.000010430823,0.));
#1532=IFCCARTESIANPOINT((0.,4000.000153548455,0.));
#1533=IFCCARTESIANPOINT((2999.999717299962,4000.000153548455,0.));
#1535=IFCCARTESIANPOINT((2849.999877317469,3850.000180945503,0.));
#1536=IFCCARTESIANPOINT((2849.999877317469,3950.000118473984,0.));
#1534=IFCCARTESIANPOINT((2999.999717299962,3850.000180945503,0.));
#1539=IFCCARTESIANPOINT((49.99976983355126,3850.000180945503,0.));
#1538=IFCCARTESIANPOINT((149.9997073620332,3850.000180945503,0.));
#1537=IFCCARTESIANPOINT((149.9997073620332,3950.000118473984,0.));
#1540=IFCCARTESIANPOINT((49.99976983355126,1150.000143610526,0.));
#1541=IFCCARTESIANPOINT((149.9997073620332,1150.000143610526,0.));
#1542=IFCCARTESIANPOINT((149.9997073620332,850.0000657841626,0.));
#1543=IFCCARTESIANPOINT((49.99976983355126,850.0000657841626,0.));
#1545=IFCCARTESIANPOINT((2999.999717299962,50.00016769492976,0.));
#1558=IFCCARTESIANPOINT((0.,0.,0.));
#1553=IFCCARTESIANPOINT((0.,0.,0.));
#1557=IFCCARTESIANPOINT((3200.,0.,0.));
#1556=IFCCARTESIANPOINT((3200.,3000.,0.));
#1555=IFCCARTESIANPOINT((0.,3000.,0.));
#1554=IFCCARTESIANPOINT((0.,3199.999997764824,0.));
#1552=IFCCARTESIANPOINT((3950.00002458694,0.,0.));
#1550=IFCCARTESIANPOINT((3999.99998211859,3199.999997764824,0.));
#1551=IFCCARTESIANPOINT((3999.99998211859,0.,0.));
#1549=IFCCARTESIANPOINT((0.,3199.999997764824,0.));
#1548=IFCCARTESIANPOINT((0.,4000.000153548455,0.));
#1547=IFCCARTESIANPOINT((0.,0.,0.));
#1544=IFCCARTESIANPOINT((49.99976983355126,50.00016769492976,0.));
#1546=IFCCARTESIANPOINT((2999.999717299962,0.,0.));
#1559=IFCCARTESIANPOINT((0.,3000.,0.));
#1560=IFCCARTESIANPOINT((-50.00016368907101,849.9998978466614,0.));
#1561=IFCCARTESIANPOINT((-50.00016368907101,900.0000615357316,0.));
#1562=IFCCARTESIANPOINT((-2750.000167992045,900.0000615357316,0.));
#1564=IFCCARTESIANPOINT((-2800.000151376894,849.9998978466614,0.));
#1565=IFCCARTESIANPOINT((0.,3000.,0.));
#1566=IFCCARTESIANPOINT((0.,2999.999970197649,0.));
#1563=IFCCARTESIANPOINT((-2750.000167992045,849.9998978466614,0.));
#1567=IFCCARTESIANPOINT((3200.,3000.,0.));
#1568=IFCCARTESIANPOINT((3200.,0.,0.));
#1570=IFCCARTESIANPOINT((3200.000044703527,0.,0.));
#1572=IFCCARTESIANPOINT((0.,2999.999970197649,0.));
#1569=IFCCARTESIANPOINT((3200.000044703527,2999.999970197649,0.));
#1574=IFCCARTESIANPOINT((0.,3000.,0.));
#1573=IFCCARTESIANPOINT((0.,0.,0.));
#1575=IFCCARTESIANPOINT((-2800.000151376894,0.,0.));
#1571=IFCCARTESIANPOINT((0.,0.,0.));
#1576=IFCCARTESIANPOINT((-2899.999937842372,0.,0.));
#1577=IFCCARTESIANPOINT((-2899.999937842372,3999.9999329175,0.));
#1587=IFCCARTESIANPOINT((0.,2999.99998211859,0.));
#1588=IFCCARTESIANPOINT((-2750.000167992045,1100.000175379353,0.));
#1586=IFCCARTESIANPOINT((0.,0.,0.));
#1589=IFCCARTESIANPOINT((-50.00016368907101,1100.000175379353,0.));
#1584=IFCCARTESIANPOINT((3200.000008940705,2999.99998211859,0.));
#1585=IFCCARTESIANPOINT((3200.000008940705,0.,0.));
#1583=IFCCARTESIANPOINT((0.,2999.99998211859,0.));
#1582=IFCCARTESIANPOINT((-50.00016368907101,849.9998978466614,0.));
#1581=IFCCARTESIANPOINT((0.,849.9998978466614,0.));
#1580=IFCCARTESIANPOINT((0.,0.,0.));
#1579=IFCCARTESIANPOINT((99.99996676969758,0.,0.));
#1578=IFCCARTESIANPOINT((99.99996676969758,3999.9999329175,0.));
#1590=IFCCARTESIANPOINT((-50.00016368907101,1150.0001587642,0.));
#1591=IFCCARTESIANPOINT((0.,300.0000787859438,0.));
#1592=IFCCARTESIANPOINT((0.,1150.0001587642,0.));
#1593=IFCCARTESIANPOINT((149.9998404622822,300.0000787859438,0.));
#1594=IFCCARTESIANPOINT((0.,3849.999982762952,0.));
#1595=IFCCARTESIANPOINT((-50.00016368907101,3849.999982762952,0.));
#1596=IFCCARTESIANPOINT((-50.00016368907101,3899.999966147803,0.));
#1597=IFCCARTESIANPOINT((-2750.000167992045,3899.999966147803,0.));
#1598=IFCCARTESIANPOINT((-2750.000167992045,3849.999982762952,0.));
#1599=IFCCARTESIANPOINT((-2800.000151376894,3849.999982762952,0.));
#1600=IFCCARTESIANPOINT((-2800.000151376894,1150.0001587642,0.));
#1601=IFCCARTESIANPOINT((-2750.000167992045,1150.0001587642,0.));
#1602=IFCCARTESIANPOINT((-2750.000167992045,1100.000175379353,0.));
#1603=IFCCARTESIANPOINT((0.,3000.,0.));
#1604=IFCCARTESIANPOINT((3200.,3000.,0.));
#1607=IFCCARTESIANPOINT((0.,3000.,0.));
#1605=IFCCARTESIANPOINT((3200.,0.,0.));
#1609=IFCCARTESIANPOINT((0.,0.,0.));
#1617=IFCCARTESIANPOINT((2950.000019438286,2850.000031813378,0.));
#1615=IFCCARTESIANPOINT((2850.000185614792,150.0000583380672,0.));
#1614=IFCCARTESIANPOINT((2850.000185614792,100.000141426321,0.));
#1606=IFCCARTESIANPOINT((0.,0.,0.));
#1613=IFCCARTESIANPOINT((149.9999045366529,100.000141426321,0.));
#1612=IFCCARTESIANPOINT((149.9999045366529,150.0000583380672,0.));
#1611=IFCCARTESIANPOINT((0.,150.0000583380672,0.));
#1610=IFCCARTESIANPOINT((0.,300.0000787859438,0.));
#1608=IFCCARTESIANPOINT((149.9998404622822,0.,0.));
#1618=IFCCARTESIANPOINT((2850.000185614792,2850.000031813378,0.));
#1616=IFCCARTESIANPOINT((2950.000019438286,150.0000583380672,0.));
#1628=IFCCARTESIANPOINT((0.,3000.,0.));
#1625=IFCCARTESIANPOINT((2999.999936350031,0.,0.));
#1626=IFCCARTESIANPOINT((0.,0.,0.));
#1624=IFCCARTESIANPOINT((2999.999936350031,2999.999936350031,0.));
#1623=IFCCARTESIANPOINT((0.,2999.999936350031,0.));
#1622=IFCCARTESIANPOINT((0.,2850.000031813378,0.));
#1621=IFCCARTESIANPOINT((149.9999045366529,2850.000031813378,0.));
#1627=IFCCARTESIANPOINT((0.,150.0000583380672,0.));
#1620=IFCCARTESIANPOINT((149.9999045366529,2950.000327041113,0.));
#1619=IFCCARTESIANPOINT((2850.000185614792,2950.000327041113,0.));
#1629=IFCCARTESIANPOINT((3200.,3000.,0.));
#1630=IFCCARTESIANPOINT((3200.,0.,0.));
#1631=IFCCARTESIANPOINT((0.,2999.999946081715,0.));
#1632=IFCCARTESIANPOINT((149.9998397986637,2999.999946081715,0.));
#1633=IFCCARTESIANPOINT((149.9998397986637,2849.99965626756,0.));
#1635=IFCCARTESIANPOINT((99.99996820169166,149.9998397986637,0.));
#1634=IFCCARTESIANPOINT((99.99996820169166,2849.99965626756,0.));
#1636=IFCCARTESIANPOINT((149.9998397986637,149.9998397986637,0.));
#1637=IFCCARTESIANPOINT((149.9998397986637,99.99996820169343,0.));
#1638=IFCCARTESIANPOINT((2849.999881275305,99.99996820169343,0.));
#1639=IFCCARTESIANPOINT((2849.999881275305,149.9998397986637,0.));
#1640=IFCCARTESIANPOINT((0.,3000.,0.));
#1641=IFCCARTESIANPOINT((3200.,3000.,0.));
#1642=IFCCARTESIANPOINT((3200.,0.,0.));
#1643=IFCCARTESIANPOINT((2899.999752872276,149.9998397986637,0.));
#1644=IFCCARTESIANPOINT((0.,0.,0.));
#1645=IFCCARTESIANPOINT((0.,0.,0.));
#1646=IFCCARTESIANPOINT((0.,3000.,0.));
#1648=IFCCARTESIANPOINT((2899.999752872276,2849.99965626756,0.));
#1647=IFCCARTESIANPOINT((0.,3000.,0.));
#1649=IFCCARTESIANPOINT((2849.999881275305,2849.99965626756,0.));
#1650=IFCCARTESIANPOINT((2849.999881275305,2999.999946081715,0.));
#1651=IFCCARTESIANPOINT((3000.000171089463,2999.999946081715,0.));
#1652=IFCCARTESIANPOINT((3000.000171089463,0.,0.));
#1657=IFCCARTESIANPOINT((3000.000250780901,2850.000000419096,0.));
#1656=IFCCARTESIANPOINT((3000.000250780901,3000.0002507809,0.));
#1655=IFCCARTESIANPOINT((0.,3000.0002507809,0.));
#1654=IFCCARTESIANPOINT((0.,2999.999946081715,0.));
#1658=IFCCARTESIANPOINT((2850.000226916962,2850.000000419096,0.));
#1659=IFCCARTESIANPOINT((2850.000226916962,2950.000167326966,0.));
#1661=IFCCARTESIANPOINT((150.0000238639379,2850.000000419096,0.));
#1660=IFCCARTESIANPOINT((150.0000238639379,2950.000167326966,0.));
#1662=IFCCARTESIANPOINT((50.00008345393425,2850.000000419096,0.));
#1663=IFCCARTESIANPOINT((50.00008345393425,150.000023863937,0.));
#1664=IFCCARTESIANPOINT((150.0000238639379,150.000023863937,0.));
#1665=IFCCARTESIANPOINT((150.0000238639379,100.0001669078685,0.));
#1666=IFCCARTESIANPOINT((2850.000226916962,100.0001669078685,0.));
#1673=IFCCARTESIANPOINT((3200.,3000.,0.));
#1672=IFCCARTESIANPOINT((0.,3000.,0.));
#1653=IFCCARTESIANPOINT((0.,0.,0.));
#1671=IFCCARTESIANPOINT((3000.000250780901,0.,0.));
#1670=IFCCARTESIANPOINT((150.0000988470687,3000.00006810082,0.));
#1669=IFCCARTESIANPOINT((0.,3000.00006810082,0.));
#1668=IFCCARTESIANPOINT((3000.000250780901,150.000023863937,0.));
#1667=IFCCARTESIANPOINT((2850.000226916962,150.000023863937,0.));
#1674=IFCCARTESIANPOINT((3200.,0.,0.));
#1676=IFCCARTESIANPOINT((0.,3000.,0.));
#1675=IFCCARTESIANPOINT((0.,0.,0.));
#1677=IFCCARTESIANPOINT((150.0000988470687,2849.999969253752,0.));
#1678=IFCCARTESIANPOINT((0.,3000.000037997997,0.));
#1680=IFCCARTESIANPOINT((3199.999992549413,0.,0.));
#1684=IFCCARTESIANPOINT((100.0000658980467,150.0000988470687,0.));
#1683=IFCCARTESIANPOINT((100.0000658980467,2849.999969253752,0.));
#1682=IFCCARTESIANPOINT((0.,3000.000037997997,0.));
#1681=IFCCARTESIANPOINT((0.,0.,0.));
#1685=IFCCARTESIANPOINT((150.0000988470687,150.0000988470687,0.));
#1687=IFCCARTESIANPOINT((3200.,3000.,0.));
#1686=IFCCARTESIANPOINT((0.,3000.,0.));
#1688=IFCCARTESIANPOINT((3200.,0.,0.));
#1679=IFCCARTESIANPOINT((3199.999992549413,3000.000037997997,0.));
#1691=IFCCARTESIANPOINT((0.,0.,0.));
#1690=IFCCARTESIANPOINT((0.,3000.,0.));
#1689=IFCCARTESIANPOINT((0.,0.,0.));
#1692=IFCCARTESIANPOINT((0.,3000.0002507809,0.));
#1693=IFCCARTESIANPOINT((150.0000988470687,100.0000658980458,0.));
#1694=IFCCARTESIANPOINT((0.,4000.,0.));
#1695=IFCCARTESIANPOINT((3200.,4000.,0.));
#1698=IFCCARTESIANPOINT((0.,4000.,0.));
#1696=IFCCARTESIANPOINT((3200.,0.,0.));
#1699=IFCCARTESIANPOINT((2849.999969253753,100.0000658980458,0.));
#1700=IFCCARTESIANPOINT((2849.999969253753,150.0000988470687,0.));
#1703=IFCCARTESIANPOINT((2849.999969253753,2849.999969253752,0.));
#1706=IFCCARTESIANPOINT((2999.999795409314,0.,0.));
#1707=IFCCARTESIANPOINT((0.,0.,0.));
#1705=IFCCARTESIANPOINT((2999.999795409314,3000.00006810082,0.));
#1704=IFCCARTESIANPOINT((2850.000514636767,3000.00006810082,0.));
#1702=IFCCARTESIANPOINT((2900.000002202775,2849.999969253752,0.));
#1697=IFCCARTESIANPOINT((0.,0.,0.));
#1708=IFCCARTESIANPOINT((0.,3000.00006810082,0.));
#1713=IFCCARTESIANPOINT((0.,4000.,0.));
#1712=IFCCARTESIANPOINT((0.,0.,0.));
#1711=IFCCARTESIANPOINT((3200.,0.,0.));
#1710=IFCCARTESIANPOINT((3200.,4000.,0.));
#1714=IFCCARTESIANPOINT((0.,149.9997804677076,0.));
#1727=IFCCARTESIANPOINT((2849.999907338159,0.,0.));
#1726=IFCCARTESIANPOINT((2899.99995237672,0.,0.));
#1728=IFCCARTESIANPOINT((2849.999907338159,50.00004503856204,0.));
#1725=IFCCARTESIANPOINT((2899.99995237672,-2700.000126870453,0.));
#1724=IFCCARTESIANPOINT((2849.999907338159,-2700.000126870453,0.));
#1723=IFCCARTESIANPOINT((2849.999907338159,-2850.000261986136,0.));
#1722=IFCCARTESIANPOINT((3150.000000245537,-2850.000261986136,0.));
#1721=IFCCARTESIANPOINT((3150.000000245537,-2700.000126870453,0.));
#1720=IFCCARTESIANPOINT((3099.999955206977,-2700.000126870453,0.));
#1719=IFCCARTESIANPOINT((3099.999955206977,0.,0.));
#1709=IFCCARTESIANPOINT((0.,4000.,0.));
#1718=IFCCARTESIANPOINT((3150.000000245537,0.,0.));
#1717=IFCCARTESIANPOINT((3150.000177569525,49.99986771457365,0.));
#1716=IFCCARTESIANPOINT((4000.000056605123,49.99951306659511,0.));
#1701=IFCCARTESIANPOINT((2900.000002202775,150.0000988470687,0.));
#1715=IFCCARTESIANPOINT((4000.000056605123,149.9997804677076,0.));
#1737=IFCCARTESIANPOINT((150.0000583380672,2850.000031813378,0.));
#1736=IFCCARTESIANPOINT((4000.000120201928,3000.000090151445,0.));
#1729=IFCCARTESIANPOINT((149.9997804677067,50.00004503856204,0.));
#1730=IFCCARTESIANPOINT((149.9997804677067,0.,0.));
#1735=IFCCARTESIANPOINT((3200.,0.,0.));
#1734=IFCCARTESIANPOINT((3200.,3000.,0.));
#1733=IFCCARTESIANPOINT((0.,3000.,0.));
#1743=IFCCARTESIANPOINT((2849.999878011965,150.0000583380672,0.));
#1742=IFCCARTESIANPOINT((2849.999878011965,49.99991691174621,0.));
#1741=IFCCARTESIANPOINT((150.0000583380672,49.99991691174621,0.));
#1740=IFCCARTESIANPOINT((150.0000583380672,150.0000583380672,0.));
#1738=IFCCARTESIANPOINT((99.99998762490669,2850.000031813378,0.));
#1732=IFCCARTESIANPOINT((0.,149.9997804677076,0.));
#1731=IFCCARTESIANPOINT((0.,0.,0.));
#1744=IFCCARTESIANPOINT((3149.999994688099,150.0000583380672,0.));
#1745=IFCCARTESIANPOINT((3149.999994688099,49.99991691174621,0.));
#1739=IFCCARTESIANPOINT((99.99998762490669,150.0000583380672,0.));
#1746=IFCCARTESIANPOINT((3950.000049488768,49.99991691174621,0.));
#1747=IFCCARTESIANPOINT((3950.000049488768,2900.000102526539,0.));
#1748=IFCCARTESIANPOINT((3149.999994688099,2900.000102526539,0.));
#1749=IFCCARTESIANPOINT((3149.999994688099,2850.000031813378,0.));
#1750=IFCCARTESIANPOINT((2849.999878011965,2850.000031813378,0.));
#1751=IFCCARTESIANPOINT((2849.999878011965,2900.000102526539,0.));
#1752=IFCCARTESIANPOINT((150.0000583380672,2900.000102526539,0.));
#1760=IFCCARTESIANPOINT((0.,1371.428278204618,0.));
#1761=IFCCARTESIANPOINT((3200.,1371.428278204618,0.));
#1759=IFCCARTESIANPOINT((0.,3000.,0.));
#1757=IFCCARTESIANPOINT((4000.000120201928,3000.000090151445,0.));
#1758=IFCCARTESIANPOINT((0.,0.,0.));
#1756=IFCCARTESIANPOINT((0.,3000.000090151445,0.));
#1755=IFCCARTESIANPOINT((0.,0.,0.));
#1753=IFCCARTESIANPOINT((150.0000583380672,2850.000031813378,0.));
#1762=IFCCARTESIANPOINT((3200.,0.,0.));
#1766=IFCCARTESIANPOINT((149.9999642371791,149.9999187885939,0.));
#1765=IFCCARTESIANPOINT((0.,149.9999642371792,0.));
#1764=IFCCARTESIANPOINT((0.,1371.428278204618,0.));
#1754=IFCCARTESIANPOINT((4000.000120201928,0.,0.));
#1767=IFCCARTESIANPOINT((149.9999642371791,99.99988526094938,0.));
#1768=IFCCARTESIANPOINT((1694.980252962354,99.99988526094938,0.));
#1771=IFCCARTESIANPOINT((0.,149.9999642371792,0.));
#1770=IFCCARTESIANPOINT((0.,0.,0.));
#1769=IFCCARTESIANPOINT((1694.980252962354,0.,0.));
#1787=IFCCARTESIANPOINT((3200.,0.,0.));
#1784=IFCCARTESIANPOINT((0.,1694.980494401654,0.));
#1783=IFCCARTESIANPOINT((1694.980487655866,1371.428259615788,0.));
#1781=IFCCARTESIANPOINT((49.99998968420915,49.99996442700727,0.));
#1782=IFCCARTESIANPOINT((0.,1371.428259615788,0.));
#1780=IFCCARTESIANPOINT((49.99998968420915,1321.428244674378,0.));
#1779=IFCCARTESIANPOINT((1594.980483030247,1321.428244674378,0.));
#1778=IFCCARTESIANPOINT((1594.980483030247,149.9999690526268,0.));
#1777=IFCCARTESIANPOINT((1544.980493346038,149.9999690526268,0.));
#1776=IFCCARTESIANPOINT((1544.980493346038,49.99996442700727,0.));
#1775=IFCCARTESIANPOINT((49.99998968420915,49.99996442700727,0.));
#1763=IFCCARTESIANPOINT((0.,0.,0.));
#1774=IFCCARTESIANPOINT((0.,0.,0.));
#1773=IFCCARTESIANPOINT((1694.980487655866,0.,0.));
#1772=IFCCARTESIANPOINT((1694.980487655866,1371.428259615788,0.));
#1789=IFCCARTESIANPOINT((0.,1371.428278204617,0.));
#1788=IFCCARTESIANPOINT((0.,0.,0.));
#1785=IFCCARTESIANPOINT((0.,1371.428278204617,0.));
#1791=IFCCARTESIANPOINT((3200.,0.,0.));
#1790=IFCCARTESIANPOINT((3200.,1694.980494401654,0.));
#1792=IFCCARTESIANPOINT((0.,3000.000000000001,0.));
#1794=IFCCARTESIANPOINT((3200.,0.,0.));
#1797=IFCCARTESIANPOINT((0.,150.0001350210276,0.));
#1796=IFCCARTESIANPOINT((0.,3000.000000000001,0.));
#1795=IFCCARTESIANPOINT((0.,0.,0.));
#1786=IFCCARTESIANPOINT((3200.,1371.428278204617,0.));
#1799=IFCCARTESIANPOINT((149.999603049062,0.,0.));
#1798=IFCCARTESIANPOINT((149.9997803730504,150.0001350210276,0.));
#1800=IFCCARTESIANPOINT((0.,0.,0.));
#1802=IFCCARTESIANPOINT((0.,4000.000000000001,0.));
#1793=IFCCARTESIANPOINT((3200.,3000.000000000001,0.));
#1801=IFCCARTESIANPOINT((0.,150.0001350210276,0.));
#1803=IFCCARTESIANPOINT((3200.,4000.000000000001,0.));
#1805=IFCCARTESIANPOINT((0.,0.,0.));
#1819=IFCCARTESIANPOINT((0.,1694.98050926257,0.));
#1818=IFCCARTESIANPOINT((0.,3000.,0.));
#1823=IFCCARTESIANPOINT((0.,1694.98050926257,0.));
#1822=IFCCARTESIANPOINT((0.,0.,0.));
#1817=IFCCARTESIANPOINT((0.,0.,0.));
#1816=IFCCARTESIANPOINT((3200.,0.,0.));
#1815=IFCCARTESIANPOINT((3200.,3000.,0.));
#1813=IFCCARTESIANPOINT((0.,1694.98050926257,0.));
#1814=IFCCARTESIANPOINT((0.,3000.,0.));
#1812=IFCCARTESIANPOINT((0.,0.,0.));
#1811=IFCCARTESIANPOINT((3200.,0.,0.));
#1820=IFCCARTESIANPOINT((3200.,1694.98050926257,0.));
#1806=IFCCARTESIANPOINT((0.,4000.000000000001,0.));
#1810=IFCCARTESIANPOINT((3200.,1694.98050926257,0.));
#1809=IFCCARTESIANPOINT((0.,1694.98050926257,0.));
#1808=IFCCARTESIANPOINT((0.,1694.980494401654,0.));
#1807=IFCCARTESIANPOINT((0.,0.,0.));
#1804=IFCCARTESIANPOINT((3200.,0.,0.));
#1825=IFCCARTESIANPOINT((3200.,3000.,0.));
#1824=IFCCARTESIANPOINT((0.,3000.,0.));
#1821=IFCCARTESIANPOINT((3200.,0.,0.));
#1826=IFCCARTESIANPOINT((3200.,0.,0.));
#1827=IFCCARTESIANPOINT((0.,0.,0.));
#1828=IFCCARTESIANPOINT((0.,3000.,0.));
#1829=IFCCARTESIANPOINT((0.,2305.019490737429,0.));
#1831=IFCCARTESIANPOINT((3200.,0.,0.));
#1832=IFCCARTESIANPOINT((0.,0.,0.));
#1830=IFCCARTESIANPOINT((3200.,2305.019490737429,0.));
#1833=IFCCARTESIANPOINT((0.,2305.019490737429,0.));
#1834=IFCCARTESIANPOINT((0.,4000.000000000002,0.));
#1835=IFCCARTESIANPOINT((3200.,4000.000000000002,0.));
#1836=IFCCARTESIANPOINT((3200.,0.,0.));
#1841=IFCCARTESIANPOINT((3200.,0.,0.));
#1840=IFCCARTESIANPOINT((3200.,3000.,0.));
#1839=IFCCARTESIANPOINT((0.,3000.,0.));
#1838=IFCCARTESIANPOINT((0.,4000.000000000002,0.));
#1843=IFCCARTESIANPOINT((0.,3000.,0.));
#1842=IFCCARTESIANPOINT((0.,0.,0.));
#1837=IFCCARTESIANPOINT((0.,0.,0.));
#1844=IFCCARTESIANPOINT((0.,4000.000029802351,0.));
#1845=IFCCARTESIANPOINT((3200.000044703527,4000.000029802351,0.));
#1847=IFCCARTESIANPOINT((0.,0.,0.));
#1846=IFCCARTESIANPOINT((3200.000044703527,0.,0.));
#1849=IFCCARTESIANPOINT((0.,2999.999970197649,0.));
#1848=IFCCARTESIANPOINT((0.,4000.000029802351,0.));
#1851=IFCCARTESIANPOINT((3200.000044703527,0.,0.));
#1850=IFCCARTESIANPOINT((3200.000044703527,2999.999970197649,0.));
#1852=IFCCARTESIANPOINT((0.,0.,0.));
#1854=IFCCARTESIANPOINT((0.,3000.000000000001,0.));
#1853=IFCCARTESIANPOINT((0.,2999.999970197649,0.));
#1855=IFCCARTESIANPOINT((3200.,3000.000000000001,0.));
#1856=IFCCARTESIANPOINT((3200.,0.,0.));
#1858=IFCCARTESIANPOINT((0.,3000.000000000001,0.));
#1857=IFCCARTESIANPOINT((0.,0.,0.));
#1859=IFCCARTESIANPOINT((0.,3000.,0.));
#1867=IFCCARTESIANPOINT((0.,0.,0.));
#1865=IFCCARTESIANPOINT((3200.,3000.,0.));
#1866=IFCCARTESIANPOINT((3200.,0.,0.));
#1864=IFCCARTESIANPOINT((0.,3000.,0.));
#1863=IFCCARTESIANPOINT((0.,3000.,0.));
#1862=IFCCARTESIANPOINT((0.,0.,0.));
#1860=IFCCARTESIANPOINT((3200.,3000.,0.));
#1861=IFCCARTESIANPOINT((3200.,0.,0.));
#1869=IFCCARTESIANPOINT((0.,3000.,0.));
#1874=IFCCARTESIANPOINT((0.,2000.000000000001,0.));
#1868=IFCCARTESIANPOINT((0.,3000.,0.));
#1873=IFCCARTESIANPOINT((0.,3000.,0.));
#1872=IFCCARTESIANPOINT((0.,0.,0.));
#1871=IFCCARTESIANPOINT((3200.,0.,0.));
#1870=IFCCARTESIANPOINT((3200.,3000.,0.));
#1875=IFCCARTESIANPOINT((3200.,2000.000000000001,0.));
#1880=IFCCARTESIANPOINT((6000.00938163137,3149.982030828208,0.));
#1876=IFCCARTESIANPOINT((3200.,0.,0.));
#1879=IFCCARTESIANPOINT((6000.000381326125,149.9822901809793,0.));
#1878=IFCCARTESIANPOINT((0.,2000.000000000001,0.));
#1877=IFCCARTESIANPOINT((0.,0.,0.));
#1881=IFCCARTESIANPOINT((8000.009433737268,3149.976030624035,0.));
#1883=IFCCARTESIANPOINT((6099.999900164757,-0.01807561420186232,0.));
#1882=IFCCARTESIANPOINT((8000.009133727836,3049.976286777649,0.));
#1884=IFCCARTESIANPOINT((6150.00914740701,3049.981836966323,0.));
#1885=IFCCARTESIANPOINT((6099.991799890508,-2700.017684691279,0.));
#1886=IFCCARTESIANPOINT((6150.008997402294,2999.981965043133,0.));
#1887=IFCCARTESIANPOINT((6100.008900471354,2999.982115048524,0.));
#1889=IFCCARTESIANPOINT((6150.00089712737,299.9821309583028,0.));
#1895=IFCCARTESIANPOINT((14849.9999874989,-0.04410149928624207,0.));
#1894=IFCCARTESIANPOINT((15000.00005328262,-0.04500153028352827,0.));
#1893=IFCCARTESIANPOINT((15000.00050329879,149.9552892625395,0.));
#1892=IFCCARTESIANPOINT((8000.000433432021,149.9762899768067,0.));
#1891=IFCCARTESIANPOINT((8000.000733442128,249.9762588309391,0.));
#1890=IFCCARTESIANPOINT((6150.000747121304,249.9818090196131,0.));
#1888=IFCCARTESIANPOINT((6100.00080019643,299.9822809636941,0.));
#1896=IFCCARTESIANPOINT((14850.00013750429,49.95599543165508,0.));
#1898=IFCCARTESIANPOINT((12149.99970339722,-0.03645123851026,0.));
#1899=IFCCARTESIANPOINT((12100.00005648313,-0.03585121897042853,0.));
#1897=IFCCARTESIANPOINT((12149.99985340396,49.9640957079297,0.));
#1901=IFCCARTESIANPOINT((11899.99456858484,-1850.035687535079,0.));
#1900=IFCCARTESIANPOINT((12099.99450629311,-1850.036287555294,0.));
#1902=IFCCARTESIANPOINT((6149.991896821448,-2700.01783469667,0.));
#1903=IFCCARTESIANPOINT((6149.991746816057,-2750.017931627611,0.));
#1905=IFCCARTESIANPOINT((8849.991955914025,-2700.02593497227,0.));
#1904=IFCCARTESIANPOINT((8849.991805908634,-2750.02603190321,0.));
#1906=IFCCARTESIANPOINT((8899.991827837217,-2700.026084976986,0.));
#1907=IFCCARTESIANPOINT((8899.999928112144,-0.02625089215957388,0.));
#1909=IFCCARTESIANPOINT((8850.000206194341,49.97399604349795,0.));
#1908=IFCCARTESIANPOINT((8850.00005618895,-0.02610088744336991,0.));
#1910=IFCCARTESIANPOINT((11900.00011877486,-0.03525119875558147,0.));
#1911=IFCCARTESIANPOINT((11850.00002184393,-0.0351011933643619,0.));
#1912=IFCCARTESIANPOINT((11850.00017184932,49.96499573757696,0.));
#1913=IFCCARTESIANPOINT((9150.000112756739,49.97309601317657,0.));
#1914=IFCCARTESIANPOINT((9149.999962751348,-0.02700091776475233,0.));
#1915=IFCCARTESIANPOINT((9100.000090827481,-0.02707592079875809,0.));
#1916=IFCCARTESIANPOINT((9099.994540638132,-1850.027287249372,0.));
#1917=IFCCARTESIANPOINT((8999.994571784,-1850.026987239265,0.));
#1918=IFCCARTESIANPOINT((8999.982571377681,-5850.026416427815,0.));
#1919=IFCCARTESIANPOINT((6150.000147101764,49.98209631909756,0.));
#1920=IFCCARTESIANPOINT((6149.999997096373,-0.01800061184376034,0.));
#1923=IFCCARTESIANPOINT((0.,3000.,0.));
#1921=IFCCARTESIANPOINT((8849.982505592605,-5850.025966412317,0.));
#1928=IFCCARTESIANPOINT((0.,6000.,0.));
#1927=IFCCARTESIANPOINT((0.,3000.,0.));
#1926=IFCCARTESIANPOINT((0.,0.,0.));
#1925=IFCCARTESIANPOINT((3200.,0.,0.));
#1924=IFCCARTESIANPOINT((3200.,3000.,0.));
#1929=IFCCARTESIANPOINT((3200.,6000.,0.));
#1930=IFCCARTESIANPOINT((3200.,0.,0.));
#1931=IFCCARTESIANPOINT((0.,0.,0.));
#1932=IFCCARTESIANPOINT((0.,6000.,0.));
#1933=IFCCARTESIANPOINT((8849.982955606754,-5700.026350642742,0.));
#1934=IFCCARTESIANPOINT((8899.982827529946,-5700.026500647458,0.));
#1922=IFCCARTESIANPOINT((6099.999900164757,-0.01807561420186232,0.));
#1935=IFCCARTESIANPOINT((8899.990927806222,-3000.026216547132,0.));
#1936=IFCCARTESIANPOINT((8849.991055883029,-3000.026066542416,0.));
#1937=IFCCARTESIANPOINT((8849.99120588842,-2950.025969611476,0.));
#1938=IFCCARTESIANPOINT((6149.991146795842,-2950.017869335876,0.));
#1939=IFCCARTESIANPOINT((6149.99099679045,-3000.017966266817,0.));
#1940=IFCCARTESIANPOINT((6099.99089985951,-3000.017816261425,0.));
#1941=IFCCARTESIANPOINT((6099.982799583236,-5700.018100361751,0.));
#1942=IFCCARTESIANPOINT((6149.982896514176,-5700.018250367142,0.));
#1943=IFCCARTESIANPOINT((6149.982446500027,-5850.017866136717,0.));
#1944=IFCCARTESIANPOINT((5999.982380714956,-5850.017416121219,0.));
#1947=IFCCARTESIANPOINT((5899.999962456492,-0.01747559398701526,0.));
#1946=IFCCARTESIANPOINT((5899.994412267142,-1850.017686922561,0.));
#1949=IFCCARTESIANPOINT((5850.000240539367,49.98299634941983,0.));
#1948=IFCCARTESIANPOINT((5850.000090533976,-0.01710058152148974,0.));
#1958=IFCCARTESIANPOINT((2899.982896220671,-5700.008275027866,0.));
#1957=IFCCARTESIANPOINT((2849.983024296129,-5700.008575038647,0.));
#1956=IFCCARTESIANPOINT((2849.982574282656,-5850.007965800474,0.));
#1955=IFCCARTESIANPOINT((2999.98241505998,-5850.008415815298,0.));
#1945=IFCCARTESIANPOINT((5999.994381121277,-1850.017986932668,0.));
#1954=IFCCARTESIANPOINT((2999.9944154663,-1850.008986626746,0.));
#1953=IFCCARTESIANPOINT((3099.994384320433,-1850.009286636854,0.));
#1952=IFCCARTESIANPOINT((3099.999934510457,-0.008850300530660604,0.));
#1951=IFCCARTESIANPOINT((3150.000031440723,-0.009225313671201718,0.));
#1950=IFCCARTESIANPOINT((3150.000181446789,49.99109662501944,0.));
#1959=IFCCARTESIANPOINT((2899.99099649627,-3000.008215935289,0.));
#1960=IFCCARTESIANPOINT((2849.991124573079,-3000.008065930573,0.));
#1961=IFCCARTESIANPOINT((2849.99127457847,-2950.007968999632,0.));
#1962=IFCCARTESIANPOINT((149.9912154858931,-2949.999868724033,0.));
#1963=IFCCARTESIANPOINT((149.9910654805019,-2999.999965654973,0.));
#1964=IFCCARTESIANPOINT((-0.00900030457156366,-2999.999515639474,0.));
#1965=IFCCARTESIANPOINT((-0.008100273574370334,-2699.999384069328,0.));
#1966=IFCCARTESIANPOINT((149.991965511499,-2699.999834084826,0.));
#1967=IFCCARTESIANPOINT((149.9918155061078,-2749.999931015767,0.));
#1968=IFCCARTESIANPOINT((2849.991874598685,-2750.008031291367,0.));
#1969=IFCCARTESIANPOINT((2849.992024604077,-2700.007934360426,0.));
#1970=IFCCARTESIANPOINT((2899.991896527268,-2700.008084365142,0.));
#1971=IFCCARTESIANPOINT((2899.999996800841,-0.008700295814456638,0.));
#1972=IFCCARTESIANPOINT((2850.000124877651,-0.008550291098252671,0.));
#1973=IFCCARTESIANPOINT((2850.000274884392,49.99199665534171,0.));
#1974=IFCCARTESIANPOINT((150.0002157918147,50.00009693094132,0.));
#1985=IFCCARTESIANPOINT((0.,6000.000048566068,0.));
#1982=IFCCARTESIANPOINT((1014.721836717151,-1665.184552561478,0.));
#1983=IFCCARTESIANPOINT((0.,0.,0.));
#1984=IFCCARTESIANPOINT((-26.01850863377297,42.69703980926831,0.));
#1991=IFCCARTESIANPOINT((-1950.000015783972,-1038.000017342634,0.));
#1990=IFCCARTESIANPOINT((-1950.000015783972,-1050.000008499061,0.));
#1989=IFCCARTESIANPOINT((-5000.000040471723,-1050.00000849906,0.));
#1988=IFCCARTESIANPOINT((-5000.000040471723,-1000.000008094345,0.));
#1987=IFCCARTESIANPOINT((-2000.000016188689,-1000.000008094343,0.));
#1986=IFCCARTESIANPOINT((-2000.000016188689,6000.00004856607,0.));
#1981=IFCCARTESIANPOINT((3747.332384510347,0.,0.));
#1980=IFCCARTESIANPOINT((2706.592039159422,1707.881592370747,0.));
#1979=IFCCARTESIANPOINT((-26.01850863377297,42.69703980926831,0.));
#1978=IFCCARTESIANPOINT((6000.000381326125,149.9822901809793,0.));
#1977=IFCCARTESIANPOINT((0.0004500161736428667,150.0002907928231,0.));
#1976=IFCCARTESIANPOINT((0.,0.,0.));
#1993=IFCCARTESIANPOINT((-1850.000014974538,-150.0000012141509,0.));
#1992=IFCCARTESIANPOINT((-1950.000015783972,-150.0000012141509,0.));
#1994=IFCCARTESIANPOINT((-1850.000014974537,150.0000012141509,0.));
#1995=IFCCARTESIANPOINT((-1950.000015783972,150.0000012141509,0.));
#1975=IFCCARTESIANPOINT((150.0000657864235,0.,0.));
#1996=IFCCARTESIANPOINT((-1950.000015783972,2850.000023068882,0.));
#1997=IFCCARTESIANPOINT((-1850.000014974537,2850.000023068882,0.));
#2006=IFCCARTESIANPOINT((-50.00000040471786,-38.00000924829128,0.));
#2005=IFCCARTESIANPOINT((-50.00000040471697,3038.000033531324,0.));
#2004=IFCCARTESIANPOINT((-50.00000040471697,3049.999801170118,0.));
#2003=IFCCARTESIANPOINT((-50.00000040471697,5899.999824239002,0.));
#2002=IFCCARTESIANPOINT((-1850.000014974537,5899.999824239002,0.));
#2001=IFCCARTESIANPOINT((-1850.000014974537,5850.000047351918,0.));
#2000=IFCCARTESIANPOINT((-1950.000015783972,5850.000047351918,0.));
#1998=IFCCARTESIANPOINT((-1850.000014974537,3150.000025497187,0.));
#2007=IFCCARTESIANPOINT((-50.00000040471786,-50.00000040471697,0.));
#2011=IFCCARTESIANPOINT((1150.000009308497,-50.00000040471519,0.));
#2010=IFCCARTESIANPOINT((1150.000009308497,-150.0000012141491,0.));
#2009=IFCCARTESIANPOINT((850.0000068801934,-150.0000012141509,0.));
#2008=IFCCARTESIANPOINT((850.0000068801934,-50.00000040471697,0.));
#2012=IFCCARTESIANPOINT((3850.000031163228,-50.00000040471697,0.));
#2014=IFCCARTESIANPOINT((3900.000031567945,-150.0000012141509,0.));
#2013=IFCCARTESIANPOINT((3850.000031163228,-150.0000012141509,0.));
#2016=IFCCARTESIANPOINT((0.,4000.000000000001,0.));
#2015=IFCCARTESIANPOINT((3900.000031567944,-2850.000023068882,0.));
#2017=IFCCARTESIANPOINT((0.,150.0000034032769,0.));
#1999=IFCCARTESIANPOINT((-1950.000015783972,3150.000025497187,0.));
#2018=IFCCARTESIANPOINT((149.9998275694101,150.0000034032769,0.));
#2020=IFCCARTESIANPOINT((0.,0.,0.));
#2019=IFCCARTESIANPOINT((149.9998275694101,0.,0.));
#2021=IFCCARTESIANPOINT((0.,150.0000034032769,0.));
#2023=IFCCARTESIANPOINT((3200.,0.,0.));
#2026=IFCCARTESIANPOINT((0.,2305.019490737429,0.));
#2025=IFCCARTESIANPOINT((0.,4000.000000000001,0.));
#2024=IFCCARTESIANPOINT((0.,0.,0.));
#2027=IFCCARTESIANPOINT((3200.,2305.019490737429,0.));
#2028=IFCCARTESIANPOINT((3200.,0.,0.));
#2029=IFCCARTESIANPOINT((0.,0.,0.));
#2038=IFCCARTESIANPOINT((850.0000068801929,-2850.000023068881,0.));
#2037=IFCCARTESIANPOINT((1150.000009308497,-2850.000023068882,0.));
#2036=IFCCARTESIANPOINT((0.,2305.019490737429,0.));
#2035=IFCCARTESIANPOINT((1150.000009308497,-2950.000023878317,0.));
#2034=IFCCARTESIANPOINT((3200.,0.,0.));
#2033=IFCCARTESIANPOINT((3850.000031163227,-2950.000023878317,0.));
#2032=IFCCARTESIANPOINT((3850.000031163227,-2850.000023068882,0.));
#2031=IFCCARTESIANPOINT((3200.,1371.428278204618,0.));
#2030=IFCCARTESIANPOINT((0.,1371.428278204618,0.));
#2039=IFCCARTESIANPOINT((0.,1628.571721795382,0.));
#2042=IFCCARTESIANPOINT((0.,0.,0.));
#2041=IFCCARTESIANPOINT((3200.,1628.571721795382,0.));
#2040=IFCCARTESIANPOINT((850.0000068801929,-2950.000023878316,0.));
#2043=IFCCARTESIANPOINT((0.,1371.428278204618,0.));
#2022=IFCCARTESIANPOINT((3200.,4000.000000000001,0.));
#2047=IFCCARTESIANPOINT((850.0000068801925,-6049.999825453153,0.));
#2046=IFCCARTESIANPOINT((-50.00000040471875,-6049.999825453153,0.));
#2045=IFCCARTESIANPOINT((-50.00000040471786,-2962.000015034742,0.));
#2048=IFCCARTESIANPOINT((850.0000068801925,-6150.000049780221,0.));
#2049=IFCCARTESIANPOINT((1150.000009308496,-6150.000049780221,0.));
#2056=IFCCARTESIANPOINT((3900.000031567944,-8850.00007163495,0.));
#2057=IFCCARTESIANPOINT((0.,1628.571721795382,0.));
#2058=IFCCARTESIANPOINT((3850.000031163226,-8850.00007163495,0.));
#2055=IFCCARTESIANPOINT((3900.000031567944,-6150.000049780221,0.));
#2044=IFCCARTESIANPOINT((-50.00000040471786,-2950.000023878316,0.));
#2054=IFCCARTESIANPOINT((0.,0.,0.));
#2052=IFCCARTESIANPOINT((3850.000031163227,-6150.000049780221,0.));
#2059=IFCCARTESIANPOINT((3850.000031163226,-8899.999848522035,0.));
#2053=IFCCARTESIANPOINT((3200.,0.,0.));
#2072=IFCCARTESIANPOINT((-1850.000014974538,-3150.000025497184,0.));
#2074=IFCCARTESIANPOINT((-2150.000017402841,-2850.000023068881,0.));
#2071=IFCCARTESIANPOINT((-1950.000015783972,-3150.000025497184,0.));
#2070=IFCCARTESIANPOINT((-1950.000015783972,-5850.000047351918,0.));
#2076=IFCCARTESIANPOINT((-4850.00003925757,-2950.000023878316,0.));
#2069=IFCCARTESIANPOINT((-1850.000014974538,-5850.000047351918,0.));
#2067=IFCCARTESIANPOINT((-1950.000015783973,-6150.000049780221,0.));
#2068=IFCCARTESIANPOINT((-1850.000014974539,-6150.000049780221,0.));
#2078=IFCCARTESIANPOINT((-5000.000040471723,-2850.00002306888,0.));
#2077=IFCCARTESIANPOINT((-4850.00003925757,-2850.000023068881,0.));
#2066=IFCCARTESIANPOINT((-1950.000015783973,-8850.00007163495,0.));
#2065=IFCCARTESIANPOINT((-1850.000014974539,-8850.00007163495,0.));
#2064=IFCCARTESIANPOINT((-1850.000014974539,-8899.999848522035,0.));
#2063=IFCCARTESIANPOINT((850.000006880192,-8899.999848522035,0.));
#2062=IFCCARTESIANPOINT((850.000006880192,-8850.00007163495,0.));
#2060=IFCCARTESIANPOINT((1150.000009308496,-8899.999848522035,0.));
#2061=IFCCARTESIANPOINT((1150.000009308496,-8850.00007163495,0.));
#2051=IFCCARTESIANPOINT((3850.000031163227,-6049.999825453153,0.));
#2050=IFCCARTESIANPOINT((1150.000009308496,-6049.999825453153,0.));
#2073=IFCCARTESIANPOINT((-1850.000014974538,-2850.000023068881,0.));
#2083=IFCCARTESIANPOINT((4000.000032377378,-6000.000048566068,0.));
#2084=IFCCARTESIANPOINT((0.,-6000.000048566068,0.));
#2082=IFCCARTESIANPOINT((4000.000032377378,-9000.000072849103,0.));
#2079=IFCCARTESIANPOINT((-5000.000040471725,-3000.000024283032,0.));
#2081=IFCCARTESIANPOINT((-2000.00001618869,-9000.000072849103,0.));
#2080=IFCCARTESIANPOINT((-2000.000016188689,-3000.000024283033,0.));
#2075=IFCCARTESIANPOINT((-2150.000017402841,-2950.000023878316,0.));
#2085=IFCCARTESIANPOINT((0.,-3000.000024283033,0.));
#2086=IFCCARTESIANPOINT((4000.000032377379,-3000.000024283034,0.));
#2087=IFCCARTESIANPOINT((4000.000032377379,0.,0.));
#2088=IFCCARTESIANPOINT((0.,0.,0.));
#2089=IFCCARTESIANPOINT((0.,6000.000048566068,0.));
#2090=IFCCARTESIANPOINT((0.,1694.980494401654,0.));
#2091=IFCCARTESIANPOINT((3200.,1694.980494401654,0.));
#2092=IFCCARTESIANPOINT((3200.,0.,0.));
#2093=IFCCARTESIANPOINT((-2305.019634392462,1371.428322009423,0.));
#2094=IFCCARTESIANPOINT((0.,0.,0.));
#2095=IFCCARTESIANPOINT((0.,1694.980494401654,0.));
#2096=IFCCARTESIANPOINT((0.,100.0002045804615,0.));
#2097=IFCCARTESIANPOINT((850.0000811781532,99.99993933953864,0.));
#2107=IFCCARTESIANPOINT((0.,4000.000000000002,0.));
#2105=IFCCARTESIANPOINT((2305.01961548851,2999.99990425215,0.));
#2111=IFCCARTESIANPOINT((0.,0.,0.));
#2110=IFCCARTESIANPOINT((1150.000164437691,2899.99983229215,0.));
#2109=IFCCARTESIANPOINT((3200.,0.,0.));
#2106=IFCCARTESIANPOINT((2305.01961548851,2899.999832292151,0.));
#2104=IFCCARTESIANPOINT((0.,2999.999904252149,0.));
#2103=IFCCARTESIANPOINT((0.,2899.99983229215,0.));
#2102=IFCCARTESIANPOINT((850.0000811781528,2899.99983229215,0.));
#2101=IFCCARTESIANPOINT((850.0000811781528,2849.999928932611,0.));
#2100=IFCCARTESIANPOINT((899.9999845376911,2849.999928932611,0.));
#2098=IFCCARTESIANPOINT((850.0000811781532,149.9998426990766,0.));
#2099=IFCCARTESIANPOINT((899.9999845376916,149.9998426990766,0.));
#2116=IFCCARTESIANPOINT((1694.980408029094,0.,0.));
#2115=IFCCARTESIANPOINT((1100.000128457691,2849.999928932611,0.));
#2108=IFCCARTESIANPOINT((3200.,4000.000000000002,0.));
#2114=IFCCARTESIANPOINT((1694.980408029094,-1628.571709806744,0.));
#2113=IFCCARTESIANPOINT((-2305.019634392463,-1628.571709806744,0.));
#2112=IFCCARTESIANPOINT((1150.000164437691,2849.999928932611,0.));
#2118=IFCCARTESIANPOINT((1150.000164437691,149.9998426990762,0.));
#2117=IFCCARTESIANPOINT((1100.000128457691,149.9998426990762,0.));
#2119=IFCCARTESIANPOINT((1150.000164437691,99.99993933953823,0.));
#2120=IFCCARTESIANPOINT((3849.999985430303,99.99993933953853,0.));
#2121=IFCCARTESIANPOINT((3849.999985430303,149.9998426990765,0.));
#2136=IFCCARTESIANPOINT((0.,4000.000000000002,0.));
#2135=IFCCARTESIANPOINT((3200.,4000.,0.));
#2134=IFCCARTESIANPOINT((0.,4000.,0.));
#2133=IFCCARTESIANPOINT((0.,3000.,0.));
#2138=IFCCARTESIANPOINT((0.,0.,0.));
#2142=IFCCARTESIANPOINT((3200.,0.,0.));
#2141=IFCCARTESIANPOINT((3200.,3000.,0.));
#2140=IFCCARTESIANPOINT((0.,3000.,0.));
#2130=IFCCARTESIANPOINT((3200.,3000.,0.));
#2131=IFCCARTESIANPOINT((3200.,0.,0.));
#2132=IFCCARTESIANPOINT((0.,0.,0.));
#2129=IFCCARTESIANPOINT((0.,3000.,0.));
#2128=IFCCARTESIANPOINT((-2305.019634392462,1371.428322009423,0.));
#2143=IFCCARTESIANPOINT((0.,0.,0.));
#2127=IFCCARTESIANPOINT((0.,1371.428322009423,0.));
#2125=IFCCARTESIANPOINT((0.,100.0002045804615,0.));
#2126=IFCCARTESIANPOINT((0.,0.,0.));
#2124=IFCCARTESIANPOINT((0.,0.,0.));
#2123=IFCCARTESIANPOINT((4000.000093370303,0.,0.));
#2122=IFCCARTESIANPOINT((4000.000093370303,149.9998426990765,0.));
#2144=IFCCARTESIANPOINT((0.,3000.,0.));
#2152=IFCCARTESIANPOINT((850.0004565578943,99.99978855941904,0.));
#2151=IFCCARTESIANPOINT((0.,99.99978855941904,0.));
#2150=IFCCARTESIANPOINT((3000.000004590381,4000.000187950322,0.));
#2149=IFCCARTESIANPOINT((0.,4000.000187950322,0.));
#2139=IFCCARTESIANPOINT((0.,4000.,0.));
#2148=IFCCARTESIANPOINT((0.,0.,0.));
#2147=IFCCARTESIANPOINT((3000.000004590381,0.,0.));
#2146=IFCCARTESIANPOINT((3000.000004590381,4000.000187950322,0.));
#2137=IFCCARTESIANPOINT((3200.,0.,0.));
#2145=IFCCARTESIANPOINT((50.00010735609628,2850.000009815757,0.));
#2159=IFCCARTESIANPOINT((0.,2899.999998566866,0.));
#2158=IFCCARTESIANPOINT((850.0004565578943,2899.999998566866,0.));
#2157=IFCCARTESIANPOINT((850.0004565578943,2849.999833830818,0.));
#2156=IFCCARTESIANPOINT((900.0002606854918,2849.999833830818,0.));
#2155=IFCCARTESIANPOINT((0.,3000.,0.));
#2154=IFCCARTESIANPOINT((900.0002606854918,149.9999532954668,0.));
#2153=IFCCARTESIANPOINT((850.0004565578943,149.9999532954668,0.));
#2161=IFCCARTESIANPOINT((4000.00037728388,3000.000147734738,0.));
#2162=IFCCARTESIANPOINT((4000.00037728388,2850.000194439268,0.));
#2160=IFCCARTESIANPOINT((0.,3000.000147734738,0.));
#2173=IFCCARTESIANPOINT((1150.000182844608,149.9999532954668,0.));
#2171=IFCCARTESIANPOINT((1100.00037871701,2849.999833830818,0.));
#2170=IFCCARTESIANPOINT((1150.000182844608,2849.999833830818,0.));
#2169=IFCCARTESIANPOINT((0.,3000.,0.));
#2168=IFCCARTESIANPOINT((0.,0.,0.));
#2167=IFCCARTESIANPOINT((3200.,0.,0.));
#2165=IFCCARTESIANPOINT((1150.000182844608,2899.999998566866,0.));
#2166=IFCCARTESIANPOINT((3200.,3000.,0.));
#2164=IFCCARTESIANPOINT((3850.00042398841,2899.999998566866,0.));
#2172=IFCCARTESIANPOINT((1100.00037871701,149.9999532954668,0.));
#2163=IFCCARTESIANPOINT((3850.00042398841,2849.999833830818,0.));
#2174=IFCCARTESIANPOINT((1150.000182844608,99.99978855941904,0.));
#2175=IFCCARTESIANPOINT((3850.00042398841,99.99978855941904,0.));
#2178=IFCCARTESIANPOINT((50.00010735609628,150.0001038725123,0.));
#2176=IFCCARTESIANPOINT((3850.00042398841,149.9999532954668,0.));
#2179=IFCCARTESIANPOINT((150.0001038725127,150.0001038725123,0.));
#2180=IFCCARTESIANPOINT((150.0001038725127,99.99999651641645,0.));
#2181=IFCCARTESIANPOINT((2850.000009815757,99.99999651641645,0.));
#2177=IFCCARTESIANPOINT((4000.00037728388,149.9999532954668,0.));
#2182=IFCCARTESIANPOINT((2850.000009815757,150.0001038725123,0.));
#2183=IFCCARTESIANPOINT((2950.000006332173,150.0001038725123,0.));
#2184=IFCCARTESIANPOINT((2950.000006332173,2850.000009815757,0.));
#2185=IFCCARTESIANPOINT((2850.000009815757,2850.000009815757,0.));
#2186=IFCCARTESIANPOINT((2850.000009815757,3149.999999365007,0.));
#2187=IFCCARTESIANPOINT((2950.000006332173,3149.999999365007,0.));
#2188=IFCCARTESIANPOINT((2950.000006332173,3949.999971496339,0.));
#2189=IFCCARTESIANPOINT((50.00010735609628,3949.999971496339,0.));
#2190=IFCCARTESIANPOINT((50.00010735609628,3149.999999365007,0.));
#2195=IFCCARTESIANPOINT((0.,0.,0.));
#2194=IFCCARTESIANPOINT((4000.00037728388,0.,0.));
#2193=IFCCARTESIANPOINT((50.00010735609628,2850.000009815757,0.));
#2192=IFCCARTESIANPOINT((150.0001038725127,2850.000009815757,0.));
#2196=IFCCARTESIANPOINT((0.,99.99978855941904,0.));
#2197=IFCCARTESIANPOINT((-1155.019562591563,1321.428321479154,0.));
#2198=IFCCARTESIANPOINT((-50.00006013497149,1321.428321479154,0.));
#2200=IFCCARTESIANPOINT((49.99994092556715,-103.6500142122838,0.));
#2199=IFCCARTESIANPOINT((-50.00006013497149,-103.6500142122838,0.));
#2201=IFCCARTESIANPOINT((49.99994092556715,-49.99994092556737,0.));
#2202=IFCCARTESIANPOINT((1594.980406968555,-49.99994092556737,0.));
#2203=IFCCARTESIANPOINT((1594.980406968555,-1478.571648611234,0.));
#2191=IFCCARTESIANPOINT((150.0001038725127,3149.999999365007,0.));
#2204=IFCCARTESIANPOINT((1544.980406438286,-1478.571648611234,0.));
#2206=IFCCARTESIANPOINT((-1155.019562591563,-1578.571649671773,0.));
#2207=IFCCARTESIANPOINT((-1155.019562591563,-1478.571648611234,0.));
#2205=IFCCARTESIANPOINT((1544.980406438286,-1578.571649671773,0.));
#2215=IFCCARTESIANPOINT((-1155.019562591563,1321.428321479154,0.));
#2214=IFCCARTESIANPOINT((-1155.019562591563,1221.428320418615,0.));
#2213=IFCCARTESIANPOINT((-1455.01956577318,1221.428320418615,0.));
#2212=IFCCARTESIANPOINT((-1455.01956577318,1321.428321479154,0.));
#2211=IFCCARTESIANPOINT((-2255.019574257491,1321.428321479154,0.));
#2210=IFCCARTESIANPOINT((-2255.019574257491,-1578.571649671772,0.));
#2209=IFCCARTESIANPOINT((-1455.01956577318,-1578.571649671772,0.));
#2208=IFCCARTESIANPOINT((-1455.01956577318,-1478.571648611233,0.));
ENDSEC;
END-ISO-10303-21;
